line,P0_rows,P0_sameday,P0_wd,P0_cover,P0_compliance,P2_rows,P2_sameday,P2_wd,P2_cover,P2_compliance,dropped_stores,dropped_rows
000338545,121,81.8,81.8,81.8,81.8,52.0,36.5,73.1,73.1,42.3,95,69
000339039,131,98.5,98.5,99.2,99.2,49.0,51.0,100.0,100.0,55.6,107,82
000340007,133,95.5,95.4,95.4,95.4,56.0,44.6,89.3,89.3,44.6,102,77
000340101,103,96.1,96.1,96.1,96.1,12.0,50.0,100.0,100.0,50.0,97,91
000340501,162,59.3,59.3,61.7,61.7,111.0,28.8,58.2,58.2,28.8,107,51
000340591,121,100.0,100.0,100.0,100.0,49.0,51.0,100.0,100.0,53.5,87,72
000341803,65,95.4,95.4,95.4,95.4,14.0,57.1,100.0,100.0,62.5,57,51
000341860,132,88.6,88.2,89.0,89.0,60.0,48.3,96.7,100.0,51.7,97,72
000343720,20,100.0,100.0,100.0,100.0,,,,,,20,20
000343775,97,81.4,81.4,81.4,81.4,11.0,36.4,66.7,66.7,41.7,91,86
000412000,127,27.6,29.8,34.7,33.9,22.0,4.5,9.1,9.1,4.5,110,105
000423268,76,88.2,88.2,92.1,92.1,39.0,48.7,81.8,86.4,59.1,54,37
000425319,72,100.0,100.0,100.0,100.0,39.0,71.8,100.0,100.0,80.4,44,33
000444100,121,23.1,24.0,28.1,28.1,53.0,0.0,0.0,0.0,0.0,95,68
000448996,39,100.0,100.0,100.0,100.0,24.0,50.0,100.0,100.0,54.2,27,15
000474825,122,94.3,94.3,94.3,94.3,58.0,48.3,96.6,96.6,50.0,93,64
000478015,114,2.6,8.9,27.7,27.7,30.0,0.0,0.0,0.0,0.0,97,84
000479151,127,100.0,100.0,100.0,100.0,46.0,50.0,100.0,100.0,50.0,103,81
000495972,125,22.4,27.2,50.4,50.4,14.0,0.0,0.0,0.0,0.0,118,111
000504766,142,14.8,18.3,35.2,35.2,54.0,0.0,0.0,25.9,13.0,115,88
000532987,110,100.0,100.0,100.0,100.0,46.0,50.0,100.0,100.0,50.0,87,64
000544784,128,26.6,29.1,39.4,39.0,61.0,3.3,6.7,10.0,5.0,97,67
000545650,131,3.8,6.9,29.0,29.0,62.0,1.6,3.2,3.2,1.6,100,69
000601353,115,97.4,97.4,97.4,97.4,38.0,50.0,100.0,100.0,50.0,96,77
000601363,104,1.9,3.8,29.8,29.8,100.0,0.0,0.0,0.0,0.0,54,4
000604272,67,29.9,29.9,38.8,38.8,12.0,8.3,12.5,37.5,37.5,59,55
000608772,90,71.1,69.0,69.0,69.0,32.0,46.9,82.4,82.4,50.0,67,58
000611030,31,100.0,100.0,100.0,100.0,8.0,50.0,66.7,100.0,50.0,27,23
000621190,139,12.2,15.4,24.4,24.4,54.0,0.0,0.0,0.0,0.0,108,85
000643531,122,3.3,8.3,26.4,26.4,48.0,0.0,0.0,4.2,2.1,97,74
000644322,121,94.2,94.2,95.0,95.0,42.0,42.9,85.7,90.5,45.2,100,79
000644405,119,51.3,51.7,64.4,64.0,50.0,4.0,8.0,8.0,4.0,93,69
000645986,116,8.6,8.6,19.0,19.0,6.0,16.7,33.3,33.3,16.7,113,110
000648339,132,6.8,7.6,12.9,12.9,54.0,0.0,0.0,0.0,0.0,105,78
000649981,79,98.7,98.7,98.7,98.7,21.0,47.6,90.9,90.9,45.5,68,58
000650808,25,96.0,96.0,96.0,96.0,6.0,50.0,100.0,100.0,50.0,22,19
000651389,109,67.9,71.2,74.0,72.6,6.0,16.7,33.3,33.3,16.7,101,103
000652136,109,94.5,94.5,94.5,94.5,38.0,50.0,100.0,100.0,50.0,90,71
000653294,20,100.0,100.0,100.0,100.0,,,,,,20,20
000656726,130,8.5,10.0,17.7,17.7,38.0,0.0,0.0,5.3,2.6,111,92
000657892,87,93.1,93.1,93.1,93.1,26.0,50.0,100.0,100.0,61.5,74,61
000658193,50,98.0,98.0,98.0,98.0,13.0,61.5,100.0,100.0,75.0,42,37
000658550,11,100.0,100.0,100.0,100.0,,,,,,11,11
000661437,101,92.1,93.1,93.1,93.1,62.0,46.8,93.5,93.5,46.8,70,39
000663253,41,90.2,90.2,90.2,90.2,2.0,100.0,100.0,100.0,100.0,39,39
000664988,135,3.7,4.5,11.3,11.3,2.0,0.0,0.0,0.0,0.0,132,133
000666131,134,97.0,97.0,97.0,97.0,34.0,50.0,100.0,100.0,50.0,117,100
000667049,125,7.2,11.2,27.2,27.2,59.0,0.0,0.0,3.4,1.7,96,66
000667325,128,10.2,10.9,32.0,32.0,48.0,8.3,16.7,33.3,16.7,104,80
000669395,11,100.0,100.0,100.0,100.0,4.0,100.0,100.0,100.0,100.0,7,7
000669401,10,100.0,100.0,100.0,100.0,2.0,100.0,100.0,100.0,100.0,8,8
000672773,92,73.9,73.9,77.2,77.2,22.0,40.9,81.8,81.8,40.9,81,70
000675049,95,46.3,46.3,46.3,46.3,22.0,27.3,54.5,54.5,31.8,84,73
000676068,49,0.0,0.0,8.2,8.2,,,,,,49,49
000676593,5,60.0,60.0,100.0,100.0,1.0,0.0,0.0,100.0,100.0,4,4
000676638,89,39.3,40.4,50.6,50.6,20.0,20.0,40.0,70.0,45.0,79,69
000677137,92,31.5,34.8,46.7,46.7,8.0,0.0,0.0,25.0,12.5,88,84
000677953,136,25.0,27.2,46.3,46.3,68.0,2.9,5.9,20.6,10.3,102,68
000683993,132,13.6,14.5,31.3,31.3,78.0,1.3,2.6,10.3,5.1,92,54
000685128,77,90.9,90.9,90.8,90.8,26.0,61.5,100.0,100.0,71.9,60,51
000685195,130,46.2,46.2,74.6,74.6,26.0,7.7,15.4,23.1,11.5,117,104
000685565,132,90.9,90.9,91.7,91.7,30.0,50.0,100.0,100.0,50.0,117,102
000685659,77,87.0,87.0,88.3,88.3,26.0,76.9,95.2,100.0,85.0,57,51
000685664,112,91.1,91.1,91.1,91.1,20.0,45.0,90.0,90.0,45.0,102,92
000685767,115,67.8,67.8,69.6,69.6,74.0,31.1,62.2,64.9,32.4,78,41
000695113,126,99.2,99.2,99.2,99.2,41.0,51.2,100.0,100.0,56.7,106,85
000695117,2,100.0,100.0,100.0,100.0,,,,,,2,2
000698771,128,94.5,94.5,94.5,94.5,48.0,50.0,100.0,100.0,50.0,104,80
000699200,120,100.0,100.0,100.0,100.0,31.0,51.6,100.0,100.0,53.1,104,89
000699805,121,99.2,99.2,99.2,99.2,50.0,50.0,100.0,100.0,62.0,96,71
000699979,132,100.0,100.0,100.0,100.0,34.0,50.0,100.0,100.0,50.0,115,98
000700020,132,100.0,100.0,100.0,100.0,46.0,50.0,100.0,100.0,50.0,109,86
000701809,134,29.9,29.9,38.8,38.8,56.0,1.8,3.6,10.7,5.4,106,78
000702280,23,100.0,100.0,100.0,100.0,7.0,85.7,100.0,100.0,91.7,17,16
000702358,119,100.0,100.0,100.0,100.0,20.0,50.0,100.0,100.0,50.0,107,99
000703627,75,90.7,90.7,90.7,90.7,2.0,50.0,50.0,50.0,50.0,73,73
000705502,42,100.0,100.0,100.0,100.0,46.0,47.8,100.0,100.0,51.5,20,-4
000706671,115,54.8,54.8,58.3,58.3,46.0,15.2,31.8,40.9,27.3,93,69
000707336,56,71.4,71.4,89.3,89.3,20.0,45.0,90.0,100.0,55.0,46,36
000707342,74,18.9,18.9,23.0,23.0,2.0,0.0,0.0,0.0,0.0,73,72
000709902,131,67.9,67.9,71.8,71.8,58.0,27.6,55.2,62.1,32.8,102,73
000710328,2,100.0,100.0,100.0,100.0,1.0,100.0,100.0,100.0,100.0,1,1
000711323,66,100.0,100.0,100.0,100.0,14.0,64.3,100.0,100.0,72.2,56,52
000711850,151,86.8,86.8,86.8,86.8,46.0,50.0,100.0,100.0,50.0,128,105
000712217,120,97.5,97.5,97.5,97.5,8.0,50.0,100.0,100.0,50.0,116,112
000712433,55,40.0,40.0,41.8,41.8,10.0,20.0,40.0,40.0,20.0,50,45
000712516,79,5.1,8.9,30.4,30.4,10.0,0.0,0.0,0.0,0.0,74,69
000712606,121,86.8,86.8,86.8,86.8,41.0,51.2,100.0,100.0,54.2,101,80
000712608,143,27.3,27.1,29.3,28.6,33.0,24.2,43.8,43.8,28.1,124,110
000712667,108,100.0,100.0,100.0,100.0,31.0,58.1,100.0,100.0,63.9,90,77
000714057,132,65.2,65.9,74.2,74.2,18.0,22.2,44.4,44.4,22.2,123,114
000714395,81,95.1,95.1,95.1,95.1,12.0,75.0,100.0,100.0,83.3,72,69
000714922,42,90.5,90.5,90.5,90.5,11.0,54.5,100.0,100.0,58.3,36,31
000716325,118,45.8,47.4,51.0,46.7,18.0,44.4,88.9,88.9,44.4,93,100
000716327,97,95.9,95.9,95.9,95.9,41.0,56.1,100.0,100.0,63.6,75,56
000718160,11,54.5,63.6,72.7,72.7,4.0,25.0,25.0,25.0,25.0,7,7
000721070,132,96.2,96.2,96.2,96.2,66.0,45.5,90.9,90.9,45.5,99,66
000724728,120,37.5,39.2,62.5,62.5,52.0,26.9,50.0,84.6,57.7,94,68
000725968,141,93.6,93.6,93.6,93.6,34.0,50.0,100.0,100.0,50.0,124,107
000732776,130,13.1,14.3,26.2,26.2,60.0,8.3,16.7,16.7,8.3,96,70
000733133,133,6.0,11.3,34.6,34.6,48.0,0.0,0.0,12.5,6.2,109,85
000733235,123,82.1,82.9,89.4,89.4,22.0,40.9,81.8,81.8,45.5,112,101
000734397,10,100.0,100.0,100.0,100.0,,,,,,10,10
000734621,88,100.0,100.0,100.0,100.0,30.0,60.0,94.4,100.0,67.6,71,58
000741130,141,91.5,91.5,91.5,91.5,38.0,50.0,100.0,100.0,52.6,122,103
000741226,132,2.3,3.8,26.5,26.5,16.0,0.0,0.0,12.5,6.2,124,116
000765513,62,96.8,96.8,96.8,96.8,32.0,56.2,100.0,100.0,61.1,44,30
000767735,131,23.7,25.2,32.1,32.1,44.0,0.0,0.0,4.5,2.3,109,87
000770730,105,95.2,95.2,95.2,95.2,30.0,50.0,100.0,100.0,56.7,89,75
000771486,132,91.7,91.7,91.7,91.7,50.0,50.0,100.0,100.0,50.0,107,82
000771641,129,96.9,96.9,96.9,96.9,40.0,57.5,100.0,100.0,72.5,109,89
000771816,72,98.6,98.6,98.6,98.6,22.0,50.0,100.0,100.0,50.0,61,50
000772089,132,90.2,90.2,90.2,90.2,38.0,47.4,94.7,94.7,47.4,113,94
000772527,134,89.6,89.6,89.6,89.6,51.0,43.1,88.0,88.0,43.3,109,83
000772623,70,44.3,48.6,55.7,55.7,32.0,18.8,28.6,28.6,23.8,49,38
000772790,66,100.0,100.0,100.0,100.0,20.0,70.0,100.0,100.0,78.6,52,46
000772796,21,100.0,100.0,100.0,100.0,20.0,60.0,100.0,100.0,66.7,9,1
000773393,120,63.3,63.3,64.2,64.2,20.0,25.0,50.0,50.0,25.0,110,100
000774113,135,76.3,76.9,76.9,76.5,34.0,32.4,64.7,64.7,32.4,117,101
000782263,62,100.0,100.0,100.0,100.0,10.0,60.0,75.0,100.0,66.7,56,52
000782275,24,91.7,91.7,91.7,91.7,5.0,100.0,100.0,100.0,100.0,19,19
000782642,146,90.4,90.4,90.4,90.4,38.0,50.0,100.0,100.0,50.0,127,108
000787397,110,17.3,20.9,23.6,23.6,10.0,10.0,20.0,40.0,20.0,105,100
000795399,131,2.3,2.3,16.3,16.3,28.0,0.0,0.0,0.0,0.0,115,103
000796635,131,53.4,54.3,62.0,61.6,60.0,26.7,53.3,60.0,30.0,99,71
000798424,129,98.4,98.4,98.4,98.4,45.0,48.9,100.0,100.0,51.5,107,84
000799013,5,20.0,20.0,40.0,40.0,1.0,100.0,100.0,100.0,100.0,4,4
000811058,115,95.7,95.7,95.7,95.7,46.0,50.0,100.0,100.0,50.0,92,69
000811371,55,100.0,100.0,100.0,100.0,13.0,53.8,100.0,100.0,57.1,48,42
000825758,87,17.2,17.2,33.3,33.3,26.0,0.0,0.0,0.0,0.0,73,61
000825796,134,79.9,79.9,79.9,79.9,28.0,50.0,100.0,100.0,50.0,120,106
000826064,74,50.0,50.0,59.5,59.5,67.0,22.4,42.4,45.5,23.7,41,7
000826911,19,84.2,84.2,84.2,84.2,,,,,,19,19
000829112,37,86.5,86.5,86.5,86.5,19.0,63.2,100.0,100.0,70.8,25,18
000837348,85,97.6,97.6,97.6,97.6,30.0,63.3,92.3,100.0,84.2,66,55
000838047,121,20.7,20.7,31.4,31.4,46.0,0.0,0.0,0.0,0.0,98,75
000838882,31,96.8,96.8,96.8,96.8,2.0,50.0,50.0,100.0,50.0,30,29
000840245,144,56.2,56.2,58.3,58.3,24.0,25.0,50.0,58.3,33.3,132,120
000844662,14,71.4,71.4,71.4,71.4,3.0,100.0,100.0,100.0,100.0,11,11
000845240,105,1.0,1.9,35.2,35.2,60.0,1.7,3.3,6.7,3.3,75,45
000845597,95,100.0,100.0,100.0,100.0,10.0,60.0,100.0,100.0,75.0,89,85
000846281,58,46.6,48.3,51.7,51.7,13.0,0.0,0.0,0.0,0.0,50,45
000847598,129,27.9,27.9,38.0,38.0,38.0,2.6,5.3,15.8,7.9,110,91
000847739,131,64.1,64.9,77.9,77.9,16.0,18.8,37.5,37.5,18.8,123,115
000851279,108,11.1,12.0,25.0,25.0,42.0,2.4,4.8,4.8,2.4,87,66
000851281,93,100.0,100.0,100.0,100.0,26.0,53.8,100.0,100.0,57.1,79,67
000851322,39,100.0,100.0,100.0,100.0,4.0,75.0,100.0,100.0,83.3,36,35
000851717,103,81.6,81.6,84.3,84.3,61.0,39.3,77.4,83.3,58.3,72,42
000851729,105,99.0,99.0,99.0,99.0,34.0,50.0,100.0,100.0,50.0,88,71
000851730,151,39.7,40.9,49.7,48.6,41.0,19.5,40.0,65.0,39.2,125,110
000851773,132,99.2,99.2,99.2,99.2,46.0,50.0,100.0,100.0,50.0,109,86
000852009,47,100.0,100.0,100.0,100.0,23.0,87.0,100.0,100.0,91.7,29,24
000852603,68,98.5,98.5,98.5,98.5,25.0,56.0,100.0,100.0,67.9,55,43
000855033,117,66.7,66.7,66.7,66.7,23.0,39.1,81.8,81.8,43.9,106,94
000855364,132,41.7,42.3,48.5,47.7,14.0,7.1,14.3,14.3,7.1,123,118
000855388,135,97.8,97.8,97.8,97.8,49.0,49.0,100.0,100.0,51.4,111,86
000855395,29,89.7,89.7,89.7,89.7,4.0,75.0,100.0,100.0,83.3,26,25
000855576,51,82.4,82.4,86.0,86.0,16.0,43.8,77.8,88.9,50.0,41,35
000855577,138,24.6,26.8,50.0,50.0,40.0,12.5,25.0,25.0,12.5,118,98
000855578,131,44.3,44.3,46.6,46.6,8.0,50.0,100.0,100.0,50.0,127,123
000855582,135,37.8,41.7,46.2,45.4,10.0,20.0,40.0,40.0,20.0,125,125
000856001,134,11.2,13.7,25.2,24.4,98.0,4.1,8.2,16.3,8.2,82,36
000856514,45,100.0,100.0,100.0,100.0,35.0,60.0,95.5,100.0,71.4,24,10
000857154,32,100.0,100.0,100.0,100.0,28.0,57.1,100.0,100.0,65.6,16,4
000859299,40,100.0,100.0,100.0,100.0,24.0,50.0,100.0,100.0,62.5,28,16
000859505,103,7.8,10.7,27.2,27.2,51.0,2.0,3.7,7.4,3.7,76,52
000859827,70,31.4,35.7,71.4,71.4,61.0,11.5,23.3,43.3,23.3,40,9
000859839,33,87.9,87.9,87.9,87.9,4.0,50.0,100.0,100.0,50.0,31,29
000859841,103,98.1,98.1,98.1,98.1,37.0,56.8,100.0,100.0,61.9,82,66
000860516,81,12.3,21.0,34.6,34.6,37.0,8.1,13.6,13.6,6.8,59,44
000860562,26,3.8,7.7,30.8,30.8,19.0,5.3,11.1,33.3,22.2,17,7
000860828,121,99.2,99.2,99.2,99.2,30.0,50.0,100.0,100.0,53.3,106,91
000862367,131,38.2,38.2,42.7,42.7,1.0,100.0,100.0,100.0,100.0,130,130
000862716,135,43.0,43.0,48.1,48.1,69.0,8.7,17.6,23.5,13.2,101,66
000863973,25,96.0,96.0,96.0,96.0,1.0,100.0,100.0,100.0,100.0,24,24
000864355,144,88.9,88.9,89.6,89.6,28.0,46.4,92.9,100.0,64.3,130,116
000865348,136,29.4,32.4,44.1,44.1,54.0,13.0,25.9,37.0,18.5,109,82
000865709,132,100.0,100.0,100.0,100.0,54.0,51.9,100.0,100.0,51.9,105,78
000865960,79,91.1,91.1,91.1,91.1,,,,,,79,79
000866096,60,60.0,60.0,60.0,60.0,,,,,,60,60
000866110,132,41.7,42.4,43.9,43.9,14.0,21.4,42.9,42.9,21.4,125,118
000866115,132,72.7,73.5,74.2,74.2,48.0,33.3,66.7,66.7,35.4,108,84
000866118,127,18.9,20.8,41.6,38.9,27.0,7.4,14.3,15.4,7.7,100,100
000866857,105,2.9,3.9,22.3,21.8,44.0,4.5,9.1,40.9,22.7,81,61
000866984,98,78.6,80.4,80.4,79.9,20.0,50.0,90.0,90.0,55.0,87,78
000867936,107,84.1,84.1,86.0,86.0,26.0,46.2,92.3,100.0,53.8,94,81
000874142,33,72.7,72.7,72.7,72.7,16.0,62.5,100.0,100.0,66.7,24,17
000874284,141,92.2,92.2,92.2,92.2,30.0,50.0,100.0,100.0,50.0,126,111
000874293,60,93.3,93.3,93.0,93.0,55.0,67.3,100.0,100.0,72.4,28,5
000874295,135,74.8,76.3,77.0,77.0,59.0,47.5,93.1,93.1,56.3,106,76
000874299,142,38.0,38.6,40.0,40.0,26.0,0.0,0.0,0.0,0.0,127,116
000874372,13,61.5,61.5,84.6,84.6,14.0,42.9,63.6,85.7,57.1,6,-1
000874584,102,89.2,89.2,89.2,89.2,59.0,49.2,100.0,100.0,58.0,73,43
000874807,143,72.7,72.1,74.8,73.0,46.0,45.7,77.8,91.3,45.7,112,97
000874881,1,100.0,100.0,100.0,100.0,,,,,,1,1
000874956,147,15.6,17.8,32.9,32.9,32.0,6.2,12.5,75.0,40.6,130,115
000874960,47,51.1,63.8,76.6,76.6,37.0,40.5,82.4,94.1,76.5,30,10
000875125,118,97.5,97.5,97.5,97.5,53.0,50.9,96.2,96.2,64.1,92,65
DS0001773,110,45.5,45.5,59.1,59.1,6.0,50.0,100.0,100.0,50.0,107,104
DS0001866,119,68.9,68.9,68.9,68.9,52.0,32.7,65.4,65.4,32.7,93,67
NP0008185,10,100.0,100.0,100.0,100.0,,,,,,10,10
NP0008447,107,99.1,99.1,99.1,99.1,34.0,50.0,68.0,100.0,50.0,90,73
NP0008452,59,94.9,94.9,94.9,94.9,12.0,50.0,100.0,100.0,50.0,53,47
NP0008680,130,0.0,0.0,19.2,19.2,59.0,0.0,0.0,10.3,5.7,101,71
NP0008682,105,7.6,7.6,8.2,7.7,32.0,3.1,5.3,5.9,2.9,80,73
NP0008722,139,33.1,33.8,37.4,37.4,42.0,9.5,19.0,19.0,9.5,118,97
NP0008812,110,100.0,100.0,100.0,100.0,37.0,59.5,100.0,100.0,65.9,88,73
NP0008855,84,100.0,100.0,100.0,100.0,26.0,50.0,100.0,100.0,53.8,66,58
NP0008869,1,100.0,100.0,100.0,100.0,,,,,,1,1
NP0008904,98,100.0,100.0,100.0,100.0,36.0,50.0,100.0,100.0,55.6,80,62
NP0008997,91,98.9,98.9,98.9,98.9,21.0,61.9,92.9,100.0,69.2,78,70
NP0009078,6,66.7,66.7,66.7,66.7,,,,,,6,6
NP0009098,59,96.6,96.6,98.3,98.3,38.0,50.0,94.7,100.0,78.9,40,21
NP0009123,48,66.7,66.7,93.8,93.8,26.0,30.8,53.3,80.0,53.3,33,22
NP0009132,132,36.4,36.4,52.3,52.3,45.0,17.8,36.4,50.0,27.3,110,87
NP0009135,141,79.4,79.3,79.3,79.3,40.0,50.0,100.0,100.0,57.5,120,101
NP0009147,102,83.3,83.3,83.3,83.3,20.0,60.0,92.3,100.0,66.7,90,82
NP0009223,76,100.0,100.0,100.0,100.0,,,,,,76,76
NP0009295,122,72.1,72.7,75.6,74.4,42.0,33.3,66.7,76.2,38.1,98,80
NP0009377,30,36.7,36.7,43.3,43.3,2.0,100.0,100.0,100.0,100.0,28,28
NP0009432,137,95.6,95.6,95.6,95.6,44.0,50.0,100.0,100.0,50.0,115,93
NP0009462,12,100.0,100.0,100.0,100.0,,,,,,12,12
NP0009527,108,99.1,99.1,99.1,99.1,54.0,50.0,100.0,100.0,51.9,80,54
NP0009568,136,2.9,5.9,27.9,27.9,78.0,0.0,0.0,15.4,9.0,97,58
NP0009581,14,100.0,100.0,100.0,100.0,6.0,50.0,100.0,100.0,66.7,11,8
NP0009660,129,99.2,99.2,99.2,99.2,40.0,50.0,100.0,100.0,50.0,109,89
NP0009668,128,53.1,54.0,55.6,55.2,47.0,19.1,39.1,43.5,21.7,101,81
NP0009672,81,55.6,55.6,63.0,63.0,22.0,27.3,54.5,63.6,36.4,70,59
NP0009743,106,59.4,59.4,72.6,72.6,46.0,30.4,60.9,65.2,32.6,83,60
NP0009778,125,92.8,92.8,92.8,92.8,48.0,50.0,100.0,100.0,54.2,101,77
NP0009832,127,100.0,100.0,100.0,100.0,30.0,50.0,100.0,100.0,50.0,111,97
NP0009925,109,99.1,99.1,99.1,99.1,42.0,50.0,100.0,100.0,50.0,88,67
NP0009959,89,33.7,34.8,38.2,38.2,14.0,14.3,28.6,28.6,14.3,82,75
NP0010020,150,78.0,78.0,78.0,78.0,56.0,35.7,71.4,71.4,35.7,122,94
NP0010026,143,91.6,91.5,91.5,91.5,32.0,50.0,100.0,100.0,50.0,126,111
NP0010054,64,87.5,87.5,87.5,87.5,34.0,58.8,100.0,100.0,64.7,47,30
NP0010076,71,32.4,32.4,43.7,43.7,44.0,27.3,54.5,72.7,47.7,49,27
NP0010123,134,95.5,95.4,95.4,95.4,36.0,50.0,100.0,100.0,50.0,113,98
NP0010161,98,92.9,92.8,92.4,92.4,44.0,52.3,95.8,100.0,56.8,70,54
NP0010177,112,98.2,98.2,98.2,98.2,36.0,55.6,100.0,100.0,61.1,94,76
NP0010210,113,22.1,24.8,38.9,38.9,16.0,6.2,12.5,12.5,12.5,105,97
NP0010233,85,85.9,85.9,86.7,86.7,24.0,58.3,100.0,100.0,66.7,71,61
NP0010236,64,12.5,12.5,20.3,20.3,46.0,10.9,20.8,25.0,18.8,40,18
NP0010249,44,100.0,100.0,100.0,100.0,12.0,75.0,100.0,100.0,83.3,35,32
NP0010283,124,100.0,100.0,100.0,100.0,52.0,50.0,100.0,100.0,50.0,96,72
NP0010285,50,94.0,94.0,94.0,94.0,21.0,66.7,100.0,100.0,75.0,36,29
NP0010307,83,31.3,32.9,44.3,43.7,38.0,26.3,52.9,58.8,27.5,62,45
NP0010323,85,100.0,100.0,100.0,100.0,21.0,57.1,100.0,100.0,81.8,73,64
NP0010380,126,27.0,27.0,27.0,27.0,4.0,0.0,0.0,0.0,0.0,124,122
NP0010444,135,88.9,88.8,88.8,88.8,44.0,50.0,100.0,100.0,50.0,112,91
NP0010481,110,97.3,97.3,97.3,97.3,30.0,46.7,93.3,93.3,50.0,95,80
NP0010485,36,11.1,11.1,13.9,13.9,,,,,,36,36
NP0010486,36,0.0,2.8,8.3,8.3,9.0,0.0,0.0,0.0,0.0,27,27
NP0010498,124,99.2,99.2,99.2,99.2,32.0,50.0,100.0,100.0,50.0,108,92
NP0010660,109,92.7,92.7,92.7,92.7,38.0,50.0,100.0,100.0,60.5,90,71
NP0010665,111,98.2,98.2,98.2,98.2,48.0,52.1,100.0,100.0,52.1,87,63
NP0010670,125,94.4,94.4,94.4,94.4,62.0,48.4,96.8,96.8,50.0,94,63
NP0010674,58,75.9,77.6,86.2,86.2,3.0,33.3,33.3,33.3,33.3,55,55
NP0010683,52,78.8,78.8,78.8,78.8,1.0,100.0,100.0,100.0,100.0,51,51
NP0010688,14,100.0,100.0,100.0,100.0,,,,,,14,14
NP0010748,72,86.1,86.1,86.1,86.1,45.0,53.3,88.5,100.0,59.4,49,27
NP0010807,110,100.0,100.0,100.0,100.0,52.0,50.0,100.0,100.0,51.9,84,58
NP0010842,7,100.0,100.0,100.0,100.0,3.0,100.0,100.0,100.0,100.0,4,4
NP0010891,76,94.7,94.7,94.7,94.7,22.0,54.5,100.0,100.0,70.8,64,54
NP0010900,142,54.9,54.9,57.7,57.7,53.0,35.8,68.0,72.0,48.7,117,89
NP0010920,54,100.0,100.0,100.0,100.0,6.0,50.0,100.0,100.0,50.0,50,48
NP0010987,43,9.3,9.3,16.3,16.3,8.0,0.0,0.0,25.0,12.5,39,35
NP0010989,16,56.2,56.2,62.5,62.5,4.0,50.0,50.0,50.0,50.0,12,12
NP0010995,10,20.0,20.0,30.0,30.0,5.0,0.0,0.0,20.0,20.0,5,5
NP0011002,61,14.8,19.7,36.1,36.1,56.0,10.7,22.2,51.9,32.7,34,5
NP0011031,69,98.6,98.6,98.6,98.6,38.0,47.4,90.0,94.7,52.6,50,31
NP0011048,132,97.0,97.0,97.7,97.7,2.0,50.0,100.0,100.0,100.0,131,130
NP0011053,87,40.2,43.7,59.8,59.8,14.0,0.0,0.0,0.0,0.0,80,73
NP0011086,129,26.4,26.4,27.1,27.1,16.0,18.8,37.5,37.5,18.8,121,113
NP0011095,147,73.5,73.5,73.5,72.4,28.0,39.3,78.6,78.6,39.3,122,119
NP0011110,112,95.5,95.5,95.5,95.5,61.0,47.5,100.0,100.0,48.3,82,51
NP0011136,132,98.5,98.5,99.2,99.2,2.0,50.0,100.0,100.0,50.0,128,130
NP0011145,132,3.0,3.8,11.4,11.4,12.0,0.0,0.0,0.0,0.0,126,120
NP0011152,110,50.0,51.8,53.6,53.6,19.0,21.1,44.4,44.4,22.2,101,91
NP0011171,112,69.6,69.6,69.6,69.6,54.0,50.0,100.0,100.0,63.0,85,58
NP0011193,132,36.4,36.6,36.6,36.3,8.0,0.0,0.0,0.0,0.0,127,124
NP0011290,36,0.0,0.0,8.3,8.3,17.0,0.0,0.0,0.0,0.0,19,19
NP0011348,116,94.8,94.8,94.8,94.8,44.0,50.0,100.0,100.0,52.3,94,72
NP0011350,147,19.7,19.9,26.0,25.7,33.0,9.1,18.8,18.8,9.4,130,114
NP0011376,2,100.0,100.0,100.0,100.0,1.0,100.0,100.0,100.0,100.0,1,1
NP0011405,139,1.4,5.0,12.9,12.9,18.0,0.0,0.0,0.0,0.0,130,121
NP0011431,145,8.3,8.3,14.5,14.5,12.0,0.0,0.0,0.0,0.0,139,133
NP0011436,133,81.2,81.2,82.0,82.0,30.0,50.0,100.0,100.0,53.3,118,103
NP0011437,133,99.2,99.2,99.2,99.2,14.0,57.1,100.0,100.0,64.3,119,119
NP0011469,64,90.6,90.6,90.6,90.6,9.0,66.7,100.0,100.0,75.0,58,55
NP0011478,154,26.0,26.6,30.5,30.5,,,,,,154,154
NP0011525,103,81.6,81.6,81.6,81.6,46.0,56.5,100.0,100.0,65.2,80,57
NP0011547,65,80.0,80.0,90.8,90.8,60.0,43.3,86.2,93.1,65.5,36,5
NP0011578,7,100.0,100.0,100.0,100.0,,,,,,7,7
NP0011681,156,3.8,5.2,15.5,15.2,8.0,0.0,0.0,0.0,0.0,151,148
NP0011736,86,4.7,4.9,16.0,13.6,4.0,0.0,0.0,50.0,25.0,79,82
NP0011803,132,2.3,4.5,11.4,11.4,12.0,8.3,16.7,16.7,8.3,126,120
NP0011816,131,85.5,84.2,82.4,82.4,12.0,66.7,100.0,100.0,75.0,102,119
NP8800017,131,90.8,90.8,90.8,90.8,38.0,47.4,94.7,94.7,47.4,112,93
NP8800018,129,90.7,90.7,90.7,90.7,40.0,47.5,95.0,95.0,47.5,109,89
NP8800045,66,100.0,100.0,100.0,100.0,22.0,50.0,100.0,100.0,50.0,55,44
NP8800052,89,100.0,100.0,100.0,100.0,36.0,61.1,100.0,100.0,70.5,67,53
NP8800054,121,100.0,100.0,100.0,100.0,46.0,50.0,100.0,100.0,52.2,94,75
NP8800075,86,70.9,70.9,73.3,73.3,64.0,40.6,78.1,78.1,46.9,54,22
NP8800079,100,99.0,99.0,99.0,99.0,43.0,53.5,100.0,100.0,58.7,77,57
NP8800110,110,32.7,33.6,37.3,37.3,14.0,14.3,20.0,30.0,20.0,100,96
NP8800114,102,60.8,62.0,72.0,71.5,15.0,20.0,37.5,37.5,31.2,92,87
NP8800119,125,94.4,94.4,94.4,94.4,36.0,47.2,94.4,94.4,47.2,107,89
NP8800166,25,96.0,96.0,96.0,96.0,,,,,,25,25
NP8800190,25,96.0,96.0,96.0,96.0,8.0,100.0,100.0,100.0,100.0,17,17
NP8800197,132,15.9,17.4,34.8,34.8,60.0,0.0,0.0,3.3,1.7,102,72
NP8800212,103,70.9,71.8,74.8,74.8,77.0,40.3,81.1,83.8,55.0,66,26
NP8800236,81,35.8,35.8,48.1,48.1,68.0,10.3,21.2,33.3,16.2,48,13
NP8800246,126,99.2,99.2,99.2,99.2,48.0,50.0,100.0,100.0,54.2,102,78
NP8800253,85,0.0,2.4,35.3,35.3,45.0,2.2,4.5,31.8,15.2,63,40
NP8800295,117,83.8,83.8,83.8,83.8,4.0,50.0,100.0,100.0,100.0,115,113
NP8800323,60,46.7,46.7,53.3,53.3,,,,,,60,60
NP8800351,127,59.1,58.7,58.7,58.7,64.0,37.5,75.0,75.0,39.1,94,63
NP8800357,91,86.8,86.5,86.5,86.5,34.0,50.0,100.0,100.0,50.0,72,57
NP8800371,96,0.0,0.0,22.9,22.9,36.0,0.0,0.0,5.6,2.8,78,60
NP8800398,60,0.0,0.0,0.0,0.0,4.0,0.0,0.0,0.0,0.0,55,56
NP8800409,131,70.2,71.0,73.3,73.3,46.0,43.5,87.0,87.0,47.8,108,85
NP8800414,60,86.7,86.7,88.3,88.3,,,,,,60,60
NP8800415,24,16.7,16.7,20.8,20.8,,,,,,24,24
NP8800420,40,25.0,25.0,31.6,31.6,6.0,16.7,20.0,20.0,10.0,33,34
NP8800426,131,22.1,23.1,23.8,23.8,12.0,8.3,16.7,16.7,8.3,124,119
NP8800445,123,15.4,18.7,24.4,24.4,68.0,1.5,2.9,5.9,4.4,89,55
NP8800446,85,100.0,100.0,100.0,100.0,46.0,52.2,100.0,100.0,54.2,61,39
NP8800449,113,77.9,77.9,79.6,79.6,26.0,42.3,84.6,84.6,42.3,100,87
NP8800460,72,100.0,100.0,100.0,100.0,35.0,51.4,100.0,100.0,52.0,53,37
NP8800465,133,45.9,46.6,56.4,56.4,22.0,18.2,36.4,45.5,22.7,122,111
NP8800476,127,100.0,100.0,100.0,100.0,52.0,53.8,100.0,100.0,53.8,101,75
NP8800477,1,100.0,100.0,100.0,100.0,,,,,,1,1
NP8800480,82,72.0,72.0,73.2,73.2,40.0,42.5,68.0,68.0,50.0,57,42
NP8800481,120,91.7,91.6,91.6,91.6,91.0,41.8,82.2,82.2,41.5,74,29
NP8800491,128,91.4,91.4,91.4,91.4,46.0,37.0,73.9,73.9,37.0,105,82
NP8800493,132,67.4,67.4,74.2,74.2,32.0,21.9,43.8,43.8,21.9,116,100
NP8800497,72,95.8,95.8,95.8,95.8,19.0,57.9,100.0,100.0,63.6,60,53
NP8800502,130,6.9,10.8,28.5,28.5,110.0,0.9,1.8,7.3,3.6,75,20
NP8800525,132,81.8,81.8,84.8,84.8,61.0,39.3,80.0,83.3,45.0,102,71
NP8800534,61,98.4,98.4,98.4,98.4,2.0,50.0,100.0,100.0,50.0,60,59
NP8800550,4,100.0,100.0,100.0,100.0,2.0,50.0,50.0,100.0,50.0,3,2
NP8800557,1,100.0,100.0,100.0,100.0,1.0,100.0,100.0,100.0,100.0,0,0
NP8800567,110,96.4,96.4,96.4,96.4,22.0,45.5,90.9,90.9,45.5,99,88
NP8800580,4,100.0,100.0,100.0,100.0,,,,,,4,4
NP8800589,42,11.9,23.8,31.0,31.0,1.0,0.0,0.0,0.0,0.0,41,41
NP8800592,130,61.5,62.0,75.2,75.2,76.0,27.6,55.3,63.2,32.9,91,54
NP8800607,9,100.0,100.0,100.0,100.0,,,,,,9,9
NP8800609,118,56.8,56.8,57.6,57.6,36.0,27.8,50.0,55.6,33.3,100,82
NP8800613,106,21.7,21.7,29.2,29.2,4.0,0.0,0.0,50.0,25.0,104,102
NP8800630,112,2.7,3.6,39.3,39.3,79.0,1.3,2.6,36.8,20.6,74,33
NP8800632,12,100.0,100.0,100.0,100.0,1.0,100.0,100.0,100.0,100.0,11,11
NP8800638,132,3.8,3.8,3.8,3.8,17.0,0.0,0.0,0.0,0.0,125,115
NP8800645,18,100.0,100.0,100.0,100.0,6.0,83.3,83.3,100.0,90.0,13,12
NP8800649,14,100.0,100.0,100.0,100.0,6.0,50.0,60.0,100.0,50.0,11,8
NP8800651,132,100.0,100.0,100.0,100.0,52.0,50.0,100.0,100.0,50.0,106,80
NP8800664,134,67.2,67.2,70.1,70.1,70.0,34.3,72.7,78.8,48.0,101,64
NP8800679,137,79.6,79.6,79.6,79.6,12.0,50.0,100.0,100.0,50.0,131,125
NP8800682,104,94.2,94.2,94.2,94.2,28.0,60.7,100.0,100.0,67.6,86,76
NP8800686,91,1.1,4.4,30.8,30.8,66.0,0.0,0.0,24.2,12.1,58,25
NP8800691,136,97.1,97.1,97.1,97.1,52.0,50.0,100.0,100.0,51.9,110,84
NP8800694,79,88.6,88.6,88.6,88.6,40.0,60.0,100.0,100.0,65.2,57,39
NP8800696,134,88.1,88.1,89.6,89.6,66.0,48.5,97.0,97.0,50.0,101,68
NP8800706,55,9.1,9.1,29.1,29.1,14.0,7.1,7.1,21.4,21.4,41,41
NP8800711,23,0.0,0.0,17.4,17.4,2.0,0.0,0.0,0.0,0.0,21,21
NP8800715,121,90.1,90.1,90.1,90.1,6.0,50.0,100.0,100.0,50.0,118,115
NP8800722,42,76.2,76.2,78.6,78.6,4.0,50.0,100.0,100.0,50.0,40,38
NP8800736,5,100.0,100.0,100.0,100.0,,,,,,5,5
NP8800744,43,100.0,100.0,100.0,100.0,8.0,50.0,100.0,100.0,50.0,39,35
NP8800760,108,16.7,17.6,26.2,26.2,26.0,0.0,0.0,0.0,0.0,94,82
NP8800763,18,100.0,100.0,100.0,100.0,,,,,,18,18
NP8800765,14,92.9,92.9,92.9,92.9,2.0,50.0,100.0,100.0,50.0,13,12
NP8800784,121,96.7,96.7,96.7,96.7,56.0,48.2,96.4,96.4,48.2,93,65
NP8800795,64,100.0,100.0,100.0,100.0,34.0,55.9,100.0,100.0,60.5,45,30
NP8800805,129,34.9,34.9,47.3,47.3,42.0,7.1,15.0,15.0,7.5,109,87
NP8800811,80,100.0,100.0,100.0,100.0,30.0,60.0,100.0,100.0,66.7,62,50
NP8800813,110,100.0,100.0,100.0,100.0,27.0,48.1,100.0,100.0,52.6,97,83
NP8800848,130,53.8,53.8,55.4,55.4,68.0,32.4,64.7,67.6,35.3,96,62
NP8800856,24,100.0,100.0,100.0,100.0,10.0,70.0,70.0,100.0,78.6,17,14
NP8800857,124,93.5,93.5,93.5,93.5,24.0,50.0,100.0,100.0,50.0,112,100
NP8800871,12,100.0,100.0,100.0,100.0,7.0,100.0,100.0,100.0,100.0,5,5
NP8800882,132,98.5,98.5,98.5,98.5,52.0,48.1,96.2,96.2,48.1,106,80
NP8800893,120,60.8,60.7,63.2,62.8,50.0,20.0,36.0,40.0,22.0,92,70
NP8800900,41,100.0,100.0,100.0,100.0,13.0,69.2,90.0,100.0,88.9,32,28
NP8800902,125,94.4,94.4,94.4,94.4,23.0,52.2,100.0,100.0,54.2,113,102
NP8800903,121,74.4,74.4,74.4,74.4,18.0,38.9,77.8,77.8,38.9,112,103
NP8800909,129,19.4,22.5,58.1,58.1,64.0,0.0,0.0,31.2,17.2,97,65
NP8800922,10,70.0,70.0,70.0,70.0,1.0,100.0,100.0,100.0,100.0,9,9
NP8800931,8,100.0,100.0,100.0,100.0,4.0,50.0,50.0,100.0,75.0,6,4
NP8800935,108,98.1,98.1,98.1,98.1,37.0,48.6,100.0,100.0,54.6,90,71
NP8800937,120,20.8,20.8,23.3,23.3,38.0,0.0,0.0,0.0,0.0,101,82
NP8800956,16,100.0,100.0,100.0,100.0,5.0,100.0,100.0,100.0,100.0,11,11
NP8800963,132,63.6,63.6,63.6,63.6,,,,,,132,132
NP8800966,133,93.2,93.2,94.0,94.0,40.0,50.0,100.0,100.0,50.0,113,93
NP8800969,91,92.3,92.3,92.3,92.3,18.0,50.0,100.0,100.0,50.0,82,73
NP8800973,109,43.1,44.0,46.8,46.8,60.0,11.7,23.3,23.3,11.7,79,49
NP8800975,77,62.3,62.3,64.9,64.9,,,,,,77,77
NP8800980,130,100.0,100.0,100.0,100.0,42.0,50.0,100.0,100.0,50.0,109,88
NP8800981,108,14.8,15.7,32.4,32.4,18.0,0.0,11.1,11.1,5.6,99,90
NP8800984,24,25.0,25.0,25.0,25.0,,,,,,24,24
NP8800985,125,3.2,3.2,10.4,10.4,14.0,0.0,0.0,0.0,0.0,118,111
NP8800993,127,94.5,94.4,94.4,94.4,37.0,51.4,100.0,100.0,55.3,107,90
NP8800997,67,71.6,71.6,74.6,74.6,23.0,43.5,83.3,83.3,54.2,55,44
NP8801006,60,100.0,100.0,100.0,100.0,13.0,61.5,100.0,100.0,68.8,52,47
NP8801015,49,28.6,29.8,38.1,38.1,4.0,0.0,0.0,0.0,0.0,40,45
NP8801016,22,68.2,68.2,86.4,86.4,3.0,33.3,33.3,33.3,33.3,19,19
NP8801023,109,76.1,76.1,77.1,77.1,4.0,50.0,100.0,100.0,75.0,107,105
NP8801025,108,3.7,5.6,16.7,16.7,12.0,8.3,16.7,50.0,25.0,102,96
NP8801028,116,7.8,7.8,24.1,24.1,28.0,0.0,0.0,0.0,0.0,102,88
NP8801031,136,49.3,50.0,66.4,66.0,44.0,13.6,28.6,33.3,15.9,113,92
NP8801037,72,94.4,94.4,95.8,95.8,2.0,50.0,50.0,100.0,50.0,71,70
NP8801040,62,100.0,100.0,100.0,100.0,16.0,56.2,100.0,100.0,61.1,53,46
NP8801042,83,80.7,80.7,80.7,80.7,9.0,44.4,80.0,80.0,50.0,78,74
NP8801045,126,0.0,0.0,0.8,0.8,16.0,0.0,0.0,0.0,0.0,116,110
NP8801046,121,95.0,95.0,95.8,95.8,54.0,44.4,85.2,88.9,51.9,92,67
NP8801048,108,26.9,28.7,52.8,52.8,60.0,0.0,0.0,23.3,13.3,78,48
NP8801061,129,72.9,72.9,72.9,72.9,12.0,25.0,50.0,50.0,25.0,123,117
NP8801062,70,98.6,98.6,98.6,98.6,10.0,80.0,100.0,100.0,87.5,62,60
NP8801063,21,100.0,100.0,100.0,100.0,,,,,,21,21
NP8801065,132,100.0,100.0,100.0,100.0,41.0,48.8,100.0,100.0,53.3,112,91
NP8801066,139,54.7,54.7,54.7,54.7,28.0,28.6,57.1,57.1,28.6,125,111
NP8801067,106,100.0,100.0,100.0,100.0,30.0,53.3,100.0,100.0,53.3,91,76
NP8801078,39,25.6,25.6,30.8,30.8,9.0,22.2,33.3,50.0,50.0,33,30
NP8801079,106,8.5,8.5,12.3,12.3,18.0,5.6,11.1,44.4,22.2,97,88
NP8801080,131,71.0,71.0,73.3,73.3,6.0,33.3,66.7,66.7,33.3,128,125
NP8801083,110,34.5,34.3,43.5,43.1,78.0,2.6,5.3,13.2,6.6,70,32
NP8801085,47,89.4,89.4,89.4,89.4,8.0,50.0,100.0,100.0,62.5,43,39
NP8801099,143,83.9,83.8,84.5,84.5,36.0,38.9,77.8,77.8,41.7,124,107
NP8801101,106,79.2,79.2,85.8,85.8,39.0,38.5,78.9,78.9,39.5,87,67
NP8801102,3,100.0,100.0,100.0,100.0,,,,,,3,3
NP8801114,73,75.3,76.7,76.7,76.7,16.0,62.5,100.0,100.0,66.7,64,57
NP8801117,84,60.7,61.9,64.3,64.3,17.0,11.8,22.2,33.3,16.7,75,67
NP8801128,21,85.7,85.7,85.7,85.7,,,,,,21,21
NP8801129,39,66.7,66.7,71.1,69.7,6.0,66.7,66.7,66.7,66.7,32,33
NP8801130,143,44.1,44.1,45.8,45.8,8.0,37.5,75.0,75.0,50.0,138,135
NP9900738,134,14.9,16.5,22.6,22.6,26.0,0.0,0.0,7.7,3.8,120,108
NP9900847,133,8.3,11.3,21.8,21.8,55.0,0.0,0.0,0.0,0.0,106,78
NP9900886,71,100.0,100.0,100.0,100.0,42.0,52.4,100.0,100.0,63.6,49,29
NP9900957,121,84.3,84.3,85.1,85.1,80.0,42.5,82.5,85.0,50.0,81,41
NP9901052,24,12.5,20.8,54.2,54.2,1.0,0.0,0.0,0.0,0.0,23,23
NP9901079,131,63.4,63.4,69.5,69.5,54.0,33.3,66.7,66.7,33.3,104,77
NP9902255,132,97.0,96.9,96.9,96.9,42.0,50.0,100.0,100.0,50.0,110,90
NP9902323,121,13.2,23.1,49.6,49.6,78.0,10.3,21.1,26.3,15.4,83,43
NP9902466,126,95.2,95.2,95.2,95.2,16.0,50.0,100.0,100.0,50.0,118,110
NP9902501,98,41.8,41.8,49.0,49.0,12.0,8.3,16.7,16.7,8.3,92,86
NP9902504,125,80.8,80.8,80.8,80.8,25.0,24.0,50.0,50.0,25.0,113,100
NP9902535,114,22.8,27.2,42.1,42.1,73.0,8.2,16.7,27.8,16.2,78,41
NP9902541,106,53.8,53.8,53.8,53.8,,,,,,106,106
NP9902616,55,100.0,100.0,100.0,100.0,8.0,50.0,50.0,100.0,50.0,51,47
NP9902639,128,3.9,5.5,26.8,26.8,56.0,0.0,0.0,0.0,0.0,99,72
NP9902676,127,68.5,68.5,77.2,77.2,46.0,39.1,78.3,82.6,41.3,104,81
NP9902730,98,75.5,75.5,76.5,76.5,40.0,45.0,81.8,86.4,52.3,76,58
NP9902802,103,50.5,50.5,54.4,54.4,36.0,27.8,55.6,55.6,27.8,85,67
NP9902842,55,50.9,52.8,82.1,72.6,32.0,31.2,46.2,87.5,46.9,23,23
NP9902843,128,40.6,40.6,49.2,49.2,62.0,12.9,25.8,25.8,12.9,97,66
NP9902851,132,100.0,100.0,100.0,100.0,44.0,50.0,100.0,100.0,50.0,110,88
NP9902885,114,52.6,52.6,64.9,64.9,30.0,26.7,46.7,66.7,40.0,99,84
NP9902897,74,6.8,12.2,32.4,32.4,43.0,4.7,9.5,23.8,11.9,53,31
NP9902925,130,90.8,90.8,90.8,90.8,16.0,50.0,100.0,100.0,50.0,122,114
NP9902930,107,66.4,66.4,69.2,69.2,20.0,20.0,40.0,40.0,23.3,97,87
NP9902950,60,11.7,11.7,20.0,20.0,,,,,,60,60
NP9902951,114,77.2,77.2,82.5,82.5,38.0,31.6,63.2,63.2,34.2,95,76
NP9902957,121,16.5,26.4,41.3,41.3,24.0,0.0,0.0,0.0,0.0,109,97
NP9902999,132,99.2,99.2,99.2,99.2,48.0,50.0,100.0,100.0,52.1,108,84
NP9903011,131,69.5,69.5,69.5,69.5,50.0,22.0,45.8,45.8,22.9,107,81
NP9903059,108,98.1,98.1,98.1,98.1,37.0,59.5,100.0,100.0,65.9,86,71
NP9903076,132,100.0,100.0,100.0,100.0,48.0,50.0,100.0,100.0,50.0,108,84
NP9903091,1,100.0,100.0,100.0,100.0,,,,,,1,1
NP9903119,102,45.1,45.1,60.8,60.8,32.0,37.5,75.0,81.2,40.6,86,70
NP9903125,100,100.0,100.0,100.0,100.0,20.0,55.0,100.0,100.0,59.1,89,80
NP9903128,111,99.1,99.1,99.1,99.1,26.0,50.0,100.0,100.0,57.7,97,85
NP9903144,115,35.7,35.7,39.1,39.1,49.0,18.4,26.7,37.5,20.8,91,66
NP9903168,110,62.7,62.7,67.3,67.3,60.0,33.3,66.7,73.3,38.3,80,50
NP9903170,132,34.8,37.1,59.1,59.1,52.0,17.3,38.5,46.2,26.9,106,80
NP9903172,110,94.5,94.4,96.2,95.3,8.0,62.5,100.0,100.0,70.0,101,102
NP9903205,60,100.0,100.0,100.0,100.0,16.0,50.0,57.1,100.0,56.2,52,44
NP9903257,12,100.0,100.0,100.0,100.0,1.0,100.0,100.0,100.0,100.0,11,11
NP9903262,132,47.7,47.7,50.8,50.8,40.0,22.5,45.0,65.0,32.5,112,92
NP9903265,73,100.0,100.0,100.0,100.0,28.0,64.3,100.0,100.0,72.2,55,45
NP9903298,48,0.0,0.0,2.1,2.1,,,,,,48,48
NP9903310,54,87.0,87.0,88.9,88.9,30.0,30.0,50.0,60.0,33.3,39,24
NP9903312,126,43.7,46.0,54.8,54.8,58.0,27.6,55.2,65.5,37.9,97,68
NP9903330,108,98.1,98.1,98.1,98.1,34.0,50.0,100.0,100.0,50.0,90,74
NP9903363,121,100.0,100.0,100.0,100.0,52.0,50.0,100.0,100.0,50.0,95,69
NP9903397,97,1.0,3.1,35.7,32.7,11.0,0.0,0.0,16.7,16.7,78,86
NP9903405,131,48.9,51.1,63.4,63.4,52.0,30.8,57.7,73.1,40.4,105,79
NP9903408,19,100.0,100.0,100.0,100.0,,,,,,19,19
NP9903456,124,34.7,34.7,44.4,44.4,46.0,10.9,21.7,26.1,13.0,101,78
NP9903457,131,90.8,90.8,92.4,92.4,32.0,28.1,56.2,56.2,28.1,115,99
NP9903466,56,82.1,82.1,82.1,82.1,26.0,46.2,92.3,92.3,46.2,43,30
NP9903471,120,66.7,67.5,75.0,75.0,68.0,42.6,85.3,94.1,63.2,86,52
NP9903482,132,100.0,100.0,100.0,100.0,36.0,50.0,100.0,100.0,50.0,114,96
NP9903501,122,9.0,15.6,32.8,32.8,80.0,2.5,5.0,5.0,2.5,82,42
NP9903518,95,45.3,48.4,49.5,49.5,84.0,28.6,54.8,57.1,34.5,53,11
NP9903523,22,0.0,9.1,9.1,9.1,4.0,0.0,0.0,0.0,0.0,18,18
NP9903526,113,94.7,94.7,94.7,94.7,18.0,55.6,100.0,100.0,60.0,103,95
NP9903528,65,100.0,100.0,100.0,100.0,38.0,52.6,100.0,100.0,52.6,46,27
NP9903531,139,82.0,82.0,82.0,82.0,48.0,39.6,79.2,79.2,39.6,115,91
NP9903543,102,1.0,4.1,36.0,33.7,22.0,0.0,0.0,9.1,4.5,75,80
NP9903544,90,100.0,100.0,100.0,100.0,11.0,54.5,100.0,100.0,58.3,84,79
NP9903548,103,100.0,100.0,100.0,100.0,31.0,51.6,100.0,100.0,62.5,87,72
NP9903549,17,29.4,29.4,41.2,41.2,2.0,50.0,50.0,50.0,50.0,15,15
NP9903555,132,31.8,33.6,42.0,42.0,8.0,12.5,25.0,25.0,12.5,127,124
NP9903569,120,66.7,69.6,69.6,67.4,12.0,33.3,66.7,66.7,33.3,109,108
NP9903584,104,93.3,93.2,93.2,93.2,30.0,50.0,100.0,100.0,50.0,88,74
NP9903585,135,74.1,73.7,78.2,78.2,66.0,40.9,75.8,81.8,47.0,100,69
NP9903602,121,99.2,99.2,99.2,99.2,46.0,52.2,100.0,100.0,58.7,98,75
NP9903604,17,100.0,100.0,100.0,100.0,10.0,60.0,60.0,100.0,83.3,11,7
NP9903607,132,70.5,70.5,72.7,72.7,60.0,43.3,86.7,86.7,45.0,102,72
NP9903613,130,3.1,3.8,14.8,14.3,50.0,2.0,3.3,8.0,6.0,97,80
NP9903614,54,98.1,98.1,98.1,98.1,15.0,53.3,80.0,100.0,56.2,46,39
NP9903617,110,99.1,99.1,99.1,99.1,56.0,51.8,100.0,100.0,51.8,80,54
NP9903619,132,72.0,72.0,72.0,72.0,36.0,50.0,94.4,94.4,58.3,114,96
NP9903624,40,100.0,100.0,100.0,100.0,14.0,50.0,100.0,100.0,50.0,33,26
NP9903627,1,100.0,100.0,100.0,100.0,1.0,100.0,100.0,100.0,100.0,0,0
NP9903644,104,100.0,100.0,100.0,100.0,32.0,53.1,100.0,100.0,55.9,87,72
NP9903655,121,96.7,96.6,96.6,96.6,42.0,59.5,100.0,100.0,61.9,95,79
NP9903656,130,3.1,8.5,29.2,29.2,76.0,0.0,0.0,5.3,2.6,92,54
NP9903659,78,98.7,98.7,98.7,98.7,31.0,54.8,100.0,100.0,58.8,61,47
NP9903667,59,1.7,3.4,25.4,25.4,26.0,0.0,0.0,57.1,35.7,45,33
NP9903671,133,41.4,43.5,51.1,50.8,66.0,6.1,12.1,15.2,7.6,98,67
NP9903676,108,77.8,77.8,79.6,79.6,41.0,34.1,60.9,60.9,41.3,85,67
NP9903677,42,92.9,92.7,92.7,92.7,6.0,83.3,100.0,100.0,90.0,36,36
NP9903678,102,100.0,100.0,100.0,100.0,26.0,50.0,100.0,100.0,57.7,89,76
NP9903679,54,100.0,100.0,100.0,100.0,29.0,55.2,100.0,100.0,59.4,38,25
NP9903685,132,37.9,39.4,40.9,40.9,55.0,29.1,61.5,61.5,30.8,106,77
NP9903688,102,97.1,97.1,99.0,99.0,30.0,56.7,100.0,100.0,62.5,86,72
NP9903693,48,43.8,43.8,61.4,59.1,2.0,0.0,0.0,0.0,0.0,43,46
NP9903694,130,12.3,13.1,21.5,21.5,20.0,5.0,10.0,30.0,15.0,120,110
NP9903695,121,96.7,96.7,96.7,96.7,46.0,50.0,100.0,100.0,54.3,98,75
NP9903703,131,96.2,96.2,96.2,96.2,42.0,50.0,100.0,100.0,52.4,110,89
NP9903706,120,92.5,92.3,92.3,92.3,34.0,52.9,100.0,100.0,58.3,99,86
NP9903708,57,98.2,98.2,98.2,98.2,29.0,51.7,100.0,100.0,56.7,42,28
NP9903712,121,62.0,62.0,63.6,63.6,46.0,10.9,21.7,30.4,15.2,98,75
NP9903713,137,95.6,95.6,96.4,96.4,40.0,47.5,95.0,100.0,50.0,117,97
NP9903715,135,95.6,95.6,95.6,95.6,68.0,50.0,100.0,100.0,50.0,101,67
NP9903719,22,86.4,86.4,86.4,86.4,,,,,,22,22
NP9903722,112,100.0,100.0,100.0,100.0,48.0,50.0,100.0,100.0,50.0,88,64
NP9903730,136,88.2,88.1,88.1,88.1,48.0,45.8,91.7,91.7,50.0,110,88
NP9903735,21,95.2,95.2,95.2,95.2,,,,,,21,21
NP9903739,115,97.4,97.4,98.2,98.2,63.0,47.6,96.8,100.0,51.1,83,52
NP9903741,60,100.0,100.0,100.0,100.0,3.0,100.0,100.0,100.0,100.0,57,57
NP9903744,137,86.1,86.1,86.1,86.1,8.0,50.0,100.0,100.0,50.0,133,129
NP9903750,131,100.0,100.0,100.0,100.0,46.0,50.0,100.0,100.0,50.0,108,85
NP9903755,136,89.0,88.5,88.5,88.5,50.0,52.0,100.0,100.0,52.0,106,86
NP9903756,120,2.5,3.3,33.3,33.3,18.0,5.6,11.1,55.6,27.8,111,102
NP9903760,123,95.1,95.1,95.1,95.1,43.0,48.8,95.5,100.0,51.6,102,80
NP9903764,117,100.0,100.0,100.0,100.0,50.0,50.0,100.0,100.0,50.0,92,67
NP9903770,74,100.0,100.0,100.0,100.0,21.0,61.9,100.0,100.0,69.2,61,53
NP9903771,36,100.0,100.0,100.0,100.0,6.0,50.0,100.0,100.0,50.0,33,30
NP9903772,14,100.0,100.0,100.0,100.0,11.0,81.8,80.0,100.0,95.2,5,3
NP9903774,1,100.0,100.0,100.0,100.0,,,,,,1,1
NP9903775,56,94.6,94.6,96.4,96.4,10.0,50.0,83.3,83.3,75.0,50,46
NP9903776,119,90.8,90.8,100.0,100.0,75.0,49.3,100.0,100.0,55.0,82,44
NP9903777,131,100.0,100.0,100.0,100.0,77.0,48.1,100.0,100.0,51.4,94,54
NP9903781,131,96.2,96.2,96.2,96.2,34.0,50.0,100.0,100.0,52.9,114,97
NP9903783,100,100.0,100.0,100.0,100.0,32.0,53.1,100.0,100.0,55.9,83,68
np0008812,2,100.0,100.0,100.0,100.0,,,,,,2,2
