line,stores,changed,base_hit,new_hit,cap_L1_old,cap_L1_new,blocks_old,blocks_new,cv_old,cv_new,compact_old,compact_new
000338545,103,0,0.981,0.981,0.101,0.101,11,11,0.754,0.754,0.288,0.288
000339039,135,1,0.97,0.963,0.103,0.095,6,6,0.443,0.445,0.565,0.505
000340007,124,3,1.0,0.976,0.126,0.126,11,11,0.78,0.781,0.67,0.67
000340101,101,2,1.0,0.98,0.069,0.086,6,8,0.378,0.703,0.459,0.49
000340501,101,3,0.96,0.95,0.36,0.366,5,5,0.124,0.124,0.398,0.308
000340591,111,10,1.0,0.919,0.039,0.069,9,11,0.515,0.638,0.497,0.509
000341803,66,1,0.924,0.924,0.22,0.142,5,5,0.15,0.161,0.447,0.447
000341860,119,22,0.941,0.882,0.131,0.251,6,7,0.458,0.644,0.405,0.396
000343720,25,0,0.8,0.8,0.779,0.779,5,5,0.44,0.44,0.509,0.509
000343775,79,8,0.987,0.949,0.055,0.083,13,13,0.951,0.936,0.541,0.541
000412000,44,12,0.818,0.795,0.481,0.472,8,16,0.608,1.223,0.429,0.871
000423268,72,14,0.931,0.778,0.193,0.246,7,12,0.652,1.116,0.516,0.796
000425319,72,5,1.0,0.931,0.126,0.172,5,6,0.288,0.521,0.548,0.581
000444100,38,26,0.763,0.763,0.499,0.458,21,31,1.267,1.479,0.726,1.0
000448996,39,3,1.0,0.949,0.175,0.283,6,6,0.25,0.153,0.41,0.456
000474825,116,0,0.991,0.991,0.165,0.165,7,7,0.484,0.484,0.399,0.399
000478015,51,14,0.353,0.353,0.264,0.283,10,11,0.88,0.97,0.565,0.481
000479151,126,2,1.0,0.984,0.131,0.115,5,5,0.04,0.056,0.449,0.452
000495972,64,2,0.531,0.531,0.432,0.416,8,8,0.758,0.757,0.466,0.473
000504766,54,39,0.519,0.5,0.658,0.623,23,30,1.378,1.379,0.6,0.881
000532987,110,6,1.0,0.945,0.096,0.117,5,8,0.186,0.779,0.513,0.513
000544784,61,15,0.689,0.689,0.052,0.08,10,10,0.971,0.983,0.804,0.699
000545650,63,42,0.238,0.206,0.267,0.253,8,8,0.728,0.744,0.435,0.368
000601353,123,0,0.911,0.911,0.079,0.079,7,7,0.627,0.627,0.433,0.433
000601363,55,63,0.145,0.145,1.08,0.984,6,9,0.449,0.91,0.398,0.766
000604272,33,11,0.606,0.606,0.345,0.342,20,24,1.537,1.672,0.713,0.953
000608772,60,12,0.85,0.7,0.215,0.287,14,14,1.11,1.11,0.581,0.56
000611030,36,6,0.472,0.472,0.508,0.418,9,13,0.765,1.003,0.466,1.0
000621190,45,26,0.467,0.467,0.437,0.415,24,27,0.755,0.875,0.495,0.554
000643531,51,33,0.353,0.373,0.123,0.157,8,9,0.759,0.866,0.541,0.369
000644322,118,2,0.966,0.958,0.09,0.097,9,10,0.831,0.928,0.565,0.603
000644405,76,1,0.724,0.724,0.268,0.276,21,21,1.198,1.208,0.6,0.6
000645986,22,12,0.455,0.455,0.427,0.401,24,24,0.714,0.708,0.532,0.463
000648339,22,26,0.5,0.5,0.319,0.274,5,5,0.14,0.154,0.399,0.277
000649981,79,9,0.975,0.899,0.286,0.286,6,10,0.753,1.166,0.417,0.615
000650808,26,3,0.923,0.808,0.871,0.833,5,6,0.897,1.136,0.628,0.814
000651389,82,0,0.927,0.927,0.257,0.257,5,5,0.084,0.084,0.426,0.426
000652136,103,4,1.0,0.971,0.186,0.186,6,7,0.446,0.616,0.41,0.427
000653294,23,0,0.913,0.913,1.117,1.117,5,5,0.738,0.738,0.6,0.6
000656726,23,31,0.565,0.565,0.216,0.206,30,40,0.722,0.919,0.579,0.74
000657892,89,0,0.91,0.91,0.201,0.201,7,7,0.425,0.425,0.422,0.422
000658193,55,2,0.891,0.855,0.544,0.532,10,11,0.897,0.938,0.716,0.719
000658550,14,5,0.0,0.214,0.57,0.647,4,4,0.395,0.395,0.742,0.742
000661437,108,26,0.898,0.741,0.309,0.253,13,14,1.091,1.05,0.621,0.774
000663253,38,0,0.974,0.974,0.443,0.443,5,5,0.707,0.707,0.514,0.514
000664988,18,1,0.222,0.222,1.232,1.255,20,21,0.794,0.842,0.645,0.658
000666131,131,2,0.992,0.985,0.093,0.108,5,6,0.109,0.449,0.368,0.417
000667049,55,37,0.4,0.382,0.692,0.675,13,14,1.077,1.106,0.505,0.744
000667325,47,16,0.319,0.255,0.3,0.347,12,21,0.828,1.296,0.445,0.937
000669395,19,23,0.474,0.474,0.621,0.627,6,8,0.933,0.807,0.609,0.665
000669401,14,4,1.0,0.929,1.411,1.229,3,4,0.708,0.921,0.267,0.408
000672773,74,4,0.797,0.797,0.33,0.254,13,13,0.632,0.608,0.384,0.384
000675049,47,3,0.957,0.915,0.795,0.785,16,17,1.213,1.262,0.566,0.652
000676068,5,0,0.2,0.2,0.637,0.678,10,10,0.583,0.583,0.497,0.497
000676593,9,4,0.111,0.222,1.244,1.064,5,6,0.53,0.582,1.0,1.0
000676638,72,11,0.5,0.472,0.462,0.544,21,21,0.847,0.857,0.709,0.72
000677137,47,2,0.681,0.681,0.322,0.3,5,5,0.041,0.054,0.258,0.251
000677953,69,16,0.565,0.565,0.43,0.438,10,18,0.839,1.306,0.582,1.0
000683993,52,48,0.385,0.423,0.2,0.17,6,8,0.425,0.743,0.289,0.455
000685128,76,5,1.0,0.987,0.351,0.327,12,13,0.968,1.011,0.593,0.568
000685195,97,31,0.619,0.619,0.477,0.568,18,28,0.871,1.215,0.562,0.645
000685565,124,0,0.976,0.976,0.198,0.206,10,10,0.811,0.811,0.375,0.375
000685659,77,13,0.857,0.857,0.119,0.058,5,8,0.166,0.67,0.425,0.432
000685664,102,0,1.0,1.0,0.114,0.114,9,9,0.813,0.813,0.354,0.354
000685767,80,12,0.975,0.875,0.194,0.211,8,9,0.722,0.784,0.374,0.403
000695113,127,5,0.992,0.969,0.028,0.065,6,6,0.459,0.458,0.436,0.41
000695117,3,0,0.667,0.667,0.57,0.57,5,5,0.35,0.35,1.0,1.0
000698771,121,6,1.0,0.975,0.152,0.17,6,7,0.34,0.481,0.427,0.477
000699200,123,0,0.976,0.976,0.114,0.114,5,5,0.148,0.148,0.296,0.296
000699805,123,8,0.984,0.943,0.112,0.099,13,18,0.851,1.118,0.477,0.508
000699979,132,0,1.0,1.0,0.084,0.084,5,5,0.096,0.096,0.625,0.625
000700020,132,0,1.0,1.0,0.069,0.069,5,5,0.142,0.142,0.397,0.397
000701809,58,24,0.707,0.69,0.403,0.403,26,35,1.484,1.711,0.833,1.0
000702280,27,7,0.889,0.704,1.147,0.912,4,6,0.922,0.969,0.597,0.564
000702358,117,0,1.0,1.0,0.051,0.051,6,6,0.469,0.469,0.601,0.601
000703627,69,1,0.971,0.957,0.424,0.442,6,6,0.462,0.455,0.619,0.608
000705502,44,14,0.682,0.591,0.693,0.549,12,15,1.087,0.873,0.96,0.929
000706671,73,14,0.877,0.836,0.212,0.072,7,7,0.63,0.697,0.675,0.521
000707336,68,25,0.662,0.544,0.514,0.511,14,21,0.598,0.845,0.54,0.681
000707342,28,1,0.679,0.679,0.339,0.327,29,29,0.884,0.881,0.673,0.673
000709902,94,3,0.947,0.947,0.222,0.234,5,8,0.128,0.767,0.322,0.677
000710328,2,11,0.5,0.0,1.239,1.331,3,4,1.088,1.199,1.0,1.0
000711323,73,3,0.945,0.932,0.236,0.222,5,7,0.352,0.72,0.41,0.605
000711850,132,1,0.992,0.985,0.086,0.08,6,7,0.406,0.593,0.393,0.436
000712217,119,14,0.672,0.664,0.363,0.37,7,9,0.735,1.0,0.52,0.52
000712433,24,9,0.917,0.833,0.208,0.179,7,9,0.589,0.823,0.433,0.49
000712516,39,12,0.256,0.256,0.559,0.526,5,9,0.664,1.187,0.279,0.563
000712606,110,4,0.964,0.936,0.101,0.094,8,10,0.738,0.943,0.496,0.557
000712608,43,8,0.837,0.744,0.44,0.513,12,15,1.081,1.232,0.558,0.689
000712667,113,0,0.956,0.956,0.116,0.116,6,6,0.488,0.488,0.369,0.369
000714057,98,7,0.888,0.878,0.536,0.518,25,28,1.264,1.321,1.0,1.0
000714395,77,10,1.0,0.974,0.317,0.269,18,21,1.011,1.105,0.514,0.496
000714922,50,5,0.84,0.76,0.35,0.247,9,11,0.658,0.77,0.397,0.44
000716325,53,0,0.811,0.811,0.214,0.251,8,8,0.704,0.704,0.449,0.449
000716327,98,1,0.969,0.969,0.202,0.202,5,5,0.303,0.29,0.352,0.345
000718160,8,4,0.875,0.75,1.304,0.625,2,4,0.091,0.538,0.297,0.907
000721070,128,24,0.992,0.852,0.146,0.096,5,5,0.128,0.35,0.396,0.272
000724728,81,0,0.593,0.593,0.777,0.777,11,11,1.028,1.028,0.708,0.708
000725968,132,0,1.0,1.0,0.066,0.066,10,10,0.687,0.687,0.335,0.335
000732776,48,7,0.375,0.354,0.285,0.308,6,6,0.474,0.469,0.595,0.471
000733133,70,3,0.271,0.271,0.317,0.317,9,12,0.833,1.105,0.65,0.863
000733235,116,8,0.879,0.845,0.241,0.233,6,8,0.341,0.677,0.204,0.296
000734397,11,0,0.909,0.909,1.139,1.139,3,3,0.6,0.6,0.449,0.449
000734621,95,8,0.916,0.874,0.173,0.145,7,12,0.75,1.223,0.385,0.938
000741130,129,1,1.0,0.992,0.04,0.04,5,5,0.151,0.15,0.406,0.315
000741226,52,14,0.135,0.135,0.271,0.245,9,11,0.818,1.011,0.382,0.595
000765513,62,12,0.984,0.79,0.371,0.258,6,8,0.707,0.775,0.439,0.447
000767735,46,10,0.717,0.717,0.343,0.343,6,9,0.462,0.869,0.475,0.462
000770730,109,4,0.927,0.899,0.248,0.274,11,12,0.598,0.681,0.272,0.316
000771486,121,0,1.0,1.0,0.066,0.066,5,5,0.171,0.171,0.289,0.289
000771641,129,7,1.0,0.984,0.071,0.063,5,7,0.111,0.628,0.597,0.622
000771816,77,2,0.987,0.974,0.234,0.22,11,11,1.189,1.194,0.753,0.716
000772089,119,1,1.0,1.0,0.178,0.17,5,5,0.102,0.113,0.404,0.404
000772527,122,0,0.992,0.992,0.198,0.206,12,12,0.857,0.857,0.381,0.381
000772623,50,16,0.68,0.64,0.287,0.174,9,14,0.926,1.142,0.473,0.618
000772790,66,6,1.0,0.909,0.231,0.231,6,7,0.574,0.734,0.609,0.474
000772796,23,19,0.913,0.783,0.277,0.281,6,7,0.407,0.792,0.35,0.459
000773393,79,10,0.975,0.949,0.241,0.266,10,10,0.993,0.994,0.696,0.697
000774113,105,6,0.981,0.933,0.289,0.267,5,8,0.123,0.75,0.387,0.574
000782263,65,4,0.8,0.785,0.374,0.347,7,7,0.728,0.711,0.307,0.291
000782275,23,3,0.957,0.826,0.797,0.797,5,6,0.925,1.041,0.645,0.639
000782642,140,1,0.943,0.936,0.054,0.062,11,11,0.953,0.951,0.504,0.49
000787397,26,16,0.885,0.923,0.705,0.651,14,14,0.967,1.027,0.566,0.483
000795399,30,21,0.2,0.2,0.341,0.341,12,25,0.871,1.452,0.498,1.0
000796635,84,22,0.845,0.786,0.19,0.19,6,13,0.425,1.136,0.535,0.768
000798424,130,5,0.977,0.938,0.168,0.179,5,5,0.29,0.257,0.302,0.282
000799013,10,3,0.1,0.1,1.088,1.088,6,7,1.237,1.209,1.0,1.0
000811058,113,5,0.973,0.947,0.042,0.049,6,7,0.378,0.575,0.451,0.435
000811371,60,3,0.95,0.917,0.476,0.444,6,8,0.657,0.923,0.243,0.293
000825758,36,28,0.528,0.528,0.374,0.406,7,11,0.545,0.858,0.586,0.738
000825796,107,1,1.0,1.0,0.308,0.3,11,12,0.885,0.968,0.47,0.493
000826064,60,45,0.667,0.5,0.314,0.472,7,7,0.603,0.73,0.276,0.265
000826911,20,1,0.4,0.4,0.658,0.658,4,5,0.346,0.603,0.231,0.271
000829112,33,9,0.97,0.697,1.119,1.004,3,5,0.965,1.296,0.356,0.513
000837348,83,53,0.711,0.554,0.373,0.495,10,12,0.893,0.744,0.553,0.521
000838047,42,23,0.643,0.643,0.261,0.277,5,5,0.208,0.228,0.276,0.23
000838882,31,7,0.355,0.387,0.574,0.476,8,9,0.721,0.892,0.64,1.0
000840245,98,4,0.847,0.837,0.232,0.229,6,9,0.443,0.869,0.402,0.609
000844662,11,4,1.0,0.727,0.848,0.887,3,5,0.196,0.648,0.36,0.505
000845240,63,33,0.032,0.016,0.183,0.282,19,25,0.745,0.904,0.553,0.666
000845597,112,0,0.938,0.938,0.152,0.152,8,8,0.61,0.61,0.412,0.412
000846281,33,4,0.848,0.848,0.519,0.501,7,10,0.994,1.287,0.66,1.0
000847598,52,7,0.692,0.692,0.754,0.745,6,7,0.469,0.649,0.516,0.491
000847739,105,11,0.81,0.8,0.179,0.21,6,7,0.461,0.644,0.415,0.439
000851279,31,17,0.419,0.387,0.232,0.203,7,9,0.639,0.86,0.387,0.391
000851281,96,4,0.969,0.938,0.215,0.192,5,5,0.4,0.355,0.428,0.336
000851283,3,3,0.0,0.0,1.049,0.774,3,4,0.372,0.456,0.66,0.703
000851322,41,3,0.976,0.902,0.598,0.555,4,6,0.38,0.766,0.5,0.772
000851717,89,13,0.663,0.663,0.188,0.229,24,26,1.001,0.984,0.835,0.835
000851729,109,13,0.954,0.844,0.329,0.304,10,13,0.773,0.987,0.627,0.727
000851730,79,10,0.696,0.671,0.234,0.222,37,39,1.443,1.5,1.0,1.0
000851773,135,8,0.97,0.933,0.08,0.103,5,7,0.13,0.625,0.278,0.282
000852009,52,4,1.0,0.923,0.461,0.481,5,6,0.437,0.607,0.442,0.58
000852603,72,5,0.944,0.917,0.358,0.302,5,6,0.579,0.714,0.387,0.434
000855033,80,2,0.988,0.963,0.334,0.334,6,6,0.45,0.444,0.493,0.318
000855364,67,2,0.851,0.851,0.127,0.152,5,7,0.139,0.635,0.476,0.551
000855388,133,2,0.992,0.977,0.074,0.084,5,6,0.131,0.464,0.348,0.36
000855395,29,15,0.655,0.69,0.523,0.523,6,8,0.728,0.892,0.406,0.692
000855576,49,12,0.898,0.796,0.429,0.227,6,9,0.839,1.037,0.581,0.602
000855577,87,17,0.437,0.414,0.235,0.273,5,6,0.162,0.403,0.358,0.381
000855578,67,3,0.881,0.866,0.253,0.261,10,11,0.674,0.772,0.46,0.472
000855582,72,1,0.639,0.639,0.263,0.294,33,33,0.915,0.911,0.642,0.642
000856001,44,29,0.409,0.341,0.269,0.466,10,14,0.823,1.038,0.324,0.565
000856514,50,19,0.88,0.58,0.562,0.365,4,7,0.544,0.655,0.559,0.511
000857154,37,9,0.649,0.432,0.381,0.622,5,5,0.541,0.637,0.352,0.351
000859299,48,5,0.896,0.792,0.137,0.119,5,7,0.192,0.602,0.53,0.53
000859505,40,21,0.375,0.375,0.398,0.331,7,10,0.594,0.831,0.413,0.365
000859827,80,43,0.4,0.325,0.126,0.213,8,12,0.595,1.005,0.372,0.779
000859839,31,0,0.968,0.968,1.078,1.078,2,2,0.6,0.6,0.255,0.255
000859841,107,1,0.953,0.953,0.163,0.191,5,6,0.239,0.51,0.375,0.452
000860516,53,34,0.453,0.396,0.167,0.286,29,33,0.9,0.944,0.677,0.827
000860562,14,16,0.286,0.143,0.216,0.315,8,15,0.421,0.673,0.541,0.776
000860828,120,7,1.0,0.967,0.203,0.177,5,5,0.363,0.345,0.418,0.435
000862367,59,4,0.864,0.847,0.436,0.42,6,9,0.599,0.996,0.571,0.625
000862716,72,23,0.819,0.806,0.155,0.155,5,8,0.162,0.719,0.36,0.39
000863973,28,7,0.893,0.893,0.597,0.592,7,10,0.69,0.986,0.517,0.814
000864355,135,2,0.956,0.948,0.069,0.062,8,10,0.67,0.887,0.438,0.519
000865348,67,26,0.657,0.597,0.339,0.258,8,10,0.727,0.94,0.471,0.392
000865709,132,2,1.0,0.985,0.078,0.093,5,6,0.145,0.452,0.454,0.456
000865960,77,0,0.961,0.961,0.193,0.193,12,12,0.617,0.617,0.416,0.416
000866035,1,0,0.0,0.0,1.615,1.615,1,1,0.0,0.0,0.697,0.697
000866096,36,0,1.0,1.0,0.605,0.605,12,12,0.913,0.913,0.863,0.863
000866110,59,12,0.949,0.898,0.348,0.364,5,7,0.153,0.621,0.371,0.37
000866115,99,12,0.99,0.919,0.314,0.306,6,7,0.456,0.642,0.46,0.395
000866118,51,26,0.51,0.471,0.433,0.566,27,38,0.992,1.108,0.804,0.818
000866857,25,10,0.2,0.2,0.26,0.46,14,13,1.257,1.173,0.921,0.842
000866984,82,0,0.866,0.866,0.182,0.182,10,10,0.957,0.957,0.725,0.725
000867936,101,1,0.891,0.891,0.167,0.176,5,5,0.201,0.214,0.551,0.538
000874142,31,12,0.935,0.71,0.479,0.382,8,10,0.755,0.855,0.732,0.495
000874284,143,11,0.909,0.86,0.127,0.097,5,5,0.065,0.143,0.396,0.383
000874293,71,9,0.859,0.803,0.123,0.153,6,6,0.452,0.481,0.444,0.408
000874295,111,6,0.937,0.928,0.12,0.12,8,8,0.624,0.624,0.299,0.3
000874299,59,11,0.949,0.949,0.24,0.26,5,7,0.08,0.639,0.285,0.416
000874372,20,10,0.4,0.3,0.757,0.385,3,5,0.154,0.525,0.413,0.501
000874584,100,10,0.92,0.89,0.112,0.107,5,5,0.15,0.198,0.41,0.394
000874807,101,4,0.911,0.901,0.137,0.155,9,9,0.793,0.781,0.553,0.448
000874881,6,0,0.333,0.333,0.653,0.653,3,3,0.314,0.314,0.286,0.286
000874956,54,15,0.481,0.463,0.17,0.207,9,12,0.723,0.977,0.478,0.57
000874960,47,18,0.681,0.532,0.188,0.316,6,7,0.282,0.493,0.415,0.375
000875125,125,4,0.952,0.928,0.106,0.092,5,5,0.134,0.16,0.526,0.501
000875858,13,2,0.462,0.462,0.311,0.311,6,6,0.289,0.313,0.4,0.423
DS0001426,12,11,0.083,0.0,0.736,0.841,15,17,0.784,0.782,0.638,0.638
DS0001773,79,11,0.747,0.709,0.382,0.458,7,9,0.545,0.782,0.538,0.59
DS0001866,85,12,0.859,0.847,0.089,0.175,11,12,0.73,0.793,0.554,0.59
NP0008185,11,1,0.0,0.091,1.339,1.214,5,6,0.637,0.673,0.675,0.838
NP0008447,110,59,0.673,0.627,0.213,0.215,9,18,0.801,1.017,0.434,0.573
NP0008452,56,2,1.0,1.0,0.518,0.499,5,6,0.483,0.648,0.397,0.472
NP0008680,44,46,0.023,0.045,0.088,0.164,7,10,0.596,0.835,0.612,0.553
NP0008682,8,18,0.375,0.375,1.008,0.928,11,17,0.989,1.153,0.591,0.834
NP0008722,58,24,0.845,0.793,0.288,0.377,7,10,0.377,0.831,0.315,0.518
NP0008812,112,4,0.982,0.955,0.275,0.247,7,10,0.613,0.951,0.479,0.763
NP0008855,81,4,0.716,0.667,0.286,0.407,15,15,0.861,0.847,0.546,0.546
NP0008869,1,3,1.0,1.0,0.535,0.535,7,9,0.955,1.193,0.556,1.0
NP0008904,104,7,0.952,0.904,0.355,0.346,8,12,0.796,1.135,0.637,1.0
NP0008997,98,0,0.847,0.847,0.485,0.485,6,6,0.381,0.381,0.457,0.457
NP0009078,6,3,0.0,0.0,0.949,0.981,3,5,0.514,0.727,0.894,1.0
NP0009098,65,4,0.954,0.908,0.087,0.083,5,6,0.085,0.427,0.322,0.299
NP0009123,59,36,0.576,0.492,0.446,0.449,13,18,1.0,1.022,0.713,0.719
NP0009132,98,26,0.51,0.48,0.322,0.307,8,16,0.556,1.087,0.543,0.616
NP0009135,112,3,0.857,0.848,0.052,0.103,7,7,0.535,0.552,0.413,0.421
NP0009147,94,1,0.883,0.883,0.259,0.259,16,17,1.065,1.111,0.659,0.676
NP0009223,102,0,0.824,0.824,0.205,0.205,13,13,0.972,0.972,0.552,0.552
NP0009295,90,0,0.867,0.867,0.107,0.116,38,38,1.098,1.098,0.76,0.76
NP0009377,23,6,0.348,0.304,0.946,0.805,12,16,1.162,1.33,1.0,1.0
NP0009432,131,0,1.0,1.0,0.08,0.08,8,8,0.758,0.758,0.465,0.465
NP0009462,17,0,0.824,0.824,0.797,0.797,3,3,0.243,0.243,0.378,0.378
NP0009527,106,2,1.0,0.981,0.164,0.191,8,10,0.73,0.933,0.568,0.568
NP0009568,62,47,0.194,0.226,0.332,0.318,8,16,0.579,1.012,0.393,0.472
NP0009581,22,1,0.864,0.818,0.411,0.444,5,6,0.605,0.745,0.603,0.678
NP0009660,130,0,1.0,1.0,0.074,0.074,5,5,0.119,0.119,0.341,0.341
NP0009668,71,3,0.944,0.93,0.19,0.183,5,6,0.133,0.464,0.404,0.398
NP0009672,52,8,0.827,0.731,0.72,0.689,13,14,1.058,1.043,0.673,0.7
NP0009743,98,20,0.663,0.592,0.104,0.138,11,14,0.873,0.963,0.439,0.433
NP0009778,120,5,0.967,0.933,0.033,0.066,7,8,0.495,0.648,0.638,0.495
NP0009832,128,0,0.992,0.992,0.085,0.085,5,5,0.166,0.166,0.463,0.463
NP0009925,113,4,0.982,0.982,0.089,0.08,5,5,0.106,0.117,0.421,0.419
NP0009959,38,5,0.842,0.789,0.363,0.34,5,7,0.031,0.598,0.235,0.286
NP0010006,13,13,0.231,0.154,0.345,0.208,8,9,0.709,0.401,0.546,0.486
NP0010020,125,5,0.944,0.92,0.077,0.094,5,5,0.058,0.051,0.334,0.31
NP0010026,131,1,1.0,0.992,0.089,0.089,10,11,0.854,0.943,0.433,0.45
NP0010054,58,8,0.983,0.845,0.216,0.234,5,8,0.193,0.685,0.419,0.491
NP0010076,38,21,0.632,0.605,0.256,0.381,12,16,0.985,1.242,0.495,0.633
NP0010123,125,0,1.0,1.0,0.075,0.075,5,5,0.125,0.125,0.474,0.474
NP0010161,96,8,0.792,0.74,0.256,0.309,18,19,0.816,0.817,0.613,0.633
NP0010177,112,7,0.982,0.946,0.146,0.106,5,6,0.28,0.518,0.322,0.315
NP0010210,58,12,0.517,0.517,0.209,0.213,24,27,1.034,1.11,0.531,0.702
NP0010233,97,21,0.66,0.639,0.311,0.366,10,12,0.932,1.044,0.805,0.688
NP0010236,17,19,0.471,0.294,0.383,0.592,11,19,1.039,1.274,0.615,0.814
NP0010249,60,2,0.833,0.817,0.265,0.279,12,12,0.779,0.774,0.536,0.536
NP0010283,122,6,0.902,0.852,0.204,0.204,12,12,1.004,1.039,0.802,0.802
NP0010285,47,10,1.0,0.83,0.399,0.361,6,8,0.708,0.956,0.424,0.445
NP0010307,36,14,0.306,0.306,0.397,0.733,16,19,0.892,0.964,0.526,1.0
NP0010323,87,6,0.977,0.966,0.054,0.036,10,9,0.687,0.623,0.479,0.613
NP0010380,34,4,1.0,1.0,0.305,0.323,7,7,0.577,0.573,0.394,0.415
NP0010444,129,3,0.938,0.922,0.04,0.047,5,5,0.138,0.139,0.469,0.469
NP0010481,109,4,1.0,0.963,0.09,0.108,12,14,0.873,1.011,0.421,0.528
NP0010485,5,0,0.8,0.8,1.043,1.043,3,3,0.0,0.0,0.603,0.603
NP0010486,3,6,0.333,0.333,0.558,0.447,5,8,0.605,0.831,0.782,0.916
NP0010498,128,0,0.984,0.984,0.089,0.089,8,8,0.588,0.588,0.354,0.354
NP0010660,108,3,0.944,0.935,0.087,0.087,9,10,0.826,0.923,0.359,0.423
NP0010665,112,7,0.973,0.929,0.109,0.127,5,6,0.074,0.423,0.54,0.495
NP0010670,119,12,1.0,0.958,0.115,0.136,5,8,0.119,0.768,0.406,0.453
NP0010674,68,4,0.794,0.794,0.134,0.179,6,8,0.443,0.749,0.41,0.456
NP0010683,44,32,0.5,0.523,0.404,0.292,6,8,0.602,0.709,0.436,0.442
NP0010688,17,1,0.941,0.941,0.377,0.438,9,9,0.785,0.74,1.0,1.0
NP0010748,80,17,0.662,0.55,0.15,0.222,12,10,0.707,0.739,0.496,0.621
NP0010807,112,1,1.0,0.991,0.142,0.152,10,10,0.801,0.801,0.405,0.408
NP0010842,10,4,0.7,0.5,1.019,0.68,5,6,1.27,0.898,1.0,1.0
NP0010891,78,2,0.962,0.949,0.168,0.168,5,5,0.103,0.11,0.293,0.294
NP0010900,90,8,0.889,0.844,0.176,0.169,6,7,0.357,0.524,0.26,0.255
NP0010920,55,2,0.945,0.927,0.603,0.632,9,9,1.285,1.309,1.0,1.0
NP0010987,13,6,0.385,0.462,0.253,0.292,6,7,0.299,0.484,0.414,0.432
NP0010989,27,8,0.481,0.407,0.459,0.4,14,17,0.972,1.072,0.652,1.0
NP0010995,10,2,0.3,0.1,0.784,0.827,4,4,0.648,0.636,0.566,0.541
NP0011002,27,17,0.444,0.296,0.22,0.376,5,8,0.067,0.604,0.396,0.445
NP0011031,83,8,0.795,0.747,0.167,0.182,12,13,0.957,1.045,0.52,0.532
NP0011048,143,1,0.895,0.888,0.228,0.22,18,19,0.961,1.005,0.669,0.675
NP0011053,65,7,0.6,0.6,0.311,0.252,15,16,1.138,1.184,0.608,0.613
NP0011086,44,12,0.886,0.818,0.218,0.248,5,6,0.117,0.449,0.503,0.474
NP0011095,100,11,1.0,0.9,0.227,0.213,8,11,0.4,0.655,0.524,0.475
NP0011110,108,10,0.991,0.926,0.051,0.071,10,13,0.91,1.103,0.589,0.726
NP0011136,139,1,0.914,0.906,0.201,0.183,12,12,0.932,0.937,0.676,0.67
NP0011145,31,8,0.161,0.161,0.608,0.63,15,17,0.923,1.039,0.61,0.641
NP0011152,67,5,0.896,0.866,0.181,0.177,8,10,0.577,0.8,0.378,0.417
NP0011171,81,9,0.963,0.901,0.18,0.204,6,6,0.439,0.451,0.324,0.301
NP0011193,48,0,0.979,0.979,0.395,0.405,9,9,0.659,0.659,0.563,0.563
NP0011290,3,16,0.0,0.0,1.111,1.056,7,13,0.897,0.952,1.0,1.0
NP0011348,113,4,0.973,0.938,0.082,0.09,9,11,0.711,0.902,0.557,0.577
NP0011350,45,11,0.667,0.622,0.25,0.285,5,8,0.046,0.727,0.419,0.529
NP0011376,6,2,0.833,0.5,0.956,0.917,5,7,0.522,0.606,1.0,1.0
NP0011405,26,15,0.462,0.462,0.442,0.401,5,7,0.12,0.624,0.363,0.482
NP0011431,23,4,0.478,0.478,0.259,0.334,6,8,0.416,0.72,0.534,0.583
NP0011436,110,1,0.991,0.982,0.275,0.283,6,6,0.369,0.372,0.424,0.429
NP0011437,125,0,1.0,1.0,0.258,0.258,6,6,0.372,0.372,0.604,0.604
NP0011469,100,16,0.74,0.71,0.158,0.171,10,12,0.532,0.711,0.346,0.432
NP0011478,47,0,0.872,0.872,0.321,0.321,8,8,0.645,0.645,0.322,0.322
NP0011525,95,2,0.947,0.926,0.147,0.136,18,18,0.953,0.967,0.495,0.495
NP0011547,68,25,0.765,0.574,0.286,0.327,7,9,0.541,0.664,0.507,0.486
NP0011578,15,5,0.2,0.2,1.062,0.681,4,4,0.577,0.577,0.796,0.796
NP0011681,24,4,0.333,0.333,0.204,0.204,5,6,0.185,0.444,0.39,0.419
NP0011736,14,2,0.286,0.286,0.858,0.963,8,8,0.488,0.488,0.418,0.418
NP0011803,15,2,0.4,0.4,0.678,0.648,6,7,0.375,0.559,0.379,0.422
NP0011816,89,6,1.0,0.944,0.066,0.314,5,6,0.081,0.311,0.287,0.498
NP8800017,119,3,1.0,0.992,0.28,0.28,5,5,0.255,0.272,0.347,0.456
NP8800018,118,2,0.992,0.983,0.191,0.199,8,9,0.402,0.537,0.327,0.347
NP8800045,68,2,0.926,0.926,0.552,0.552,5,5,0.486,0.486,0.262,0.262
NP8800052,89,9,1.0,0.899,0.441,0.415,7,7,0.901,0.87,0.634,0.681
NP8800054,118,4,1.0,0.966,0.028,0.039,12,15,0.99,1.194,0.47,0.543
NP8800075,65,19,0.938,0.846,0.182,0.138,6,11,0.34,0.976,0.286,0.667
NP8800079,101,5,0.99,0.96,0.074,0.074,6,8,0.463,0.774,0.407,0.458
NP8800110,50,20,0.82,0.8,0.14,0.176,8,9,0.784,0.903,0.315,0.357
NP8800114,76,1,0.632,0.632,0.579,0.579,6,6,0.496,0.492,0.542,0.534
NP8800119,118,5,1.0,0.966,0.068,0.086,7,7,0.669,0.664,0.295,0.286
NP8800166,26,1,1.0,0.962,0.31,0.342,6,7,0.671,0.812,0.614,0.668
NP8800190,29,9,0.897,0.621,0.396,0.36,7,13,0.85,1.113,0.48,1.0
NP8800197,70,24,0.543,0.543,0.071,0.121,9,7,0.659,0.483,0.552,0.463
NP8800212,88,45,0.898,0.705,0.14,0.231,6,8,0.412,0.437,0.332,0.312
NP8800236,51,35,0.627,0.627,0.124,0.161,12,13,0.801,0.856,0.599,0.445
NP8800246,131,1,0.847,0.847,0.07,0.091,5,5,0.145,0.152,0.485,0.485
NP8800253,51,33,0.078,0.216,0.201,0.194,10,21,0.739,1.199,0.495,1.0
NP8800254,21,0,0.19,0.19,0.511,0.511,6,6,0.427,0.427,0.567,0.567
NP8800295,104,5,0.962,0.933,0.101,0.084,5,5,0.131,0.152,0.5,0.506
NP8800323,32,0,0.875,0.875,0.888,0.888,6,6,0.332,0.332,0.371,0.371
NP8800351,74,0,0.743,0.743,0.288,0.32,11,11,0.481,0.481,0.331,0.331
NP8800357,77,2,1.0,1.0,0.475,0.464,13,15,0.989,1.113,0.565,0.633
NP8800371,41,29,0.049,0.049,0.095,0.298,10,11,0.862,0.993,0.516,0.563
NP8800409,107,12,0.869,0.822,0.356,0.348,12,16,0.942,1.192,0.478,0.678
NP8800414,53,0,0.981,0.981,0.199,0.199,7,7,0.482,0.482,0.428,0.428
NP8800415,5,0,0.8,0.8,1.309,1.309,2,2,0.0,0.0,0.591,0.591
NP8800420,12,4,0.833,0.75,0.605,0.61,11,13,0.859,1.018,0.902,1.0
NP8800426,32,3,0.969,0.938,0.4,0.448,14,13,0.91,0.901,0.535,0.525
NP8800445,42,42,0.548,0.524,0.538,0.593,19,21,0.612,0.746,0.4,0.438
NP8800446,88,2,0.966,0.943,0.225,0.194,9,10,0.697,0.775,0.433,0.468
NP8800449,90,3,0.978,0.967,0.213,0.239,8,9,0.638,0.736,0.398,0.4
NP8800460,78,15,0.808,0.705,0.412,0.452,16,18,0.879,0.967,0.416,0.584
NP8800465,77,8,0.805,0.779,0.292,0.314,6,8,0.389,0.671,0.43,0.477
NP8800476,127,0,1.0,1.0,0.111,0.111,15,15,1.169,1.169,0.732,0.732
NP8800477,2,1,0.0,0.0,1.267,1.267,2,2,0.714,0.714,0.791,0.791
NP8800480,67,0,0.761,0.761,0.351,0.351,10,10,0.708,0.708,0.495,0.495
NP8800481,112,1,0.982,0.973,0.079,0.077,5,5,0.133,0.131,0.375,0.371
NP8800491,117,0,1.0,1.0,0.057,0.057,6,6,0.441,0.441,0.343,0.343
NP8800493,100,19,0.89,0.85,0.201,0.269,25,25,1.096,1.088,0.721,0.65
NP8800497,74,31,0.919,0.851,0.221,0.24,12,13,1.085,1.088,0.617,0.67
NP8800502,57,73,0.333,0.351,0.411,0.457,16,19,0.715,1.003,0.522,0.626
NP8800525,114,25,0.904,0.825,0.394,0.477,8,8,0.48,0.545,0.51,0.509
NP8800534,61,2,0.984,0.984,0.196,0.196,7,7,0.521,0.507,0.416,0.463
NP8800550,4,1,0.5,0.5,0.926,0.969,4,4,1.193,1.193,1.0,1.0
NP8800557,15,5,0.0,0.0,0.666,0.509,4,5,0.45,0.49,0.492,0.52
NP8800567,106,0,1.0,1.0,0.079,0.079,19,19,0.815,0.815,0.586,0.586
NP8800580,5,0,0.8,0.8,1.164,1.164,3,3,0.968,0.968,1.0,1.0
NP8800589,24,13,0.583,0.583,0.185,0.173,17,17,0.869,0.862,0.523,0.515
NP8800592,119,32,0.739,0.655,0.269,0.267,5,10,0.128,0.768,0.518,0.429
NP8800607,9,4,1.0,1.0,1.315,1.133,2,3,0.385,0.784,0.486,0.844
NP8800609,74,5,0.946,0.932,0.312,0.299,8,10,0.677,0.882,0.47,0.473
NP8800613,38,3,0.632,0.658,0.488,0.498,12,14,0.904,1.026,0.423,0.53
NP8800630,98,42,0.112,0.235,0.129,0.236,14,26,1.121,1.41,0.815,1.0
NP8800632,13,3,0.923,0.923,1.184,1.018,2,3,0.0,0.54,0.357,0.278
NP8800638,5,6,1.0,1.0,1.524,1.548,10,11,0.541,0.66,0.463,0.478
NP8800645,19,10,0.474,0.474,0.421,0.642,5,5,0.409,0.308,0.519,0.424
NP8800649,15,11,0.467,0.467,0.581,0.396,7,10,0.856,0.842,0.961,1.0
NP8800651,132,0,1.0,1.0,0.082,0.082,5,5,0.13,0.13,0.185,0.185
NP8800664,101,19,0.901,0.772,0.355,0.414,9,11,0.782,0.991,0.304,0.636
NP8800679,110,0,0.945,0.945,0.121,0.143,7,7,0.517,0.517,0.41,0.41
NP8800682,104,0,0.933,0.933,0.076,0.076,5,5,0.217,0.217,0.351,0.351
NP8800686,47,50,0.106,0.34,0.259,0.16,16,30,1.1,1.513,0.7,1.0
NP8800691,132,0,1.0,1.0,0.089,0.089,6,6,0.256,0.256,0.405,0.405
NP8800694,71,3,0.915,0.873,0.434,0.518,6,7,0.639,0.78,0.543,0.577
NP8800696,126,11,0.96,0.889,0.268,0.29,7,10,0.632,0.957,0.528,0.783
NP8800706,16,10,0.312,0.25,0.533,0.648,9,12,0.738,0.769,0.686,0.633
NP8800711,4,2,0.0,0.0,1.462,1.288,3,5,0.624,0.958,0.238,1.0
NP8800715,111,7,0.991,0.964,0.097,0.088,12,11,0.827,0.793,0.524,0.479
NP8800722,40,7,0.8,0.75,0.632,0.653,5,7,0.729,0.929,0.548,0.463
NP8800736,12,0,0.0,0.0,0.986,0.986,2,2,0.375,0.375,0.426,0.426
NP8800744,44,0,0.977,0.977,0.667,0.667,5,5,0.57,0.57,0.516,0.516
NP8800760,29,21,0.655,0.655,0.217,0.267,14,14,0.861,1.0,0.509,0.609
NP8800763,23,6,0.783,0.783,0.583,0.936,4,3,0.591,0.736,0.48,0.744
NP8800765,28,5,0.5,0.5,0.316,0.564,8,8,0.793,0.793,0.703,0.794
NP8800784,118,1,0.992,0.983,0.089,0.094,11,11,0.863,0.861,0.493,0.493
NP8800795,64,17,1.0,0.734,0.692,0.471,6,8,0.663,1.049,0.704,0.603
NP8800805,69,28,0.667,0.652,0.259,0.323,5,8,0.067,0.746,0.485,0.433
NP8800811,82,5,0.976,0.915,0.271,0.249,5,6,0.187,0.489,0.666,0.579
NP8800813,114,5,0.982,0.947,0.144,0.144,6,6,0.492,0.487,0.35,0.336
NP8800848,83,7,0.964,0.964,0.097,0.107,9,12,0.82,1.079,0.542,0.774
NP8800856,32,2,0.469,0.469,0.702,0.575,8,9,0.775,0.857,0.569,0.599
NP8800857,116,0,0.983,0.983,0.092,0.109,7,7,0.429,0.429,0.477,0.477
NP8800871,12,6,1.0,0.5,1.779,0.883,1,3,0.0,0.354,0.647,0.657
NP8800873,19,19,0.105,0.368,0.506,0.533,8,11,0.433,0.5,0.362,0.476
NP8800882,130,4,1.0,0.977,0.051,0.051,5,6,0.156,0.468,0.374,0.339
NP8800893,74,1,0.959,0.946,0.202,0.202,5,5,0.141,0.131,0.439,0.435
NP8800900,51,15,0.784,0.706,0.827,0.779,8,15,1.13,1.426,0.788,1.0
NP8800902,122,3,0.992,0.975,0.149,0.149,5,5,0.212,0.197,0.422,0.429
NP8800903,97,8,0.959,0.918,0.186,0.195,5,5,0.19,0.168,0.502,0.397
NP8800909,127,40,0.268,0.276,0.188,0.188,5,10,0.039,0.9,0.297,0.289
NP8800922,9,1,0.111,0.111,1.121,1.121,3,4,0.374,0.678,0.435,0.603
NP8800931,12,12,0.167,0.083,0.81,0.321,6,6,1.006,0.863,0.998,0.814
NP8800935,106,2,1.0,0.981,0.16,0.16,5,5,0.278,0.282,0.556,0.536
NP8800937,29,16,0.862,0.862,0.482,0.559,8,10,0.688,0.801,0.383,0.564
NP8800956,22,14,0.773,0.545,0.379,0.197,5,5,0.446,0.242,0.36,0.493
NP8800963,84,0,1.0,1.0,0.302,0.302,16,16,1.168,1.168,0.608,0.608
NP8800966,125,1,0.992,0.984,0.148,0.148,9,10,0.758,0.857,0.569,0.578
NP8800969,94,0,0.915,0.915,0.056,0.056,5,5,0.31,0.31,0.305,0.305
NP8800973,51,16,0.941,0.941,0.654,0.712,8,8,0.628,0.6,0.404,0.348
NP8800975,51,24,0.843,0.843,0.142,0.162,10,13,1.041,1.058,0.617,0.46
NP8800980,131,0,1.0,1.0,0.058,0.058,8,8,0.654,0.654,0.385,0.385
NP8800981,57,11,0.386,0.386,0.277,0.287,22,22,1.175,1.129,0.879,0.751
NP8800984,6,0,1.0,1.0,1.494,1.494,2,2,0.0,0.0,0.368,0.368
NP8800985,22,14,0.182,0.182,0.705,0.727,12,15,0.924,1.071,0.517,0.516
NP8800993,120,10,0.842,0.892,0.048,0.155,10,10,0.594,0.594,0.475,0.406
NP8800997,68,14,0.735,0.647,0.297,0.292,7,10,0.532,0.889,0.405,0.442
NP8801006,63,8,0.952,0.825,0.425,0.404,5,7,0.323,0.589,0.288,0.341
NP8801015,17,8,0.176,0.176,0.43,0.465,16,16,1.126,1.138,1.0,1.0
NP8801016,25,17,0.6,0.56,0.716,0.299,5,9,0.599,0.839,0.583,0.631
NP8801023,86,2,0.965,0.942,0.193,0.193,6,6,0.339,0.342,0.603,0.599
NP8801025,27,10,0.222,0.222,0.524,0.498,6,11,0.333,0.956,0.401,0.71
NP8801028,43,31,0.256,0.256,0.597,0.637,20,27,0.73,0.877,0.665,0.688
NP8801031,95,11,0.705,0.695,0.408,0.392,8,11,0.71,0.979,0.482,0.468
NP8801037,73,41,0.288,0.288,0.274,0.282,10,15,1.115,0.824,0.4,0.583
NP8801040,78,15,0.795,0.692,0.209,0.264,12,13,0.746,0.704,0.467,0.437
NP8801042,83,5,0.831,0.819,0.262,0.243,13,13,1.16,1.163,0.566,0.554
NP8801045,1,19,0.0,0.0,1.551,1.6,8,8,0.488,0.478,0.465,0.508
NP8801046,116,12,0.974,0.922,0.155,0.155,6,9,0.449,0.871,0.599,0.669
NP8801048,66,15,0.5,0.515,0.144,0.148,12,13,0.815,0.765,0.558,0.529
NP8801061,95,4,0.989,0.979,0.177,0.173,7,9,0.477,0.732,0.351,0.388
NP8801062,82,1,0.878,0.866,0.362,0.362,5,6,0.265,0.522,0.459,0.489
NP8801063,33,15,0.576,0.576,1.05,1.008,3,4,0.63,0.969,0.442,0.79
NP8801065,133,0,0.992,0.992,0.053,0.053,8,8,0.649,0.649,0.347,0.347
NP8801066,76,2,1.0,1.0,0.22,0.226,10,11,0.837,0.921,0.387,0.404
NP8801067,107,5,0.991,0.944,0.295,0.282,6,6,0.482,0.479,0.383,0.222
NP8801078,29,12,0.414,0.345,0.768,0.625,8,13,0.899,1.064,0.546,1.0
NP8801079,21,23,0.429,0.476,0.978,1.006,17,19,0.585,0.543,0.402,0.402
NP8801080,100,0,0.93,0.93,0.343,0.343,14,14,1.06,1.06,0.499,0.499
NP8801083,48,8,0.771,0.75,0.312,0.38,5,7,0.133,0.617,0.491,0.492
NP8801085,47,4,0.979,0.979,0.223,0.223,8,8,0.745,0.77,0.456,0.459
NP8801099,125,4,0.952,0.944,0.221,0.21,19,20,1.208,1.233,0.536,0.56
NP8801101,112,17,0.768,0.679,0.065,0.064,17,24,0.727,0.991,0.354,0.532
NP8801102,3,9,0.0,0.0,0.688,0.522,6,7,0.5,0.514,0.914,1.0
NP8801114,64,3,0.938,0.922,0.582,0.599,8,9,0.986,1.088,0.768,0.873
NP8801117,55,3,0.945,0.945,0.252,0.251,5,6,0.272,0.524,0.575,0.523
NP8801128,18,11,0.0,0.0,0.624,0.567,7,10,0.655,0.746,0.857,0.738
NP8801129,61,7,0.459,0.41,0.194,0.174,21,23,1.095,1.157,1.0,1.0
NP8801130,70,10,0.8,0.786,0.156,0.238,13,13,0.845,1.012,0.541,0.686
NP9900738,49,23,0.49,0.49,0.163,0.147,9,11,0.758,0.963,0.423,0.454
NP9900847,32,20,0.5,0.5,0.63,0.622,8,11,0.685,0.934,0.414,0.509
NP9900886,81,3,0.741,0.728,0.296,0.362,11,12,0.524,0.595,0.474,0.5
NP9900957,104,1,0.981,0.971,0.089,0.105,5,5,0.231,0.23,0.335,0.308
NP9901052,13,6,0.385,0.385,0.747,0.875,16,17,0.882,0.91,0.904,1.0
NP9901079,91,0,0.791,0.791,0.33,0.345,11,11,0.878,0.878,0.643,0.643
NP9902255,127,2,1.0,0.984,0.045,0.037,6,6,0.407,0.409,0.374,0.37
NP9902323,100,51,0.45,0.38,0.21,0.126,7,14,0.565,1.154,0.286,0.73
NP9902466,120,0,1.0,1.0,0.048,0.048,5,5,0.058,0.058,0.369,0.369
NP9902501,54,10,0.796,0.796,0.288,0.288,7,8,0.581,0.721,0.424,0.443
NP9902504,103,3,0.981,0.971,0.086,0.102,23,24,1.507,1.539,1.0,1.0
NP9902535,64,45,0.484,0.438,0.071,0.18,11,17,0.897,1.103,0.575,0.489
NP9902541,57,12,1.0,1.0,0.342,0.34,14,13,0.763,0.756,0.441,0.398
NP9902616,59,34,0.254,0.305,0.583,0.519,4,7,0.41,0.836,0.391,0.505
NP9902639,60,49,0.167,0.167,0.366,0.398,9,13,0.727,0.863,0.531,0.538
NP9902676,103,10,0.806,0.709,0.154,0.237,14,15,0.523,0.6,0.489,0.536
NP9902730,75,15,0.96,0.907,0.383,0.433,8,10,0.597,0.715,0.576,0.576
NP9902802,64,16,0.703,0.656,0.228,0.315,17,17,0.908,0.915,0.653,0.653
NP9902842,38,23,0.447,0.368,0.255,0.361,9,9,0.896,0.958,0.64,0.635
NP9902843,79,5,0.709,0.709,0.25,0.266,6,7,0.402,0.593,0.361,0.406
NP9902851,132,8,1.0,0.977,0.034,0.047,5,5,0.143,0.147,0.332,0.269
NP9902885,78,12,0.769,0.705,0.333,0.326,11,15,0.928,1.218,0.648,1.0
NP9902897,36,34,0.5,0.5,0.208,0.256,17,25,1.145,1.162,1.0,1.0
NP9902925,119,4,0.992,0.958,0.059,0.073,9,10,0.764,0.855,0.498,0.558
NP9902930,78,1,0.91,0.91,0.106,0.123,6,6,0.481,0.485,0.548,0.497
NP9902950,12,0,0.583,0.583,0.46,0.46,7,7,0.502,0.502,0.55,0.55
NP9902951,95,1,0.926,0.926,0.308,0.299,9,9,0.787,0.786,0.457,0.46
NP9902957,61,33,0.508,0.508,0.156,0.202,13,14,0.866,0.931,0.637,0.669
NP9902999,132,0,0.992,0.992,0.087,0.087,6,6,0.421,0.421,0.41,0.41
NP9903011,92,3,1.0,0.978,0.158,0.158,6,8,0.421,0.733,0.451,0.468
NP9903059,106,3,1.0,0.972,0.129,0.138,5,5,0.241,0.254,0.493,0.478
NP9903076,132,4,1.0,0.985,0.064,0.062,5,6,0.103,0.416,0.46,0.509
NP9903091,2,3,0.0,0.0,0.924,1.424,3,1,0.354,0.0,1.0,0.598
NP9903119,65,0,0.723,0.723,0.179,0.179,9,9,0.839,0.839,0.452,0.452
NP9903125,102,2,0.912,0.892,0.228,0.271,8,8,0.486,0.481,0.438,0.438
NP9903128,110,0,0.991,0.991,0.081,0.081,8,8,0.705,0.705,0.375,0.375
NP9903144,55,17,0.564,0.564,0.232,0.286,16,17,0.903,1.015,0.586,0.584
NP9903168,74,10,0.932,0.892,0.275,0.275,5,7,0.187,0.63,0.338,0.369
NP9903170,88,28,0.557,0.466,0.075,0.138,6,10,0.426,0.873,0.574,0.512
NP9903172,110,0,0.9,0.9,0.167,0.193,15,15,0.977,0.977,0.495,0.495
NP9903205,62,21,0.661,0.645,0.27,0.206,5,6,0.496,0.47,0.393,0.415
NP9903257,14,3,0.571,0.571,1.258,1.311,3,5,0.548,1.014,0.522,1.0
NP9903262,67,1,0.94,0.94,0.098,0.098,15,16,1.049,1.103,0.628,0.673
NP9903265,73,7,1.0,0.945,0.217,0.217,8,10,0.718,0.906,0.357,0.461
NP9903298,1,0,0.0,0.0,1.0,1.0,8,8,0.712,0.712,0.68,0.68
NP9903310,50,16,0.9,0.8,0.304,0.237,9,10,0.535,0.772,0.543,0.673
NP9903312,79,8,0.734,0.709,0.072,0.078,6,6,0.452,0.454,0.334,0.353
NP9903330,111,1,0.982,0.973,0.228,0.228,7,7,0.664,0.661,0.396,0.396
NP9903363,121,3,1.0,0.983,0.068,0.077,6,7,0.465,0.633,0.536,0.537
NP9903397,30,5,0.067,0.1,0.238,0.158,13,13,0.696,0.702,0.662,0.661
NP9903405,91,16,0.78,0.758,0.076,0.084,7,12,0.613,1.062,0.391,0.875
NP9903408,26,12,0.769,0.731,0.893,0.597,6,6,0.627,0.663,0.595,0.58
NP9903456,69,26,0.667,0.623,0.367,0.387,5,5,0.108,0.089,0.353,0.182
NP9903457,122,2,0.984,0.984,0.124,0.155,7,9,0.614,0.87,0.472,0.492
NP9903466,46,4,1.0,0.935,0.619,0.551,4,6,0.647,0.981,0.51,0.808
NP9903471,93,2,0.871,0.86,0.311,0.311,16,17,1.294,1.36,1.0,1.0
NP9903482,133,1,0.992,0.985,0.061,0.069,5,5,0.151,0.141,0.472,0.483
NP9903501,68,42,0.382,0.368,0.143,0.135,16,25,1.309,1.603,0.936,1.0
NP9903518,55,23,0.891,0.709,0.413,0.392,7,10,0.559,0.889,0.41,0.448
NP9903523,3,6,0.667,0.667,1.511,1.365,5,10,0.445,0.916,0.449,1.0
NP9903526,110,2,0.973,0.964,0.159,0.16,6,6,0.454,0.458,0.328,0.238
NP9903528,67,5,0.985,0.91,0.346,0.362,5,5,0.189,0.2,0.311,0.289
NP9903531,114,0,1.0,1.0,0.131,0.131,10,10,0.894,0.894,0.452,0.452
NP9903543,31,8,0.129,0.129,0.24,0.215,13,15,0.737,0.786,0.599,0.652
NP9903544,93,2,0.978,0.957,0.303,0.296,5,5,0.141,0.129,0.644,0.415
NP9903548,114,6,0.93,0.895,0.153,0.134,5,5,0.21,0.222,0.509,0.377
NP9903549,10,1,0.5,0.5,0.809,0.76,5,6,0.68,0.834,0.629,0.651
NP9903555,70,7,0.657,0.643,0.383,0.391,5,9,0.091,0.85,0.23,0.432
NP9903569,80,0,1.0,1.0,0.311,0.311,7,7,0.466,0.466,0.223,0.223
NP9903584,97,0,0.99,0.99,0.106,0.106,5,5,0.172,0.172,0.459,0.459
NP9903585,122,15,0.828,0.73,0.386,0.408,5,7,0.172,0.651,0.358,0.358
NP9903602,121,3,0.992,0.967,0.084,0.092,10,13,0.771,1.004,0.49,0.63
NP9903604,20,11,0.55,0.6,0.72,0.663,6,8,0.962,0.877,0.74,0.826
NP9903607,96,5,0.781,0.74,0.517,0.533,6,6,0.315,0.31,0.34,0.34
NP9903613,18,24,0.222,0.222,0.019,0.228,16,18,0.838,0.905,0.544,0.552
NP9903614,59,26,0.831,0.847,0.189,0.331,6,6,0.565,0.649,0.283,0.473
NP9903617,112,3,0.964,0.955,0.13,0.13,9,9,0.814,0.815,0.535,0.512
NP9903619,97,3,0.979,0.959,0.219,0.235,7,9,0.577,0.833,0.487,0.56
NP9903624,40,0,0.9,0.9,0.543,0.543,6,6,0.89,0.89,0.645,0.645
NP9903627,4,5,0.0,0.75,1.008,0.713,3,4,0.0,0.333,1.0,1.0
NP9903644,106,0,0.981,0.981,0.099,0.099,5,5,0.099,0.099,0.374,0.374
NP9903655,115,7,0.904,0.87,0.121,0.103,5,5,0.315,0.289,0.472,0.434
NP9903656,62,36,0.306,0.306,0.049,0.075,6,11,0.504,1.068,0.374,1.0
NP9903659,93,1,0.871,0.86,0.485,0.493,6,6,0.45,0.452,0.408,0.392
NP9903667,31,32,0.226,0.129,0.5,0.343,9,17,0.717,1.013,0.347,0.561
NP9903671,76,14,0.803,0.803,0.114,0.106,9,12,0.824,1.062,0.543,0.524
NP9903676,98,8,0.755,0.735,0.08,0.123,10,10,0.725,0.679,0.404,0.433
NP9903677,42,3,0.929,0.905,0.517,0.576,7,8,0.739,0.857,0.45,0.583
NP9903678,106,13,0.972,0.887,0.068,0.053,5,6,0.012,0.398,0.354,0.351
NP9903679,54,6,0.926,0.833,0.424,0.402,7,9,0.527,0.657,0.568,0.563
NP9903685,61,11,0.852,0.787,0.286,0.232,5,6,0.133,0.47,0.22,0.192
NP9903688,104,0,0.971,0.971,0.109,0.109,8,8,0.648,0.648,0.392,0.392
NP9903693,31,11,0.065,0.065,0.706,0.674,9,12,0.811,1.008,0.664,0.927
NP9903694,31,13,0.581,0.548,0.794,0.76,7,12,0.638,1.123,0.379,0.903
NP9903695,118,2,0.992,0.992,0.051,0.06,7,8,0.615,0.75,0.487,0.521
NP9903703,131,0,0.977,0.977,0.073,0.073,5,5,0.115,0.115,0.433,0.433
NP9903706,108,6,1.0,0.963,0.168,0.143,5,5,0.184,0.204,0.407,0.267
NP9903708,63,14,0.889,0.857,0.475,0.446,4,6,0.4,0.827,0.295,0.535
NP9903712,78,10,0.962,0.962,0.366,0.317,7,8,0.586,0.617,0.38,0.38
NP9903713,134,0,0.978,0.978,0.119,0.119,6,6,0.472,0.472,0.266,0.266
NP9903715,129,11,1.0,0.93,0.078,0.117,6,9,0.337,0.784,0.403,0.449
NP9903716,7,0,0.286,0.286,0.99,0.99,4,4,0.78,0.78,0.695,0.695
NP9903719,22,1,0.909,0.909,0.524,0.496,4,5,0.356,0.595,0.435,0.57
NP9903722,112,1,1.0,0.991,0.095,0.112,6,6,0.365,0.368,0.32,0.312
NP9903730,120,1,0.983,0.975,0.109,0.109,6,7,0.437,0.613,0.508,0.54
NP9903735,20,23,1.0,1.0,1.179,0.679,4,4,0.17,0.17,0.576,0.576
NP9903739,118,18,0.754,0.729,0.137,0.204,8,11,0.581,0.89,0.453,0.523
NP9903741,60,0,1.0,1.0,0.039,0.039,5,5,0.033,0.033,0.411,0.411
NP9903744,118,0,1.0,1.0,0.17,0.17,11,11,0.585,0.585,0.556,0.556
NP9903750,132,1,1.0,0.992,0.045,0.053,5,5,0.137,0.141,0.416,0.412
NP9903755,117,16,1.0,0.957,0.093,0.029,7,9,0.397,0.583,0.278,0.299
NP9903756,48,6,0.229,0.229,0.296,0.227,21,23,0.849,0.898,0.439,0.461
NP9903760,122,8,0.877,0.836,0.123,0.136,8,9,0.635,0.706,0.5,0.561
NP9903764,117,1,1.0,1.0,0.144,0.144,8,8,0.722,0.721,0.448,0.455
NP9903770,97,4,0.732,0.722,0.687,0.655,5,6,0.185,0.375,0.49,0.461
NP9903771,50,2,0.72,0.72,0.403,0.371,5,5,0.303,0.28,0.302,0.172
NP9903772,50,15,0.26,0.22,0.61,0.7,12,17,0.692,0.849,0.501,0.885
NP9903774,4,9,0.5,0.0,0.696,0.693,4,6,0.538,0.375,0.976,1.0
NP9903775,70,10,0.743,0.729,0.294,0.187,5,6,0.389,0.509,0.282,0.287
NP9903776,123,3,0.699,0.683,0.207,0.292,23,24,1.304,1.331,1.0,1.0
NP9903777,137,16,0.854,0.766,0.103,0.115,12,14,0.832,1.059,0.298,0.461
NP9903781,126,0,1.0,1.0,0.091,0.091,6,6,0.392,0.392,0.502,0.502
NP9903783,100,0,1.0,1.0,0.112,0.112,7,7,0.682,0.682,0.638,0.638
np0008812,2,0,1.0,1.0,0.0,0.0,2,2,0.333,0.333,1.0,1.0
