line,city,special,kind2,cover,blocks_worked,blocks,svc_wd_hit,miss_cell_pct
000338545,天津市,False,区块全开·星期照做,0.91,11,11,0.961,0.0
000339039,汕头市,False,区块全开·星期照做,0.961,6,6,0.96,0.0
000340007,广州市,False,区块全开·星期照做,0.949,10,11,0.816,2.9
000340101,佛山市,False,区块全开·星期照做,0.888,6,6,0.9,10.7
000340501,郑州市,False,区块全开·店和星期都有欠,0.733,5,5,0.709,3.4
000340591,深圳市,False,区块全开·星期照做,1.0,9,9,0.93,0.0
000341803,惠州市,False,区块全开·星期照做,0.85,5,5,0.841,5.3
000341860,郑州市,False,区块全开·星期自己定,0.854,6,6,0.77,4.8
000343720,重庆市,False,区块全开·星期照做,1.0,5,5,1.0,0.0
000343775,扬州市,False,区块缺了没开,0.833,10,13,0.663,25.8
000412000,北京市,False,区块全开·店和星期都有欠,0.576,8,8,0.588,27.5
000423268,大连市,False,区块全开·星期照做,0.972,7,7,0.82,0.0
000425319,深圳市,False,区块全开·星期照做,0.954,5,5,0.924,0.0
000444100,北京市,False,区块缺了没开,0.581,17,21,0.447,29.3
000448996,合肥市,False,区块全开·星期照做,1.0,6,6,0.961,0.0
000474825,广州市,False,区块全开·星期照做,0.895,7,7,0.884,8.7
000478015,哈尔滨市,False,区块全开·店和星期都有欠,0.461,9,10,0.285,32.0
000479151,中山市,False,区块全开·星期照做,0.995,5,5,0.986,0.0
000495972,石家庄市,False,区块缺了没开,0.629,6,8,0.429,18.0
000504766,济南市,False,区块缺了没开,0.478,19,23,0.201,25.6
000532987,泉州市,False,区块全开·星期照做,0.978,5,5,0.9,0.0
000544784,北京市,False,区块缺了没开,0.561,8,10,0.499,20.0
000545650,太原市,True,特殊·换人/归属待查,0.483,6,8,0.07,26.9
000601353,东莞市,False,区块全开·星期照做,0.951,7,7,0.959,2.9
000601363,长春市,True,特殊·换人/归属待查,0.665,5,6,0.086,11.1
000604272,北京市,True,特殊·换人/归属待查,0.389,11,20,0.117,54.3
000608772,沈阳市,False,区块大面积没开工,0.692,8,14,0.423,33.3
000611030,上海市,False,区块全开·星期自己定,0.851,9,9,0.539,5.6
000621190,青岛市,True,特殊·换人/归属待查,0.445,13,24,0.148,46.9
000643531,天津市,False,区块缺了没开,0.391,7,8,0.323,37.9
000644322,海口市,False,区块缺了没开,0.876,8,9,0.817,4.3
000644405,漳州市,False,区块缺了没开,0.819,17,21,0.612,22.5
000645986,朔州市,True,特殊·换人/归属待查,0.262,13,24,0.138,51.2
000648339,保定市,False,区块全开·店和星期都有欠,0.414,5,5,0.269,36.4
000649981,东莞市,False,区块缺了没开,0.885,5,6,0.75,4.2
000650808,上海市,False,区块全开·星期照做,0.923,5,5,0.905,0.0
000651389,石家庄市,False,区块全开·店和星期都有欠,0.668,5,5,0.625,6.2
000652136,长沙市,False,区块全开·星期照做,0.923,6,6,0.874,7.7
000653294,大连市,False,区块全开·星期照做,1.0,5,5,0.98,0.0
000656726,金华市,True,特殊·换人/归属待查,0.322,15,30,0.096,51.4
000657892,苏州市,False,区块全开·星期自己定,0.812,7,7,0.76,0.0
000658193,上海市,False,区块全开·星期照做,0.99,10,10,0.975,0.0
000658550,绵阳市,True,特殊·换人/归属待查,1.0,4,4,0.0,0.0
000661437,大连市,False,区块全开·星期自己定,0.965,13,13,0.693,6.7
000663253,南京市,False,区块全开·星期照做,0.859,5,5,0.91,10.0
000664988,青岛市,True,特殊·换人/归属待查,0.083,7,20,0.02,77.1
000665947,宝鸡市,True,特殊·换人/归属待查,0.216,5,15,0.067,81.8
000666131,深圳市,False,区块全开·星期照做,0.971,5,5,0.963,5.9
000667049,长春市,True,特殊·换人/归属待查,0.52,8,13,0.158,48.6
000667325,乌鲁木齐市,False,区块缺了没开,0.343,9,12,0.224,44.1
000669395,重庆市,True,特殊·换人/归属待查,0.881,6,6,0.108,15.4
000669401,兰州市,False,区块全开·星期照做,0.909,3,3,0.837,28.6
000672773,沈阳市,False,区块全开·店和星期都有欠,0.667,13,13,0.538,18.2
000675049,大连市,False,区块缺了没开,0.66,11,16,0.572,27.6
000676068,沈阳市,True,特殊·换人/归属待查,0.054,2,10,0.009,87.5
000676593,唐山市,False,区块全开·星期自己定,1.0,5,5,0.2,0.0
000676638,淄博市,False,区块缺了没开,0.657,15,21,0.308,34.1
000677137,长春市,False,区块全开·店和星期都有欠,0.52,5,5,0.439,15.0
000677953,潍坊市,False,区块全开·店和星期都有欠,0.62,10,10,0.591,15.2
000683993,包头市,True,特殊·换人/归属待查,0.552,6,6,0.198,11.1
000685128,佛山市,False,区块全开·星期自己定,0.887,12,12,0.632,14.3
000685195,金华市,False,区块全开·店和星期都有欠,0.757,17,18,0.522,12.8
000685565,厦门市,False,区块全开·星期照做,0.943,10,10,0.964,0.0
000685659,深圳市,False,区块全开·星期自己定,0.842,5,5,0.762,0.0
000685664,佛山市,False,区块缺了没开,0.844,8,9,0.738,4.0
000685767,广州市,False,区块全开·星期照做,0.882,8,8,0.89,9.4
000695113,中山市,False,区块缺了没开,0.933,5,6,0.758,4.8
000695117,成都市,False,区块缺了没开,0.714,4,5,0.7,20.0
000698771,深圳市,False,区块全开·星期照做,0.867,6,6,0.829,11.1
000699200,湛江市,False,区块全开·星期照做,0.949,5,5,0.949,0.0
000699805,汕头市,False,区块全开·星期照做,0.995,13,13,0.945,0.0
000699979,广州市,False,区块全开·星期照做,1.0,5,5,1.0,0.0
000700020,广州市,False,区块全开·星期照做,0.996,5,5,0.997,0.0
000701809,北京市,False,区块缺了没开,0.525,20,26,0.331,23.7
000702280,贵阳市,False,区块全开·星期照做,1.0,4,4,0.935,0.0
000702358,上海市,False,区块全开·星期照做,0.902,6,6,0.93,0.0
000703627,常州市,False,区块全开·星期照做,0.907,6,6,0.903,7.7
000705502,,False,区块全开·星期自己定,1.0,12,12,0.642,0.0
000706671,徐州市,False,区块全开·店和星期都有欠,0.76,7,7,0.755,14.3
000707336,阜阳市,False,区块全开·星期自己定,0.832,13,14,0.338,2.4
000707342,芜湖市,False,区块缺了没开,0.331,23,29,0.379,38.5
000709902,无锡市,False,区块全开·店和星期都有欠,0.801,5,5,0.779,0.0
000710328,嘉兴市,True,特殊·换人/归属待查,1.0,3,3,0.03,0.0
000711323,上海市,False,区块全开·星期照做,1.0,5,5,0.971,0.0
000711850,深圳市,False,区块全开·区块内欠访,0.826,6,6,0.839,8.6
000712217,昆明市,False,区块全开·星期自己定,0.98,7,7,0.71,0.0
000712433,郑州市,False,区块缺了没开,0.473,6,7,0.323,45.0
000712516,烟台市,True,特殊·换人/归属待查,0.317,5,5,0.047,53.3
000712606,包头市,False,区块缺了没开,0.804,7,8,0.724,5.9
000712608,沈阳市,False,区块缺了没开,0.468,9,12,0.41,47.8
000712667,广州市,False,区块全开·星期照做,1.0,6,6,1.0,0.0
000714057,北京市,False,区块全开·星期自己定,0.749,23,25,0.744,12.7
000714395,西安市,False,区块全开·星期照做,0.955,18,18,0.855,6.7
000714922,西宁市,False,区块全开·星期照做,0.896,9,9,0.826,0.0
000716325,广州市,False,区块缺了没开,0.595,7,8,0.603,9.1
000716327,肇庆市,False,区块全开·星期照做,0.931,5,5,0.936,5.9
000718160,银川市,False,区块全开·星期自己定,1.0,2,2,0.25,0.0
000721070,西安市,False,区块全开·星期照做,0.921,5,5,0.825,0.0
000724728,济南市,False,区块全开·店和星期都有欠,0.602,10,11,0.385,26.1
000725968,三亚市,False,区块全开·店和星期都有欠,0.848,10,10,0.761,5.9
000732776,温州市,False,区块缺了没开,0.507,5,6,0.284,41.2
000733133,潍坊市,False,区块全开·店和星期都有欠,0.558,9,9,0.393,8.8
000733235,哈尔滨市,False,区块全开·店和星期都有欠,0.81,6,6,0.714,0.0
000734397,重庆市,False,区块全开·星期自己定,1.0,3,3,0.667,0.0
000734621,无锡市,False,区块全开·星期照做,0.972,7,7,0.802,0.0
000741130,深圳市,False,区块全开·星期照做,0.86,5,5,0.848,15.4
000741226,烟台市,False,区块缺了没开,0.415,8,9,0.207,31.0
000765513,武汉市,False,区块全开·星期自己定,0.885,6,6,0.788,17.4
000767735,北京市,False,区块缺了没开,0.437,5,6,0.276,17.6
000770730,厦门市,False,区块全开·星期照做,0.938,11,11,0.91,2.9
000771486,广州市,False,区块全开·星期照做,0.88,5,5,0.886,14.3
000771641,珠海市,False,区块全开·星期照做,0.954,5,5,0.91,0.0
000771816,福州市,False,区块全开·星期照做,0.985,11,11,0.941,0.0
000772089,广州市,False,区块全开·星期照做,0.944,5,5,0.938,0.0
000772527,厦门市,False,区块全开·星期照做,0.88,12,12,0.865,11.8
000772623,武汉市,False,区块缺了没开,0.792,8,9,0.426,10.7
000772790,昆明市,False,区块全开·星期自己定,0.986,6,6,0.737,0.0
000772796,兰州市,False,区块全开·星期自己定,0.905,6,6,0.639,12.5
000773393,郑州市,False,区块全开·店和星期都有欠,0.694,9,10,0.725,12.1
000774113,太原市,False,区块全开·店和星期都有欠,0.799,5,5,0.777,16.7
000782263,昆明市,False,区块全开·星期照做,0.951,7,7,0.905,0.0
000782275,昆明市,False,区块全开·星期照做,0.96,5,5,0.923,0.0
000782642,惠州市,False,区块全开·星期照做,0.854,11,11,0.864,8.1
000787397,哈尔滨市,True,特殊·换人/归属待查,0.435,10,14,0.195,52.2
000795399,天津市,True,特殊·换人/归属待查,0.244,8,12,0.038,41.9
000796635,呼和浩特市,False,区块全开·店和星期都有欠,0.63,6,6,0.397,4.8
000798424,上海市,False,区块全开·星期照做,0.9,5,5,0.898,0.0
000799013,唐山市,True,特殊·换人/归属待查,0.75,4,6,0.083,25.0
000811058,深圳市,False,区块全开·区块内欠访,0.83,6,6,0.816,7.4
000811371,贵阳市,False,区块全开·星期照做,0.959,6,6,0.929,7.1
000825758,合肥市,False,区块全开·店和星期都有欠,0.537,7,7,0.242,26.5
000825796,南通市,False,区块缺了没开,0.748,8,11,0.54,25.0
000826064,太原市,False,区块缺了没开,0.691,6,7,0.312,16.7
000826911,杭州市,False,区块全开·星期自己定,0.88,4,4,0.762,9.1
000829112,重庆市,False,区块全开·星期自己定,0.837,3,3,0.428,0.0
000837348,重庆市,False,区块全开·星期自己定,0.977,10,10,0.578,5.6
000838047,北京市,False,区块全开·店和星期都有欠,0.48,5,5,0.318,0.0
000838882,重庆市,False,区块全开·星期自己定,0.957,8,8,0.281,0.0
000840245,上海市,False,区块缺了没开,0.679,5,6,0.544,10.0
000843187,苏州市,True,特殊·换人/归属待查,0.0,0,6,0.0,100.0
000844662,成都市,False,区块全开·店和星期都有欠,0.731,3,3,0.552,25.0
000845240,咸阳市,True,特殊·换人/归属待查,0.614,14,19,0.019,34.2
000845597,茂名市,False,区块全开·星期照做,0.976,8,8,0.962,12.5
000846281,合肥市,False,区块全开·店和星期都有欠,0.639,7,7,0.631,10.0
000847598,北京市,False,区块缺了没开,0.508,5,6,0.343,6.2
000847739,石家庄市,False,区块全开·店和星期都有欠,0.746,6,6,0.678,4.3
000851279,北京市,True,特殊·换人/归属待查,0.392,6,7,0.16,11.8
000851281,成都市,False,区块全开·星期照做,1.0,5,5,0.954,0.0
000851283,成都市,False,区块全开·星期照做,1.0,3,3,0.875,0.0
000851322,成都市,False,区块全开·星期照做,1.0,4,4,0.968,0.0
000851717,眉山市,False,区块全开·星期自己定,0.922,24,24,0.652,0.0
000851729,西安市,False,区块全开·星期照做,0.913,10,10,0.864,2.9
000851730,青岛市,False,区块缺了没开,0.472,26,37,0.292,31.9
000851773,深圳市,False,区块全开·星期照做,0.97,5,5,0.94,0.0
000852009,成都市,False,区块全开·星期照做,0.916,5,5,0.902,0.0
000852603,成都市,False,区块全开·星期照做,0.914,5,5,0.874,0.0
000855033,上海市,False,区块缺了没开,0.662,5,6,0.542,12.5
000855364,杭州市,False,区块全开·店和星期都有欠,0.568,5,5,0.503,20.0
000855388,杭州市,False,区块全开·星期照做,0.912,5,5,0.903,8.3
000855395,上海市,False,区块全开·星期自己定,0.929,6,6,0.457,7.7
000855576,上海市,False,区块缺了没开,0.882,5,6,0.665,9.1
000855577,石家庄市,False,区块全开·店和星期都有欠,0.591,5,5,0.297,15.8
000855578,泰州市,False,区块全开·店和星期都有欠,0.447,9,10,0.434,22.2
000855582,青岛市,False,区块大面积没开工,0.336,18,33,0.207,51.7
000856001,温州市,True,特殊·换人/归属待查,0.528,8,10,0.169,32.6
000856514,重庆市,False,区块全开·星期自己定,1.0,4,4,0.516,0.0
000857154,,False,区块全开·星期照做,1.0,5,5,0.875,0.0
000859299,成都市,False,区块全开·星期照做,1.0,5,5,0.922,0.0
000859505,宁波市,True,特殊·换人/归属待查,0.435,6,7,0.193,41.7
000859827,天津市,True,特殊·换人/归属待查,0.865,8,8,0.132,5.6
000859839,无锡市,False,区块全开·星期照做,0.844,2,2,0.848,0.0
000859841,厦门市,False,区块全开·星期照做,0.919,5,5,0.918,6.2
000860516,滨州市,True,特殊·换人/归属待查,0.524,21,29,0.152,27.9
000860562,宁波市,True,特殊·换人/归属待查,0.519,8,8,0.115,31.2
000860828,长沙市,False,区块全开·星期照做,0.956,5,5,0.907,0.0
000862367,上海市,False,区块全开·店和星期都有欠,0.397,6,6,0.257,41.0
000862716,青岛市,False,区块全开·店和星期都有欠,0.558,5,5,0.427,5.3
000863973,秦皇岛市,False,区块全开·星期自己定,0.985,7,7,0.779,0.0
000864355,苏州市,False,区块全开·区块内欠访,0.789,8,8,0.818,17.4
000865348,太原市,False,区块缺了没开,0.528,6,8,0.23,29.6
000865709,广州市,False,区块全开·星期照做,0.941,5,5,0.939,5.3
000865960,广州市,False,区块全开·星期照做,0.891,12,12,0.921,5.4
000866035,贵阳市,False,区块全开·星期照做,1.0,1,1,1.0,0.0
000866096,370800,False,区块缺了没开,0.6,10,12,0.833,19.0
000866110,上海市,False,区块全开·店和星期都有欠,0.36,5,5,0.292,27.8
000866115,西安市,False,区块缺了没开,0.889,5,6,0.698,8.3
000866118,常州市,True,特殊·换人/归属待查,0.364,16,27,0.062,45.0
000866857,沈阳市,True,特殊·换人/归属待查,0.253,7,14,0.037,55.6
000866984,东莞市,False,区块缺了没开,0.807,8,10,0.674,11.1
000867936,江门市,False,区块全开·星期照做,0.877,5,5,0.869,4.2
000874142,惠州市,False,区块全开·店和星期都有欠,0.73,8,8,0.529,5.9
000874284,深圳市,False,区块全开·星期照做,0.883,5,5,0.826,0.0
000874293,厦门市,False,区块缺了没开,0.924,5,6,0.739,0.0
000874295,西安市,False,区块全开·店和星期都有欠,0.714,8,8,0.679,16.7
000874299,北京市,False,区块全开·店和星期都有欠,0.502,5,5,0.445,7.7
000874372,合肥市,False,区块全开·星期自己定,0.643,3,3,0.298,0.0
000874584,佛山市,False,区块全开·店和星期都有欠,0.832,5,5,0.769,0.0
000874807,沈阳市,False,区块缺了没开,0.682,7,9,0.489,17.4
000874881,成都市,False,区块全开·星期照做,0.889,3,3,0.806,0.0
000874956,南京市,True,特殊·换人/归属待查,0.346,9,9,0.111,28.6
000874960,大连市,False,区块全开·店和星期都有欠,0.727,6,6,0.306,13.3
000875125,西安市,False,区块全开·星期照做,0.93,5,5,0.885,0.0
000875131,广州市,False,区块全开·店和星期都有欠,0.811,4,4,0.664,25.0
000875858,邯郸市,False,区块全开·店和星期都有欠,0.49,6,6,0.502,13.3
DS0001426,滨州市,True,特殊·换人/归属待查,0.275,6,15,0.139,63.3
DS0001773,阜阳市,False,区块缺了没开,0.765,6,7,0.556,6.2
DS0001866,宜昌市,False,区块全开·星期自己定,0.777,11,11,0.721,16.7
NP0008185,乐山市,True,特殊·换人/归属待查,1.0,5,5,0.167,0.0
NP0008447,佛山市,False,区块全开·星期自己定,0.964,9,9,0.491,2.4
NP0008452,贵阳市,False,区块全开·星期照做,0.9,5,5,0.892,7.1
NP0008680,天津市,True,特殊·换人/归属待查,0.403,6,7,0.022,5.0
NP0008682,宁波市,True,特殊·换人/归属待查,0.366,6,11,0.175,50.0
NP0008722,南京市,True,特殊·换人/归属待查,0.369,7,7,0.18,51.3
NP0008812,长沙市,False,区块全开·星期照做,1.0,7,7,0.965,0.0
NP0008855,阳江市,False,区块全开·星期照做,1.0,15,15,0.873,0.0
NP0008869,成都市,False,区块缺了没开,0.935,6,7,0.702,8.3
NP0008904,西安市,False,区块全开·星期照做,0.891,8,8,0.905,2.6
NP0008997,佛山市,False,区块全开·星期照做,0.975,6,6,0.926,4.0
NP0009078,大连市,True,特殊·换人/归属待查,0.818,2,3,0.067,16.7
NP0009098,达州市,False,区块全开·星期照做,0.981,5,5,0.912,0.0
NP0009123,宁波市,False,区块缺了没开,0.905,10,13,0.561,16.1
NP0009132,青岛市,False,区块缺了没开,0.556,7,8,0.205,35.3
NP0009135,东莞市,False,区块缺了没开,0.808,6,7,0.7,12.0
NP0009147,南京市,False,区块缺了没开,0.765,14,16,0.686,19.6
NP0009223,金华市,False,区块全开·星期照做,0.954,13,13,0.892,0.0
NP0009295,苏州市,False,区块缺了没开,0.822,34,38,0.782,10.6
NP0009377,唐山市,True,特殊·换人/归属待查,0.418,8,12,0.075,32.0
NP0009432,广州市,False,区块全开·星期自己定,0.897,8,8,0.799,6.2
NP0009462,上海市,False,区块全开·星期照做,0.896,3,3,0.886,12.5
NP0009527,合肥市,False,区块缺了没开,0.975,7,8,0.862,0.0
NP0009568,石家庄市,True,特殊·换人/归属待查,0.51,7,8,0.136,22.2
NP0009581,成都市,False,区块全开·星期照做,1.0,5,5,0.98,0.0
NP0009660,福州市,False,区块全开·星期照做,0.983,5,5,0.986,0.0
NP0009668,杭州市,False,区块全开·店和星期都有欠,0.677,5,5,0.653,7.1
NP0009672,上海市,False,区块缺了没开,0.717,11,13,0.558,22.6
NP0009743,台州市,False,区块全开·店和星期都有欠,0.706,10,11,0.516,12.5
NP0009778,深圳市,False,区块全开·星期照做,0.929,7,7,0.895,4.2
NP0009832,三亚市,False,区块全开·星期照做,0.956,5,5,0.963,0.0
NP0009925,广州市,False,区块全开·星期照做,0.964,5,5,0.943,0.0
NP0009959,大同市,False,区块全开·店和星期都有欠,0.469,5,5,0.411,14.3
NP0010006,邯郸市,False,区块缺了没开,0.574,7,8,0.4,27.3
NP0010020,北京市,False,区块全开·店和星期都有欠,0.727,5,5,0.709,17.4
NP0010026,深圳市,False,区块全开·星期自己定,0.868,9,10,0.751,8.5
NP0010054,成都市,False,区块全开·星期自己定,0.817,5,5,0.745,10.5
NP0010076,呼和浩特市,True,特殊·换人/归属待查,0.462,7,12,0.129,28.0
NP0010123,东莞市,False,区块全开·星期照做,0.871,5,5,0.871,3.4
NP0010161,厦门市,False,区块全开·星期照做,0.924,18,18,0.871,6.1
NP0010177,武汉市,False,区块全开·星期照做,0.889,5,5,0.864,0.0
NP0010210,泰州市,True,特殊·换人/归属待查,0.48,17,24,0.185,32.6
NP0010233,柳州市,False,区块全开·星期自己定,0.727,10,10,0.734,6.7
NP0010236,沧州市,False,区块全开·店和星期都有欠,0.463,10,11,0.275,23.3
NP0010249,上海市,False,区块全开·区块内欠访,0.845,12,12,0.811,7.1
NP0010283,莆田市,False,区块全开·星期照做,0.99,12,12,0.893,0.0
NP0010285,成都市,False,区块缺了没开,0.851,5,6,0.68,16.7
NP0010307,威海市,True,特殊·换人/归属待查,0.442,11,16,0.114,40.6
NP0010323,曲靖市,False,区块全开·星期照做,1.0,10,10,0.973,0.0
NP0010380,泰州市,True,特殊·换人/归属待查,0.283,5,7,0.195,35.7
NP0010444,深圳市,False,区块全开·区块内欠访,0.833,5,5,0.817,0.0
NP0010481,无锡市,False,区块全开·星期照做,0.898,12,12,0.878,4.9
NP0010485,德州市,True,特殊·换人/归属待查,0.139,2,3,0.111,78.6
NP0010486,德州市,True,特殊·换人/归属待查,0.333,2,5,0.067,64.3
NP0010498,广州市,False,区块全开·星期照做,0.995,8,8,0.994,0.0
NP0010660,武汉市,False,区块全开·星期照做,0.893,9,9,0.913,3.1
NP0010665,武汉市,False,区块全开·星期照做,0.931,5,5,0.893,5.6
NP0010670,佛山市,False,区块全开·星期照做,0.899,5,5,0.843,0.0
NP0010674,常州市,False,区块全开·店和星期都有欠,0.715,6,6,0.565,21.4
NP0010683,昆明市,False,区块缺了没开,0.832,5,6,0.299,21.1
NP0010688,成都市,False,区块全开·星期照做,1.0,9,9,0.978,0.0
NP0010748,商丘市,False,区块全开·星期自己定,0.898,12,12,0.712,9.5
NP0010807,清远市,False,区块全开·星期照做,1.0,10,10,0.997,0.0
NP0010842,兰州市,False,区块全开·星期照做,1.0,5,5,0.933,0.0
NP0010891,无锡市,False,区块全开·店和星期都有欠,0.689,5,5,0.65,3.6
NP0010900,青岛市,False,区块全开·店和星期都有欠,0.564,6,6,0.528,10.5
NP0010920,曲靖市,False,区块全开·星期自己定,1.0,9,9,0.754,0.0
NP0010987,滨州市,True,特殊·换人/归属待查,0.277,6,6,0.136,50.0
NP0010989,秦皇岛市,True,特殊·换人/归属待查,0.344,6,14,0.094,47.4
NP0010995,合肥市,False,区块全开·店和星期都有欠,0.467,4,4,0.264,11.1
NP0011002,西安市,False,区块全开·店和星期都有欠,0.457,5,5,0.23,6.2
NP0011031,眉山市,False,区块全开·星期照做,1.0,12,12,0.937,0.0
NP0011048,台州市,False,区块缺了没开,0.706,14,18,0.473,32.4
NP0011053,台州市,False,区块全开·店和星期都有欠,0.574,14,15,0.549,17.1
NP0011086,北京市,True,特殊·换人/归属待查,0.291,5,5,0.22,29.4
NP0011095,武汉市,False,区块全开·店和星期都有欠,0.757,8,8,0.647,0.0
NP0011110,西安市,False,区块全开·星期自己定,0.939,9,10,0.777,8.1
NP0011136,玉林市,False,区块缺了没开,0.92,10,12,0.727,6.7
NP0011145,泰安市,True,特殊·换人/归属待查,0.179,10,15,0.021,54.1
NP0011152,杭州市,False,区块缺了没开,0.479,7,8,0.343,42.9
NP0011171,深圳市,False,区块全开·店和星期都有欠,0.663,6,6,0.664,0.0
NP0011193,芜湖市,False,区块缺了没开,0.57,6,9,0.525,22.2
NP0011290,德州市,True,特殊·换人/归属待查,0.556,4,7,0.024,66.7
NP0011299,合肥市,True,特殊·换人/归属待查,0.0,0,4,0.0,100.0
NP0011348,南宁市,False,区块全开·星期照做,0.874,9,9,0.901,5.9
NP0011350,北京市,False,区块全开·店和星期都有欠,0.34,5,5,0.246,40.0
NP0011376,成都市,False,区块全开·星期自己定,0.923,5,5,0.793,0.0
NP0011405,北京市,True,特殊·换人/归属待查,0.151,4,5,0.049,58.6
NP0011431,北京市,True,特殊·换人/归属待查,0.168,5,6,0.08,44.0
NP0011436,东莞市,False,区块全开·区块内欠访,0.806,6,6,0.83,6.2
NP0011437,西宁市,False,区块全开·星期照做,0.987,6,6,0.99,0.0
NP0011469,宝鸡市,False,区块全开·星期自己定,0.826,9,10,0.594,0.0
NP0011478,苏州市,False,区块缺了没开,0.305,6,8,0.222,51.7
NP0011525,肇庆市,False,区块全开·星期自己定,0.826,17,18,0.752,12.5
NP0011547,厦门市,False,区块全开·店和星期都有欠,0.879,7,7,0.571,7.1
NP0011578,曲靖市,False,区块全开·星期自己定,1.0,4,4,0.25,0.0
NP0011681,北京市,True,特殊·换人/归属待查,0.181,4,5,0.046,69.2
NP0011736,北京市,True,特殊·换人/归属待查,0.25,6,8,0.112,60.0
NP0011803,北京市,True,特殊·换人/归属待查,0.152,5,6,0.06,58.3
NP0011810,宁波市,True,特殊·换人/归属待查,0.151,5,7,0.089,63.2
NP0011816,重庆市,False,区块全开·星期自己定,0.824,5,5,0.755,0.0
NP0011874,佛山市,False,区块全开·店和星期都有欠,0.623,6,6,0.607,9.1
NP0011994,佛山市,False,区块全开·店和星期都有欠,0.75,2,2,0.75,0.0
NP0011998,杭州市,False,区块缺了没开,0.986,5,6,0.82,7.7
NP0012033,南京市,True,特殊·换人/归属待查,0.25,1,2,0.188,60.0
NP8800017,泉州市,False,区块全开·星期照做,0.935,5,5,0.92,0.0
NP8800018,泉州市,False,区块全开·星期照做,0.913,8,8,0.922,8.3
NP8800045,昆明市,False,区块全开·星期照做,0.95,5,5,0.812,0.0
NP8800052,佛山市,False,区块全开·星期自己定,0.965,7,7,0.627,0.0
NP8800054,湛江市,False,区块全开·星期照做,1.0,12,12,0.972,0.0
NP8800075,郑州市,False,区块全开·店和星期都有欠,0.79,6,6,0.694,17.9
NP8800079,武汉市,False,区块全开·星期照做,0.918,6,6,0.846,3.4
NP8800110,上海市,False,区块缺了没开,0.447,6,8,0.342,11.5
NP8800114,无锡市,False,区块缺了没开,0.707,5,6,0.513,16.0
NP8800119,惠州市,False,区块缺了没开,0.894,6,7,0.766,5.3
NP8800166,西宁市,False,区块全开·星期照做,0.937,6,6,0.938,0.0
NP8800190,嘉兴市,False,区块全开·星期照做,0.964,7,7,0.852,0.0
NP8800197,襄阳市,False,区块缺了没开,0.667,7,9,0.286,28.6
NP8800212,洛阳市,False,区块全开·星期自己定,0.768,6,6,0.513,31.2
NP8800236,商丘市,True,特殊·换人/归属待查,0.677,10,12,0.176,13.6
NP8800246,衡阳市,False,区块全开·星期照做,0.991,5,5,0.975,0.0
NP8800253,天津市,True,特殊·换人/归属待查,0.5,8,10,0.039,30.8
NP8800254,宝鸡市,False,区块缺了没开,0.8,5,6,0.57,18.2
NP8800295,芜湖市,False,区块全开·店和星期都有欠,0.765,5,5,0.754,0.0
NP8800323,370800,False,区块全开·店和星期都有欠,0.533,6,6,0.375,47.4
NP8800351,安阳市,False,区块全开·星期自己定,0.793,10,11,0.775,16.0
NP8800357,广州市,False,区块全开·星期照做,0.899,12,13,0.859,7.4
NP8800371,潍坊市,True,特殊·换人/归属待查,0.406,10,10,0.018,22.2
NP8800391,广州市,False,区块全开·星期照做,0.885,5,5,0.912,0.0
NP8800398,眉山市,True,特殊·换人/归属待查,0.068,1,9,0.037,88.9
NP8800409,徐州市,False,区块全开·店和星期都有欠,0.778,12,12,0.551,3.4
NP8800414,菏泽市,False,区块全开·星期照做,0.883,7,7,0.855,6.2
NP8800415,330500,True,特殊·换人/归属待查,0.208,2,2,0.167,57.1
NP8800420,南阳市,True,特殊·换人/归属待查,0.448,6,11,0.175,53.6
NP8800426,盐城市,False,区块缺了没开,0.415,10,14,0.395,50.0
NP8800445,赤峰市,False,区块缺了没开,0.592,16,19,0.277,27.6
NP8800446,中山市,False,区块全开·星期照做,0.983,9,9,0.968,3.1
NP8800449,长春市,False,区块缺了没开,0.733,7,8,0.696,5.3
NP8800460,清远市,False,区块全开·星期照做,1.0,16,16,0.835,0.0
NP8800465,哈尔滨市,False,区块全开·店和星期都有欠,0.635,6,6,0.477,22.7
NP8800476,莆田市,False,区块全开·星期照做,1.0,15,15,1.0,0.0
NP8800477,乐山市,False,区块全开·星期自己定,1.0,2,2,0.416,0.0
NP8800480,漳州市,False,区块全开·星期照做,0.901,9,10,0.834,25.0
NP8800481,南充市,False,区块全开·星期照做,0.921,5,5,0.908,0.0
NP8800491,呼和浩特市,False,区块缺了没开,0.877,5,6,0.74,7.7
NP8800493,菏泽市,False,区块缺了没开,0.72,18,25,0.49,26.9
NP8800497,阳江市,False,区块全开·星期自己定,0.967,11,12,0.594,4.2
NP8800502,吉林市,True,特殊·换人/归属待查,0.601,16,16,0.151,17.4
NP8800525,襄阳市,False,区块缺了没开,0.85,7,8,0.718,8.3
NP8800534,重庆市,False,区块全开·星期照做,0.984,7,7,0.972,0.0
NP8800550,大连市,True,特殊·换人/归属待查,0.824,4,4,0.192,16.7
NP8800557,兰州市,False,区块全开·星期照做,0.842,4,4,0.804,28.6
NP8800567,无锡市,False,区块全开·星期照做,0.842,18,19,0.81,13.2
NP8800580,上海市,False,区块全开·星期自己定,0.842,3,3,0.767,0.0
NP8800589,邯郸市,False,区块缺了没开,0.416,15,17,0.346,22.6
NP8800592,温州市,False,区块全开·店和星期都有欠,0.718,5,5,0.449,18.2
NP8800607,乐山市,False,区块全开·星期自己定,1.0,2,2,0.445,0.0
NP8800609,苏州市,False,区块缺了没开,0.743,6,8,0.55,29.0
NP8800613,泰州市,True,特殊·换人/归属待查,0.3,7,12,0.134,57.5
NP8800630,天津市,True,特殊·换人/归属待查,0.653,13,14,0.039,13.6
NP8800632,乌鲁木齐市,False,区块全开·星期照做,1.0,2,2,0.916,0.0
NP8800638,聊城市,True,特殊·换人/归属待查,0.115,7,10,0.1,66.7
NP8800645,兰州市,False,区块全开·星期自己定,1.0,5,5,0.581,0.0
NP8800649,重庆市,False,区块全开·星期自己定,0.964,7,7,0.403,0.0
NP8800651,广州市,False,区块全开·星期照做,0.961,5,5,0.964,0.0
NP8800664,西安市,False,区块缺了没开,0.715,8,9,0.669,14.3
NP8800679,南宁市,False,区块全开·星期照做,0.851,7,7,0.814,13.0
NP8800682,杭州市,False,区块全开·区块内欠访,0.879,5,5,0.885,0.0
NP8800686,天津市,True,特殊·换人/归属待查,0.627,13,16,0.151,15.4
NP8800691,广州市,False,区块全开·星期照做,0.922,6,6,0.921,1.7
NP8800694,合肥市,False,区块全开·星期照做,0.862,6,6,0.877,10.0
NP8800696,西安市,False,区块全开·星期照做,0.934,7,7,0.914,9.1
NP8800706,130500,True,特殊·换人/归属待查,0.491,5,9,0.083,40.0
NP8800711,聊城市,True,特殊·换人/归属待查,0.261,2,3,0.0,57.1
NP8800715,菏泽市,False,区块全开·星期照做,0.937,12,12,0.935,0.0
NP8800722,沈阳市,False,区块全开·店和星期都有欠,0.667,5,5,0.603,26.7
NP8800736,渭南市,True,特殊·换人/归属待查,0.75,2,2,0.0,40.0
NP8800744,,False,区块全开·星期照做,1.0,5,5,0.992,0.0
NP8800760,沧州市,True,特殊·换人/归属待查,0.356,9,14,0.134,40.7
NP8800763,成都市,False,区块全开·星期自己定,1.0,4,4,0.75,0.0
NP8800765,嘉兴市,False,区块全开·星期照做,0.972,8,8,0.826,0.0
NP8800768,苏州市,True,特殊·换人/归属待查,0.142,5,13,0.099,82.4
NP8800784,珠海市,False,区块全开·星期照做,0.976,11,11,0.978,3.3
NP8800795,渭南市,False,区块缺了没开,0.914,4,6,0.468,33.3
NP8800805,哈尔滨市,False,区块全开·店和星期都有欠,0.475,5,5,0.27,18.2
NP8800811,武汉市,False,区块全开·星期照做,0.952,5,5,0.91,0.0
NP8800813,武汉市,False,区块缺了没开,0.809,5,6,0.649,20.0
NP8800848,呼和浩特市,False,区块缺了没开,0.591,8,9,0.472,32.6
NP8800856,,False,区块全开·星期自己定,1.0,8,8,0.743,0.0
NP8800857,佛山市,False,区块全开·星期照做,0.941,7,7,0.91,0.0
NP8800871,银川市,False,区块全开·星期自己定,1.0,1,1,0.5,0.0
NP8800873,宝鸡市,False,区块缺了没开,0.667,7,8,0.258,21.4
NP8800882,广州市,False,区块全开·星期照做,0.978,5,5,0.962,0.0
NP8800893,杭州市,False,区块全开·店和星期都有欠,0.691,5,5,0.68,24.0
NP8800900,佛山市,False,区块全开·星期自己定,0.885,8,8,0.256,0.0
NP8800902,厦门市,False,区块全开·星期照做,0.923,5,5,0.928,3.8
NP8800903,大同市,False,区块全开·店和星期都有欠,0.764,5,5,0.688,0.0
NP8800909,洛阳市,False,区块全开·店和星期都有欠,0.727,5,5,0.225,6.2
NP8800922,重庆市,False,区块全开·店和星期都有欠,0.75,3,3,0.322,25.0
NP8800931,重庆市,True,特殊·换人/归属待查,1.0,6,6,0.183,0.0
NP8800935,广州市,False,区块全开·星期照做,0.916,5,5,0.903,4.5
NP8800937,石家庄市,False,区块缺了没开,0.445,5,8,0.238,56.2
NP8800956,乌鲁木齐市,False,区块全开·星期自己定,0.804,5,5,0.575,0.0
NP8800963,苏州市,False,区块大面积没开工,0.467,8,16,0.324,52.5
NP8800966,苏州市,False,区块全开·星期照做,0.851,9,9,0.874,7.1
NP8800969,上海市,False,区块全开·星期照做,0.881,5,5,0.863,0.0
NP8800973,温州市,False,区块缺了没开,0.674,5,8,0.403,33.3
NP8800975,南京市,False,区块缺了没开,0.547,7,10,0.286,30.8
NP8800980,广州市,False,区块全开·星期照做,0.979,8,8,0.958,18.2
NP8800981,廊坊市,False,区块缺了没开,0.493,19,22,0.351,11.4
NP8800984,330500,True,特殊·换人/归属待查,0.25,2,2,0.25,60.0
NP8800985,南通市,True,特殊·换人/归属待查,0.156,10,12,0.007,57.1
NP8800993,西宁市,False,区块全开·星期照做,0.933,10,10,0.844,6.2
NP8800997,宁波市,False,区块全开·店和星期都有欠,0.763,7,7,0.581,7.4
NP8801006,贵阳市,False,区块全开·星期照做,1.0,5,5,0.917,0.0
NP8801015,唐山市,True,特殊·换人/归属待查,0.378,9,16,0.056,44.0
NP8801016,秦皇岛市,False,区块全开·星期自己定,0.958,5,5,0.475,0.0
NP8801023,阜阳市,False,区块全开·星期照做,0.822,6,6,0.82,11.1
NP8801025,西安市,True,特殊·换人/归属待查,0.169,5,6,0.029,57.1
NP8801028,泰安市,True,特殊·换人/归属待查,0.387,15,20,0.065,32.4
NP8801031,上海市,False,区块全开·店和星期都有欠,0.752,8,8,0.662,11.5
NP8801037,常州市,False,区块全开·星期自己定,0.888,10,10,0.246,4.0
NP8801040,扬州市,False,区块缺了没开,0.753,10,12,0.41,26.1
NP8801042,上海市,False,区块缺了没开,0.733,10,13,0.523,21.7
NP8801045,吉林市,True,特殊·换人/归属待查,0.131,6,8,0.06,60.0
NP8801046,南昌市,False,区块全开·星期照做,0.948,6,6,0.887,0.0
NP8801048,苏州市,False,区块缺了没开,0.734,10,12,0.535,19.5
NP8801061,上海市,False,区块全开·店和星期都有欠,0.722,7,7,0.665,19.4
NP8801062,上海市,False,区块全开·星期照做,0.927,5,5,0.913,0.0
NP8801063,重庆市,False,区块全开·星期自己定,1.0,3,3,0.43,0.0
NP8801065,徐州市,False,区块全开·星期照做,0.983,8,8,0.984,7.7
NP8801066,南通市,False,区块全开·店和星期都有欠,0.641,10,10,0.665,21.1
NP8801067,昆明市,False,区块全开·星期照做,1.0,6,6,0.977,0.0
NP8801078,宁波市,True,特殊·换人/归属待查,0.529,7,8,0.056,23.8
NP8801079,赤峰市,True,特殊·换人/归属待查,0.242,8,17,0.08,58.6
NP8801080,苏州市,False,区块缺了没开,0.621,11,14,0.459,21.4
NP8801083,南昌市,False,区块全开·店和星期都有欠,0.778,5,5,0.675,9.1
NP8801085,兰州市,False,区块缺了没开,0.872,7,8,0.764,13.0
NP8801099,苏州市,False,区块全开·星期自己定,0.63,18,19,0.722,22.4
NP8801101,台州市,False,区块全开·店和星期都有欠,0.754,17,17,0.604,6.9
NP8801102,成都市,True,特殊·换人/归属待查,1.0,6,6,0.0,0.0
NP8801114,杭州市,False,区块缺了没开,0.818,7,8,0.549,16.0
NP8801117,杭州市,False,区块全开·店和星期都有欠,0.735,5,5,0.67,0.0
NP8801128,常州市,True,特殊·换人/归属待查,0.853,7,7,0.0,6.7
NP8801129,新乡市,False,区块缺了没开,0.586,18,21,0.343,25.0
NP8801130,北京市,False,区块缺了没开,0.537,10,13,0.247,29.4
NP9900738,石家庄市,True,特殊·换人/归属待查,0.315,6,9,0.081,36.1
NP9900847,青岛市,False,区块缺了没开,0.498,7,8,0.367,32.4
NP9900886,曲靖市,False,区块全开·星期照做,1.0,11,11,0.961,0.0
NP9900957,郑州市,False,区块全开·星期照做,0.875,5,5,0.881,7.7
NP9901052,淄博市,False,区块大面积没开工,0.628,8,16,0.3,31.2
NP9901079,安阳市,False,区块缺了没开,0.801,8,11,0.587,9.1
NP9902255,海口市,False,区块全开·星期照做,0.953,6,6,0.952,11.8
NP9902323,北京市,False,区块缺了没开,0.778,6,7,0.223,6.2
NP9902466,哈尔滨市,False,区块全开·星期照做,0.95,5,5,0.952,0.0
NP9902501,邯郸市,False,区块缺了没开,0.558,5,7,0.334,25.0
NP9902504,北京市,False,区块缺了没开,0.785,20,23,0.735,14.5
NP9902535,洛阳市,True,特殊·换人/归属待查,0.529,10,11,0.179,33.3
NP9902541,廊坊市,False,区块大面积没开工,0.547,6,14,0.289,61.3
NP9902598,西宁市,False,区块全开·星期照做,1.0,1,1,1.0,0.0
NP9902616,绵阳市,False,区块全开·星期自己定,1.0,4,4,0.261,0.0
NP9902639,长春市,True,特殊·换人/归属待查,0.504,7,9,0.042,37.9
NP9902676,漳州市,False,区块全开·星期自己定,0.806,14,14,0.572,11.1
NP9902730,中山市,False,区块全开·星期照做,0.889,8,8,0.85,3.0
NP9902802,漳州市,False,区块大面积没开工,0.601,10,17,0.322,43.3
NP9902842,商丘市,False,区块全开·星期自己定,0.847,9,9,0.331,5.6
NP9902843,包头市,False,区块全开·店和星期都有欠,0.687,6,6,0.456,15.4
NP9902851,福州市,False,区块全开·星期照做,0.95,5,5,0.918,8.3
NP9902885,济南市,False,区块全开·店和星期都有欠,0.715,10,11,0.598,9.4
NP9902897,潍坊市,True,特殊·换人/归属待查,0.617,13,17,0.188,26.1
NP9902925,哈尔滨市,False,区块全开·星期照做,0.883,9,9,0.931,0.0
NP9902930,天津市,False,区块全开·店和星期都有欠,0.72,6,6,0.732,8.0
NP9902950,130500,True,特殊·换人/归属待查,0.2,3,7,0.083,80.0
NP9902951,珠海市,False,区块全开·星期照做,0.934,9,9,0.948,6.5
NP9902957,吉林市,False,区块缺了没开,0.626,10,13,0.234,42.3
NP9902999,中山市,False,区块全开·星期照做,0.841,6,6,0.863,12.9
NP9903011,郑州市,False,区块全开·店和星期都有欠,0.697,6,6,0.722,11.1
NP9903059,长沙市,False,区块全开·星期照做,0.958,5,5,0.942,0.0
NP9903076,广州市,False,区块全开·星期照做,1.0,5,5,0.987,0.0
NP9903091,自贡市,True,特殊·换人/归属待查,1.0,3,3,0.0,0.0
NP9903119,南充市,False,区块缺了没开,0.581,6,9,0.318,33.3
NP9903125,曲靖市,False,区块全开·星期照做,1.0,8,8,0.983,0.0
NP9903128,广州市,False,区块全开·星期照做,0.961,8,8,0.975,0.0
NP9903144,新乡市,False,区块缺了没开,0.649,11,16,0.394,43.9
NP9903168,武汉市,False,区块全开·店和星期都有欠,0.805,5,5,0.75,0.0
NP9903170,洛阳市,False,区块全开·店和星期都有欠,0.676,6,6,0.323,4.5
NP9903172,茂名市,False,区块全开·星期照做,0.969,15,15,0.973,0.0
NP9903205,兰州市,False,区块全开·星期自己定,1.0,5,5,0.582,0.0
NP9903257,银川市,False,区块全开·星期自己定,0.974,3,3,0.656,9.1
NP9903262,无锡市,False,区块大面积没开工,0.56,8,15,0.378,33.3
NP9903265,重庆市,False,区块全开·星期照做,0.973,8,8,0.932,8.3
NP9903298,370800,True,特殊·换人/归属待查,0.021,1,8,0.0,95.2
NP9903310,江门市,False,区块全开·星期照做,0.966,9,9,0.812,4.5
NP9903312,包头市,False,区块全开·店和星期都有欠,0.559,6,6,0.543,6.2
NP9903330,厦门市,False,区块全开·星期照做,0.909,7,7,0.933,0.0
NP9903363,武汉市,False,区块全开·星期照做,0.995,6,6,0.986,0.0
NP9903397,韶关市,True,特殊·换人/归属待查,0.417,9,13,0.029,40.0
NP9903405,烟台市,False,区块缺了没开,0.739,6,7,0.5,6.7
NP9903408,自贡市,False,区块全开·星期自己定,1.0,6,6,0.412,0.0
NP9903439,济南市,True,特殊·换人/归属待查,0.25,7,11,0.053,53.6
NP9903456,哈尔滨市,False,区块全开·店和星期都有欠,0.52,5,5,0.327,11.1
NP9903457,长春市,False,区块缺了没开,0.835,6,7,0.68,10.7
NP9903466,沈阳市,False,区块全开·星期照做,0.844,4,4,0.863,20.0
NP9903471,济南市,False,区块缺了没开,0.703,12,16,0.595,23.5
NP9903482,福州市,False,区块全开·星期照做,0.907,5,5,0.908,5.9
NP9903501,保定市,True,特殊·换人/归属待查,0.645,11,16,0.103,30.0
NP9903518,太原市,False,区块全开·店和星期都有欠,0.633,7,7,0.545,36.8
NP9903523,淄博市,False,区块缺了没开,0.477,4,5,0.273,40.0
NP9903526,贵阳市,False,区块全开·星期照做,0.877,6,6,0.864,10.0
NP9903528,,False,区块全开·星期照做,1.0,5,5,0.935,0.0
NP9903531,广州市,False,区块全开·星期照做,0.839,10,10,0.915,9.5
NP9903543,韶关市,True,特殊·换人/归属待查,0.477,9,13,0.045,40.0
NP9903544,昆明市,False,区块全开·星期照做,0.968,5,5,0.949,0.0
NP9903548,西安市,False,区块全开·星期照做,0.995,5,5,0.951,0.0
NP9903549,沈阳市,False,区块全开·店和星期都有欠,0.625,5,5,0.514,25.0
NP9903555,临沂市,False,区块全开·店和星期都有欠,0.341,5,5,0.22,42.3
NP9903569,广州市,False,区块全开·星期照做,0.791,7,7,0.818,8.8
NP9903584,达州市,False,区块全开·星期照做,0.923,5,5,0.909,0.0
NP9903585,西安市,False,区块全开·区块内欠访,0.851,5,5,0.805,7.1
NP9903602,广州市,False,区块全开·星期照做,0.986,10,10,0.989,0.0
NP9903604,重庆市,False,区块全开·星期自己定,0.971,6,6,0.212,0.0
NP9903607,衡阳市,False,区块全开·星期自己定,0.841,6,6,0.777,0.0
NP9903613,韶关市,True,特殊·换人/归属待查,0.336,8,16,0.075,52.6
NP9903614,昆明市,False,区块全开·星期自己定,0.987,6,6,0.618,0.0
NP9903617,海口市,False,区块全开·星期照做,0.989,9,9,0.97,0.0
NP9903619,南昌市,False,区块全开·店和星期都有欠,0.665,7,7,0.744,3.7
NP9903624,重庆市,False,区块全开·星期自己定,1.0,6,6,0.611,0.0
NP9903627,昆明市,True,特殊·换人/归属待查,1.0,3,3,0.167,0.0
NP9903644,湛江市,False,区块全开·星期照做,0.995,5,5,0.995,0.0
NP9903655,玉林市,False,区块全开·星期照做,0.957,5,5,0.878,0.0
NP9903656,天津市,True,特殊·换人/归属待查,0.524,5,6,0.154,11.1
NP9903659,长沙市,False,区块全开·星期照做,0.966,6,6,0.957,0.0
NP9903667,江门市,True,特殊·换人/归属待查,0.422,8,9,0.043,10.0
NP9903671,南昌市,False,区块缺了没开,0.704,8,9,0.569,14.3
NP9903676,荆门市,False,区块全开·星期照做,0.918,10,10,0.821,4.5
NP9903677,贵阳市,False,区块全开·星期照做,0.897,7,7,0.852,6.7
NP9903678,达州市,False,区块全开·星期照做,1.0,5,5,0.934,0.0
NP9903679,乐山市,False,区块全开·星期照做,1.0,7,7,0.924,0.0
NP9903685,西安市,False,区块全开·店和星期都有欠,0.626,5,5,0.547,26.3
NP9903688,中山市,False,区块全开·星期照做,0.958,8,8,0.963,0.0
NP9903693,唐山市,True,特殊·换人/归属待查,0.661,9,9,0.016,20.0
NP9903694,济南市,True,特殊·换人/归属待查,0.284,6,7,0.264,40.0
NP9903695,长沙市,False,区块缺了没开,0.967,6,7,0.83,0.0
NP9903703,福州市,False,区块全开·星期照做,0.944,5,5,0.942,0.0
NP9903706,长沙市,False,区块全开·星期照做,0.917,5,5,0.886,0.0
NP9903708,长沙市,False,区块全开·星期自己定,0.875,4,4,0.591,6.2
NP9903712,太原市,False,区块全开·店和星期都有欠,0.753,7,7,0.789,0.0
NP9903713,深圳市,False,区块全开·星期照做,0.899,6,6,0.92,0.0
NP9903715,佛山市,False,区块全开·星期照做,0.958,6,6,0.911,10.3
NP9903716,中山市,False,区块缺了没开,0.852,3,4,0.688,30.0
NP9903719,贵阳市,False,区块全开·区块内欠访,0.847,4,4,0.829,16.7
NP9903722,东莞市,False,区块全开·星期照做,0.97,6,6,0.967,7.4
NP9903730,广州市,False,区块全开·星期照做,0.866,6,6,0.893,9.7
NP9903735,重庆市,False,区块全开·星期自己定,0.977,4,4,0.399,0.0
NP9903739,宜昌市,False,区块全开·星期自己定,0.902,8,8,0.699,9.5
NP9903741,广州市,False,区块全开·星期照做,0.967,5,5,0.968,0.0
NP9903744,南宁市,False,区块缺了没开,0.863,9,11,0.754,20.6
NP9903750,福州市,False,区块全开·星期照做,0.987,5,5,0.979,0.0
NP9903755,东莞市,False,区块全开·店和星期都有欠,0.806,7,7,0.746,12.9
NP9903756,咸阳市,True,特殊·换人/归属待查,0.351,9,21,0.103,56.2
NP9903760,武汉市,False,区块全开·星期照做,0.947,8,8,0.863,10.5
NP9903764,重庆市,False,区块全开·星期照做,0.959,8,8,0.962,0.0
NP9903770,柳州市,False,区块全开·星期照做,0.976,5,5,0.894,0.0
NP9903771,重庆市,False,区块全开·星期照做,0.959,5,5,0.95,0.0
NP9903772,柳州市,False,区块全开·星期自己定,0.9,12,12,0.321,5.3
NP9903774,重庆市,False,区块全开·星期自己定,1.0,4,4,0.25,0.0
NP9903775,绵阳市,False,区块全开·星期自己定,0.841,5,5,0.684,17.6
NP9903776,莆田市,False,区块全开·星期照做,1.0,23,23,0.947,0.0
NP9903777,莆田市,False,区块全开·星期照做,1.0,12,12,0.906,0.0
NP9903780,昆明市,True,特殊·换人/归属待查,0.6,2,4,0.0,33.3
NP9903781,惠州市,False,区块全开·星期照做,0.958,6,6,0.916,8.7
NP9903783,深圳市,False,区块全开·星期照做,0.994,7,7,0.99,0.0
NP9903787,昆明市,False,区块缺了没开,0.311,5,6,0.403,41.7
np0008812,长沙市,False,区块全开·星期照做,1.0,2,2,1.0,0.0
np9903059,长沙市,False,区块全开·星期照做,1.0,1,1,1.0,0.0
