line,svc_blocks,svc_cv,svc_compact,geo_blocks,geo_cv,wd_hit
000338545,11,0.754,0.288,6,1.667,0.961
000339039,6,0.443,0.565,2,0.991,0.96
000340007,11,0.78,0.67,6,1.3,0.816
000340101,6,0.378,0.459,1,0.0,0.9
000340501,5,0.124,0.398,1,0.0,0.709
000340591,9,0.515,0.497,3,0.791,0.93
000341803,5,0.15,0.447,1,0.0,0.841
000341860,6,0.458,0.405,2,0.991,0.77
000343720,5,0.44,0.509,3,0.211,1.0
000343775,13,0.951,0.541,5,1.508,0.663
000412000,8,0.608,0.429,5,0.759,0.588
000423268,7,0.652,0.516,2,0.982,0.82
000425319,5,0.288,0.548,1,0.0,0.924
000444100,21,1.267,0.726,18,2.522,0.447
000448996,6,0.25,0.41,2,0.746,0.961
000474825,7,0.484,0.399,1,0.0,0.884
000478015,10,0.88,0.565,4,1.1,0.285
000479151,5,0.04,0.449,1,0.0,0.986
000495972,8,0.758,0.466,2,0.991,0.429
000504766,23,1.378,0.6,15,2.417,0.201
000532987,5,0.186,0.513,1,0.0,0.9
000544784,10,0.971,0.804,6,2.175,0.499
000545650,8,0.728,0.435,2,0.992,0.07
000601353,7,0.627,0.433,2,0.13,0.959
000601363,6,0.449,0.398,2,0.99,0.086
000604272,20,1.537,0.713,17,1.952,0.117
000608772,14,1.11,0.581,6,1.49,0.423
000611030,9,0.765,0.466,6,0.842,0.539
000621190,24,0.755,0.495,9,1.588,0.148
000643531,8,0.759,0.541,4,1.703,0.323
000644322,9,0.831,0.565,4,1.626,0.817
000644405,21,1.198,0.6,10,2.106,0.612
000645986,24,0.714,0.532,9,1.114,0.138
000648339,5,0.14,0.399,1,0.0,0.269
000649981,6,0.753,0.417,2,0.986,0.75
000650808,5,0.897,0.628,4,1.15,0.905
000651389,5,0.084,0.426,1,0.0,0.625
000652136,6,0.446,0.41,2,0.959,0.874
000653294,5,0.738,0.6,5,0.738,0.98
000656726,30,0.722,0.579,12,1.141,0.096
000657892,7,0.425,0.422,4,1.08,0.76
000658193,10,0.897,0.716,9,1.372,0.975
000658550,4,0.395,0.742,2,0.25,0.0
000661437,13,1.091,0.621,7,1.799,0.693
000663253,5,0.707,0.514,1,0.0,0.91
000664988,20,0.794,0.645,9,1.584,0.02
000665947,15,0.488,1.0,5,0.861,0.067
000666131,5,0.109,0.368,1,0.0,0.963
000667049,13,1.077,0.505,9,2.403,0.158
000667325,12,0.828,0.445,7,1.606,0.224
000669395,6,0.933,0.609,4,1.04,0.108
000669401,3,0.708,0.267,2,0.879,0.837
000672773,13,0.632,0.384,4,1.067,0.538
000675049,16,1.213,0.566,12,2.424,0.572
000676068,10,0.583,0.497,6,1.371,0.009
000676593,5,0.53,1.0,4,0.905,0.2
000676638,21,0.847,0.709,10,1.196,0.308
000677137,5,0.041,0.258,1,0.0,0.439
000677953,10,0.839,0.582,5,1.77,0.591
000683993,6,0.425,0.289,1,0.0,0.198
000685128,12,0.968,0.593,8,2.113,0.632
000685195,18,0.871,0.562,8,2.053,0.522
000685565,10,0.811,0.375,4,1.702,0.964
000685659,5,0.166,0.425,1,0.0,0.762
000685664,9,0.813,0.354,4,1.629,0.738
000685767,8,0.722,0.374,3,0.688,0.89
000695113,6,0.459,0.436,2,0.991,0.758
000695117,5,0.35,1.0,3,0.202,0.7
000698771,6,0.34,0.427,2,0.842,0.829
000699200,5,0.148,0.296,1,0.0,0.949
000699805,13,0.851,0.477,5,1.641,0.945
000699979,5,0.096,0.625,1,0.0,1.0
000700020,5,0.142,0.397,1,0.0,0.997
000701809,26,1.484,0.833,20,1.758,0.331
000702280,4,0.922,0.597,2,0.96,0.935
000702358,6,0.469,0.601,2,0.991,0.93
000703627,6,0.462,0.619,2,0.813,0.903
000705502,12,1.087,0.96,8,1.778,0.642
000706671,7,0.63,0.675,3,1.384,0.755
000707336,14,0.598,0.54,8,1.084,0.338
000707342,29,0.884,0.673,15,1.122,0.379
000709902,5,0.128,0.322,1,0.0,0.779
000710328,3,1.088,1.0,3,1.088,0.03
000711323,5,0.352,0.41,1,0.0,0.971
000711850,6,0.406,0.393,2,0.949,0.839
000712217,7,0.735,0.52,1,0.0,0.71
000712433,7,0.589,0.433,1,0.0,0.323
000712516,5,0.664,0.279,1,0.0,0.047
000712606,8,0.738,0.496,2,0.99,0.724
000712608,12,1.081,0.558,9,1.829,0.41
000712667,6,0.488,0.369,2,0.99,1.0
000714057,25,1.264,1.0,20,2.202,0.744
000714395,18,1.011,0.514,14,1.64,0.855
000714922,9,0.658,0.397,3,0.779,0.826
000716325,8,0.704,0.449,2,0.979,0.603
000716327,5,0.303,0.352,1,0.0,0.936
000718160,2,0.091,0.297,2,0.091,0.25
000721070,5,0.128,0.396,1,0.0,0.825
000724728,11,1.028,0.708,7,1.993,0.385
000725968,10,0.687,0.335,5,1.187,0.761
000732776,6,0.474,0.595,2,0.99,0.284
000733133,9,0.833,0.65,4,1.684,0.393
000733235,6,0.341,0.204,2,0.887,0.714
000734397,3,0.6,0.449,2,0.882,0.667
000734621,7,0.75,0.385,3,1.378,0.802
000741130,5,0.151,0.406,1,0.0,0.848
000741226,9,0.818,0.382,4,1.605,0.207
000765513,6,0.707,0.439,4,0.934,0.788
000767735,6,0.462,0.475,2,0.991,0.276
000770730,11,0.598,0.272,5,1.01,0.91
000771486,5,0.171,0.289,1,0.0,0.886
000771641,5,0.111,0.597,1,0.0,0.91
000771816,11,1.189,0.753,7,1.804,0.941
000772089,5,0.102,0.404,1,0.0,0.938
000772527,12,0.857,0.381,5,1.262,0.865
000772623,9,0.926,0.473,6,1.428,0.426
000772790,6,0.574,0.609,1,0.0,0.737
000772796,6,0.407,0.35,2,0.683,0.639
000773393,10,0.993,0.696,3,1.385,0.725
000774113,5,0.123,0.387,1,0.0,0.777
000782263,7,0.728,0.307,2,0.986,0.905
000782275,5,0.925,0.645,4,1.252,0.923
000782642,11,0.953,0.504,7,2.117,0.864
000787397,14,0.967,0.566,7,1.249,0.195
000795399,12,0.871,0.498,6,1.703,0.038
000796635,6,0.425,0.535,2,0.982,0.397
000798424,5,0.29,0.302,1,0.0,0.898
000799013,6,1.237,1.0,6,1.237,0.083
000811058,6,0.378,0.451,2,0.887,0.816
000811371,6,0.657,0.243,2,0.57,0.929
000825758,7,0.545,0.586,3,0.683,0.242
000825796,11,0.885,0.47,6,1.893,0.54
000826064,7,0.603,0.276,3,1.384,0.312
000826911,4,0.346,0.231,2,0.2,0.762
000829112,3,0.965,0.356,2,0.959,0.428
000837348,10,0.893,0.553,6,1.425,0.578
000838047,5,0.208,0.276,1,0.0,0.318
000838882,8,0.721,0.64,4,0.789,0.281
000840245,6,0.443,0.402,2,0.992,0.544
000843187,6,0.395,0.33,2,0.94,0.0
000844662,3,0.196,0.36,3,0.196,0.552
000845240,19,0.745,0.553,10,1.106,0.019
000845597,8,0.61,0.412,4,1.526,0.962
000846281,7,0.994,0.66,3,1.184,0.631
000847598,6,0.469,0.516,1,0.0,0.343
000847739,6,0.461,0.415,2,0.992,0.678
000851279,7,0.639,0.387,3,1.394,0.16
000851281,5,0.4,0.428,1,0.0,0.954
000851283,3,0.372,0.66,1,0.0,0.875
000851322,4,0.38,0.5,1,0.0,0.968
000851717,24,1.001,0.835,13,1.743,0.652
000851729,10,0.773,0.627,6,1.808,0.864
000851730,37,1.443,1.0,13,2.268,0.292
000851773,5,0.13,0.278,1,0.0,0.94
000852009,5,0.437,0.442,1,0.0,0.902
000852603,5,0.579,0.387,1,0.0,0.874
000855033,6,0.45,0.493,2,0.99,0.542
000855364,5,0.139,0.476,1,0.0,0.503
000855388,5,0.131,0.348,1,0.0,0.903
000855395,6,0.728,0.406,1,0.0,0.457
000855576,6,0.839,0.581,2,0.982,0.665
000855577,5,0.162,0.358,1,0.0,0.297
000855578,10,0.674,0.46,3,1.113,0.434
000855582,33,0.915,0.642,13,1.911,0.207
000856001,10,0.823,0.324,4,0.866,0.169
000856514,4,0.544,0.559,2,0.353,0.516
000857154,5,0.541,0.352,1,0.0,0.875
000859299,5,0.192,0.53,1,0.0,0.922
000859505,7,0.594,0.413,4,1.233,0.193
000859827,8,0.595,0.372,3,1.169,0.132
000859839,2,0.6,0.255,2,0.6,0.848
000859841,5,0.239,0.375,1,0.0,0.918
000860516,29,0.9,0.677,18,1.756,0.152
000860562,8,0.421,0.541,3,0.384,0.115
000860828,5,0.363,0.418,1,0.0,0.907
000862367,6,0.599,0.571,2,0.991,0.257
000862716,5,0.162,0.36,1,0.0,0.427
000863973,7,0.69,0.517,4,1.068,0.779
000864355,8,0.67,0.438,2,0.992,0.818
000865348,8,0.727,0.471,4,1.632,0.23
000865709,5,0.145,0.454,1,0.0,0.939
000865960,12,0.617,0.416,3,0.706,0.921
000866035,1,0.0,0.697,1,0.0,1.0
000866096,12,0.913,0.863,9,1.606,0.833
000866110,5,0.153,0.371,1,0.0,0.292
000866115,6,0.456,0.46,2,0.991,0.698
000866118,27,0.992,0.804,16,1.754,0.062
000866857,14,1.257,0.921,5,1.858,0.037
000866984,10,0.957,0.725,5,1.244,0.674
000867936,5,0.201,0.551,1,0.0,0.869
000874142,8,0.755,0.732,3,0.243,0.529
000874284,5,0.065,0.396,1,0.0,0.826
000874293,6,0.452,0.444,1,0.0,0.739
000874295,8,0.624,0.299,5,0.964,0.679
000874299,5,0.08,0.285,1,0.0,0.445
000874372,3,0.154,0.413,1,0.0,0.298
000874584,5,0.15,0.41,1,0.0,0.769
000874807,9,0.793,0.553,2,0.99,0.489
000874881,3,0.314,0.286,1,0.0,0.806
000874956,9,0.723,0.478,3,1.301,0.111
000874960,6,0.282,0.415,1,0.0,0.306
000875125,5,0.134,0.526,1,0.0,0.885
000875131,4,0.098,0.287,1,0.0,0.664
000875858,6,0.289,0.4,1,0.0,0.502
DS0001426,15,0.784,0.638,10,1.41,0.139
DS0001773,7,0.545,0.538,2,0.902,0.556
DS0001866,11,0.73,0.554,3,0.905,0.721
NP0008185,5,0.637,0.675,5,0.637,0.167
NP0008447,9,0.801,0.434,4,1.391,0.491
NP0008452,5,0.483,0.397,1,0.0,0.892
NP0008680,7,0.596,0.612,2,0.957,0.022
NP0008682,11,0.989,0.591,6,1.174,0.175
NP0008722,7,0.377,0.315,3,1.07,0.18
NP0008812,7,0.613,0.479,2,0.979,0.965
NP0008855,15,0.861,0.546,6,1.344,0.873
NP0008869,7,0.955,0.556,3,1.276,0.702
NP0008904,8,0.796,0.637,4,1.684,0.905
NP0008997,6,0.381,0.457,1,0.0,0.926
NP0009078,3,0.514,0.894,2,0.818,0.067
NP0009098,5,0.085,0.322,1,0.0,0.912
NP0009123,13,1.0,0.713,6,1.419,0.561
NP0009132,8,0.556,0.543,4,1.418,0.205
NP0009135,7,0.535,0.413,1,0.0,0.7
NP0009147,16,1.065,0.659,12,2.272,0.686
NP0009223,13,0.972,0.552,6,1.899,0.892
NP0009295,38,1.098,0.76,21,1.711,0.782
NP0009377,12,1.162,1.0,10,1.609,0.075
NP0009432,8,0.758,0.465,2,0.968,0.799
NP0009462,3,0.243,0.378,1,0.0,0.886
NP0009527,8,0.73,0.568,2,0.975,0.862
NP0009568,8,0.579,0.393,3,0.699,0.136
NP0009581,5,0.605,0.603,1,0.0,0.98
NP0009660,5,0.119,0.341,1,0.0,0.986
NP0009668,5,0.133,0.404,1,0.0,0.653
NP0009672,13,1.058,0.673,8,1.902,0.558
NP0009743,11,0.873,0.439,8,1.345,0.516
NP0009778,7,0.495,0.638,3,1.177,0.895
NP0009832,5,0.166,0.463,1,0.0,0.963
NP0009925,5,0.106,0.421,1,0.0,0.943
NP0009959,5,0.031,0.235,1,0.0,0.411
NP0010006,8,0.709,0.546,5,0.675,0.4
NP0010020,5,0.058,0.334,1,0.0,0.709
NP0010026,10,0.854,0.433,5,1.007,0.751
NP0010054,5,0.193,0.419,1,0.0,0.745
NP0010076,12,0.985,0.495,6,1.953,0.129
NP0010123,5,0.125,0.474,1,0.0,0.871
NP0010161,18,0.816,0.613,3,1.105,0.871
NP0010177,5,0.28,0.322,1,0.0,0.864
NP0010210,24,1.034,0.531,15,2.034,0.185
NP0010233,10,0.932,0.805,3,1.365,0.734
NP0010236,11,1.039,0.615,8,1.397,0.275
NP0010249,12,0.779,0.536,6,1.769,0.811
NP0010283,12,1.004,0.802,2,0.99,0.893
NP0010285,6,0.708,0.424,2,0.98,0.68
NP0010307,16,0.892,0.526,9,1.494,0.114
NP0010323,10,0.687,0.479,4,1.514,0.973
NP0010380,7,0.577,0.394,3,1.354,0.195
NP0010444,5,0.138,0.469,1,0.0,0.817
NP0010481,12,0.873,0.421,5,1.632,0.878
NP0010485,3,0.0,0.603,1,0.0,0.111
NP0010486,5,0.605,0.782,4,0.991,0.067
NP0010498,8,0.588,0.354,2,0.738,0.994
NP0010660,9,0.826,0.359,5,1.653,0.913
NP0010665,5,0.074,0.54,1,0.0,0.893
NP0010670,5,0.119,0.406,1,0.0,0.843
NP0010674,6,0.443,0.41,3,1.094,0.565
NP0010683,6,0.602,0.436,3,1.163,0.299
NP0010688,9,0.785,1.0,5,1.043,0.978
NP0010748,12,0.707,0.496,3,1.111,0.712
NP0010807,10,0.801,0.405,6,1.846,0.997
NP0010842,5,1.27,1.0,4,1.057,0.933
NP0010891,5,0.103,0.293,1,0.0,0.65
NP0010900,6,0.357,0.26,1,0.0,0.528
NP0010920,9,1.285,1.0,4,1.632,0.754
NP0010987,6,0.299,0.414,2,0.855,0.136
NP0010989,14,0.972,0.652,7,1.443,0.094
NP0010995,4,0.648,0.566,1,0.0,0.264
NP0011002,5,0.067,0.396,1,0.0,0.23
NP0011031,12,0.957,0.52,6,1.875,0.937
NP0011048,18,0.961,0.669,9,1.807,0.473
NP0011053,15,1.138,0.608,9,2.157,0.549
NP0011086,5,0.117,0.503,1,0.0,0.22
NP0011095,8,0.4,0.524,3,0.473,0.647
NP0011110,10,0.91,0.589,5,1.539,0.777
NP0011136,12,0.932,0.676,2,0.934,0.727
NP0011145,15,0.923,0.61,4,1.587,0.021
NP0011152,8,0.577,0.378,2,0.99,0.343
NP0011171,6,0.439,0.324,2,0.989,0.664
NP0011193,9,0.659,0.563,2,0.898,0.525
NP0011290,7,0.897,1.0,6,1.101,0.024
NP0011299,4,0.324,0.438,1,0.0,0.0
NP0011348,9,0.711,0.557,2,0.965,0.901
NP0011350,5,0.046,0.419,1,0.0,0.246
NP0011376,5,0.522,1.0,2,0.538,0.793
NP0011405,5,0.12,0.363,1,0.0,0.049
NP0011431,6,0.416,0.534,1,0.0,0.08
NP0011436,6,0.369,0.424,2,0.73,0.83
NP0011437,6,0.372,0.604,2,0.91,0.99
NP0011469,10,0.532,0.346,2,0.876,0.594
NP0011478,8,0.645,0.322,3,1.07,0.222
NP0011525,18,0.953,0.495,15,1.609,0.752
NP0011547,7,0.541,0.507,1,0.0,0.571
NP0011578,4,0.577,0.796,3,0.7,0.25
NP0011681,5,0.185,0.39,1,0.0,0.046
NP0011736,8,0.488,0.418,2,0.5,0.112
NP0011803,6,0.375,0.379,2,0.818,0.06
NP0011810,7,0.342,0.46,2,0.798,0.089
NP0011816,5,0.081,0.287,1,0.0,0.755
NP0011874,6,0.313,0.555,2,0.213,0.607
NP0011994,2,0.0,0.703,1,0.0,0.75
NP0011998,6,0.555,0.306,3,1.048,0.82
NP0012033,2,0.333,0.649,2,0.333,0.188
NP8800017,5,0.255,0.347,1,0.0,0.92
NP8800018,8,0.402,0.327,3,0.716,0.922
NP8800045,5,0.486,0.262,1,0.0,0.812
NP8800052,7,0.901,0.634,3,0.688,0.627
NP8800054,12,0.99,0.47,9,1.501,0.972
NP8800075,6,0.34,0.286,1,0.0,0.694
NP8800079,6,0.463,0.407,1,0.0,0.846
NP8800110,8,0.784,0.315,3,0.962,0.342
NP8800114,6,0.496,0.542,1,0.0,0.513
NP8800119,7,0.669,0.295,3,1.395,0.766
NP8800166,6,0.671,0.614,2,0.619,0.938
NP8800190,7,0.85,0.48,6,0.739,0.852
NP8800197,9,0.659,0.552,1,0.0,0.286
NP8800212,6,0.412,0.332,2,0.665,0.513
NP8800236,12,0.801,0.599,5,1.475,0.176
NP8800246,5,0.145,0.485,1,0.0,0.975
NP8800253,10,0.739,0.495,6,1.417,0.039
NP8800254,6,0.427,0.567,3,0.896,0.57
NP8800295,5,0.131,0.5,1,0.0,0.754
NP8800323,6,0.332,0.371,3,0.628,0.375
NP8800351,11,0.481,0.331,2,0.812,0.775
NP8800357,13,0.989,0.565,9,1.26,0.859
NP8800371,10,0.862,0.516,3,1.285,0.018
NP8800391,5,0.368,0.621,1,0.0,0.912
NP8800398,9,0.472,0.528,5,1.125,0.037
NP8800409,12,0.942,0.478,7,1.409,0.551
NP8800414,7,0.482,0.428,4,1.142,0.855
NP8800415,2,0.0,0.591,2,0.0,0.167
NP8800420,11,0.859,0.902,8,1.212,0.175
NP8800426,14,0.91,0.535,3,1.397,0.395
NP8800445,19,0.612,0.4,6,1.003,0.277
NP8800446,9,0.697,0.433,5,0.839,0.968
NP8800449,8,0.638,0.398,3,0.89,0.696
NP8800460,16,0.879,0.416,6,2.123,0.835
NP8800465,6,0.389,0.43,2,0.534,0.477
NP8800476,15,1.169,0.732,11,2.529,1.0
NP8800477,2,0.714,0.791,2,0.714,0.416
NP8800480,10,0.708,0.495,4,1.309,0.834
NP8800481,5,0.133,0.375,1,0.0,0.908
NP8800491,6,0.441,0.343,1,0.0,0.74
NP8800493,25,1.096,0.721,12,1.948,0.49
NP8800497,12,1.085,0.617,7,2.171,0.594
NP8800502,16,0.715,0.522,4,1.187,0.151
NP8800525,8,0.48,0.51,1,0.0,0.718
NP8800534,7,0.521,0.416,3,1.089,0.972
NP8800550,4,1.193,1.0,3,1.165,0.192
NP8800557,4,0.45,0.492,1,0.0,0.804
NP8800567,19,0.815,0.586,14,0.912,0.81
NP8800580,3,0.968,1.0,3,0.968,0.767
NP8800589,17,0.869,0.523,9,1.48,0.346
NP8800592,5,0.128,0.518,1,0.0,0.449
NP8800607,2,0.385,0.486,1,0.0,0.445
NP8800609,8,0.677,0.47,5,1.539,0.55
NP8800613,12,0.904,0.423,6,1.549,0.134
NP8800630,14,1.121,0.815,10,1.703,0.039
NP8800632,2,0.0,0.357,1,0.0,0.916
NP8800638,10,0.541,0.463,2,0.714,0.1
NP8800645,5,0.409,0.519,2,0.179,0.581
NP8800649,7,0.856,0.961,3,1.188,0.403
NP8800651,5,0.13,0.185,1,0.0,0.964
NP8800664,9,0.782,0.304,4,1.678,0.669
NP8800679,7,0.517,0.41,1,0.0,0.814
NP8800682,5,0.217,0.351,1,0.0,0.885
NP8800686,16,1.1,0.7,10,1.537,0.151
NP8800691,6,0.256,0.405,1,0.0,0.921
NP8800694,6,0.639,0.543,1,0.0,0.877
NP8800696,7,0.632,0.528,3,1.396,0.914
NP8800706,9,0.738,0.686,5,0.471,0.083
NP8800711,3,0.624,0.238,2,0.13,0.0
NP8800715,12,0.827,0.524,3,1.164,0.935
NP8800722,5,0.729,0.548,2,0.972,0.603
NP8800736,2,0.375,0.426,2,0.375,0.0
NP8800744,5,0.57,0.516,2,0.909,0.992
NP8800760,14,0.861,0.509,6,1.815,0.134
NP8800763,4,0.591,0.48,1,0.0,0.75
NP8800765,8,0.793,0.703,4,0.972,0.826
NP8800768,13,0.419,0.33,5,1.217,0.099
NP8800784,11,0.863,0.493,7,1.743,0.978
NP8800795,6,0.663,0.704,3,1.234,0.468
NP8800805,5,0.067,0.485,1,0.0,0.27
NP8800811,5,0.187,0.666,1,0.0,0.91
NP8800813,6,0.492,0.35,2,0.99,0.649
NP8800848,9,0.82,0.542,3,1.393,0.472
NP8800856,8,0.775,0.569,5,1.117,0.743
NP8800857,7,0.429,0.477,2,0.881,0.91
NP8800871,1,0.0,0.647,1,0.0,0.5
NP8800873,8,0.433,0.362,4,0.52,0.258
NP8800882,5,0.156,0.374,1,0.0,0.962
NP8800893,5,0.141,0.439,1,0.0,0.68
NP8800900,8,1.13,0.788,5,1.808,0.256
NP8800902,5,0.212,0.422,1,0.0,0.928
NP8800903,5,0.19,0.502,1,0.0,0.688
NP8800909,5,0.039,0.297,1,0.0,0.225
NP8800922,3,0.374,0.435,1,0.0,0.322
NP8800931,6,1.006,0.998,2,0.895,0.183
NP8800935,5,0.278,0.556,1,0.0,0.903
NP8800937,8,0.688,0.383,4,1.474,0.238
NP8800956,5,0.446,0.36,1,0.0,0.575
NP8800963,16,1.168,0.608,12,1.836,0.324
NP8800966,9,0.758,0.569,4,1.439,0.874
NP8800969,5,0.31,0.305,1,0.0,0.863
NP8800973,8,0.628,0.404,4,1.503,0.403
NP8800975,10,1.041,0.617,6,1.436,0.286
NP8800980,8,0.654,0.385,3,1.26,0.958
NP8800981,22,1.175,0.879,11,2.397,0.351
NP8800984,2,0.0,0.368,2,0.0,0.25
NP8800985,12,0.924,0.517,7,1.587,0.007
NP8800993,10,0.594,0.475,3,1.284,0.844
NP8800997,7,0.532,0.405,2,0.215,0.581
NP8801006,5,0.323,0.288,2,0.263,0.917
NP8801015,16,1.126,1.0,8,1.655,0.056
NP8801016,5,0.599,0.583,3,0.885,0.475
NP8801023,6,0.339,0.603,1,0.0,0.82
NP8801025,6,0.333,0.401,3,0.946,0.029
NP8801028,20,0.73,0.665,9,1.689,0.065
NP8801031,8,0.71,0.482,3,1.31,0.662
NP8801037,10,1.115,0.4,7,1.554,0.246
NP8801040,12,0.746,0.467,4,0.937,0.41
NP8801042,13,1.16,0.566,6,1.826,0.523
NP8801045,8,0.488,0.465,2,0.712,0.06
NP8801046,6,0.449,0.599,2,0.99,0.887
NP8801048,12,0.815,0.558,8,1.742,0.535
NP8801061,7,0.477,0.351,3,1.162,0.665
NP8801062,5,0.265,0.459,1,0.0,0.913
NP8801063,3,0.63,0.442,1,0.0,0.43
NP8801065,8,0.649,0.347,3,1.287,0.984
NP8801066,10,0.837,0.387,5,1.305,0.665
NP8801067,6,0.482,0.383,2,0.987,0.977
NP8801078,8,0.899,0.546,4,1.412,0.056
NP8801079,17,0.585,0.402,7,0.984,0.08
NP8801080,14,1.06,0.499,9,1.466,0.459
NP8801083,5,0.133,0.491,1,0.0,0.675
NP8801085,8,0.745,0.456,3,1.15,0.764
NP8801099,19,1.208,0.536,15,1.613,0.722
NP8801101,17,0.727,0.354,7,1.242,0.604
NP8801102,6,0.5,0.914,2,0.833,0.0
NP8801114,8,0.986,0.768,3,1.224,0.549
NP8801117,5,0.272,0.575,1,0.0,0.67
NP8801128,7,0.655,0.857,3,0.797,0.0
NP8801129,21,1.095,1.0,8,1.712,0.343
NP8801130,13,0.845,0.541,5,1.865,0.247
NP9900738,9,0.758,0.423,3,1.3,0.081
NP9900847,8,0.685,0.414,4,1.577,0.367
NP9900886,11,0.524,0.474,3,0.973,0.961
NP9900957,5,0.231,0.335,1,0.0,0.881
NP9901052,16,0.882,0.904,12,1.167,0.3
NP9901079,11,0.878,0.643,3,1.271,0.587
NP9902255,6,0.407,0.374,2,0.957,0.952
NP9902323,7,0.565,0.286,3,1.323,0.223
NP9902466,5,0.058,0.369,1,0.0,0.952
NP9902501,7,0.581,0.424,2,0.989,0.334
NP9902504,23,1.507,1.0,15,3.084,0.735
NP9902535,11,0.897,0.575,4,0.961,0.179
NP9902541,14,0.763,0.441,4,1.355,0.289
NP9902598,1,0.0,0.602,1,0.0,1.0
NP9902616,4,0.41,0.391,1,0.0,0.261
NP9902639,9,0.727,0.531,5,1.531,0.042
NP9902676,14,0.523,0.489,4,0.27,0.572
NP9902730,8,0.597,0.576,4,1.116,0.85
NP9902802,17,0.908,0.653,7,1.502,0.322
NP9902842,9,0.896,0.64,3,1.147,0.331
NP9902843,6,0.402,0.361,2,0.96,0.456
NP9902851,5,0.143,0.332,1,0.0,0.918
NP9902885,11,0.928,0.648,6,2.007,0.598
NP9902897,17,1.145,1.0,11,1.673,0.188
NP9902925,9,0.764,0.498,5,0.934,0.931
NP9902930,6,0.481,0.548,2,0.991,0.732
NP9902950,7,0.502,0.55,5,1.046,0.083
NP9902951,9,0.787,0.457,5,1.496,0.948
NP9902957,13,0.866,0.637,5,1.555,0.234
NP9902999,6,0.421,0.41,2,0.965,0.863
NP9903011,6,0.421,0.451,2,0.923,0.722
NP9903059,5,0.241,0.493,1,0.0,0.942
NP9903076,5,0.103,0.46,1,0.0,0.987
NP9903091,3,0.354,1.0,1,0.0,0.0
NP9903119,9,0.839,0.452,5,1.914,0.318
NP9903125,8,0.486,0.438,2,0.689,0.983
NP9903128,8,0.705,0.375,2,0.901,0.975
NP9903144,16,0.903,0.586,8,1.893,0.394
NP9903168,5,0.187,0.338,1,0.0,0.75
NP9903170,6,0.426,0.574,2,0.971,0.323
NP9903172,15,0.977,0.495,7,2.018,0.973
NP9903205,5,0.496,0.393,1,0.0,0.582
NP9903257,3,0.548,0.522,2,0.842,0.656
NP9903262,15,1.049,0.628,12,2.272,0.378
NP9903265,8,0.718,0.357,4,1.432,0.932
NP9903298,8,0.712,0.68,6,1.371,0.0
NP9903310,9,0.535,0.543,4,1.322,0.812
NP9903312,6,0.452,0.334,2,0.991,0.543
NP9903330,7,0.664,0.396,3,1.378,0.933
NP9903363,6,0.465,0.536,2,0.99,0.986
NP9903397,13,0.696,0.662,6,1.313,0.029
NP9903405,7,0.613,0.391,2,0.991,0.5
NP9903408,6,0.627,0.595,3,0.906,0.412
NP9903439,11,0.863,0.42,5,1.901,0.053
NP9903456,5,0.108,0.353,1,0.0,0.327
NP9903457,7,0.614,0.472,2,0.975,0.68
NP9903466,4,0.647,0.51,1,0.0,0.863
NP9903471,16,1.294,1.0,11,2.753,0.595
NP9903482,5,0.151,0.472,1,0.0,0.908
NP9903501,16,1.309,0.936,11,2.28,0.103
NP9903518,7,0.559,0.41,2,0.964,0.545
NP9903523,5,0.445,0.449,4,0.643,0.273
NP9903526,6,0.454,0.328,1,0.0,0.864
NP9903528,5,0.189,0.311,1,0.0,0.935
NP9903531,10,0.894,0.452,4,1.624,0.915
NP9903543,13,0.737,0.599,6,1.381,0.045
NP9903544,5,0.141,0.644,1,0.0,0.949
NP9903548,5,0.21,0.509,1,0.0,0.951
NP9903549,5,0.68,0.629,3,0.677,0.514
NP9903555,5,0.091,0.23,1,0.0,0.22
NP9903569,7,0.466,0.223,2,0.916,0.818
NP9903584,5,0.172,0.459,1,0.0,0.909
NP9903585,5,0.172,0.358,1,0.0,0.805
NP9903602,10,0.771,0.49,3,1.105,0.989
NP9903604,6,0.962,0.74,3,0.953,0.212
NP9903607,6,0.315,0.34,1,0.0,0.777
NP9903613,16,0.838,0.544,8,1.32,0.075
NP9903614,6,0.565,0.283,2,0.974,0.618
NP9903617,9,0.814,0.535,5,1.65,0.97
NP9903619,7,0.577,0.487,3,1.333,0.744
NP9903624,6,0.89,0.645,3,1.31,0.611
NP9903627,3,0.0,1.0,1,0.0,0.167
NP9903644,5,0.099,0.374,1,0.0,0.995
NP9903655,5,0.315,0.472,1,0.0,0.878
NP9903656,6,0.504,0.374,1,0.0,0.154
NP9903659,6,0.45,0.408,1,0.0,0.957
NP9903667,9,0.717,0.347,4,1.235,0.043
NP9903671,9,0.824,0.543,5,1.867,0.569
NP9903676,10,0.725,0.404,2,0.663,0.821
NP9903677,7,0.739,0.45,3,1.262,0.852
NP9903678,5,0.012,0.354,1,0.0,0.934
NP9903679,7,0.527,0.568,3,0.961,0.924
NP9903685,5,0.133,0.22,1,0.0,0.547
NP9903688,8,0.648,0.392,3,0.979,0.963
NP9903693,9,0.811,0.664,6,0.703,0.016
NP9903694,7,0.638,0.379,3,1.395,0.264
NP9903695,7,0.615,0.487,2,0.991,0.83
NP9903703,5,0.115,0.433,1,0.0,0.942
NP9903706,5,0.184,0.407,1,0.0,0.886
NP9903708,4,0.4,0.295,2,0.844,0.591
NP9903712,7,0.586,0.38,3,1.358,0.789
NP9903713,6,0.472,0.266,1,0.0,0.92
NP9903715,6,0.337,0.403,1,0.0,0.911
NP9903716,4,0.78,0.695,2,0.037,0.688
NP9903719,4,0.356,0.435,1,0.0,0.829
NP9903722,6,0.365,0.32,1,0.0,0.967
NP9903730,6,0.437,0.508,1,0.0,0.893
NP9903735,4,0.17,0.576,4,0.17,0.399
NP9903739,8,0.581,0.453,1,0.0,0.699
NP9903741,5,0.033,0.411,1,0.0,0.968
NP9903744,11,0.585,0.556,4,0.955,0.754
NP9903750,5,0.137,0.416,1,0.0,0.979
NP9903755,7,0.397,0.278,2,0.867,0.746
NP9903756,21,0.849,0.439,12,1.355,0.103
NP9903760,8,0.635,0.5,4,1.362,0.863
NP9903764,8,0.722,0.448,3,1.346,0.962
NP9903770,5,0.185,0.49,1,0.0,0.894
NP9903771,5,0.303,0.302,2,0.607,0.95
NP9903772,12,0.692,0.501,5,0.896,0.321
NP9903774,4,0.538,0.976,2,0.636,0.25
NP9903775,5,0.389,0.282,1,0.0,0.684
NP9903776,23,1.304,1.0,12,1.906,0.947
NP9903777,12,0.832,0.298,3,1.278,0.906
NP9903780,4,0.346,1.0,2,0.6,0.0
NP9903781,6,0.392,0.502,2,0.95,0.916
NP9903783,7,0.682,0.638,3,1.166,0.99
NP9903787,6,0.574,0.427,2,0.985,0.403
np0008812,2,0.333,1.0,2,0.333,1.0
np9903059,1,0.0,1.0,1,0.0,1.0
