line,city,verdict,习惯规律性,计划周几不同占比,每店周几数,门店数
000338545,天津市,执行到位（计划与实际一致）,0.974,0.0,1.06,192
000339039,汕头市,执行到位（计划与实际一致）,0.986,0.009,1.03,221
000340007,广州市,执行到位（计划与实际一致）,0.992,0.014,1.02,222
000340101,佛山市,执行到位（计划与实际一致）,0.994,0.013,1.01,159
000340501,郑州市,执行到位（计划与实际一致）,0.982,0.032,1.04,189
000340591,深圳市,执行到位（计划与实际一致）,0.955,0.072,1.1,153
000341803,惠州市,执行到位（计划与实际一致）,0.973,0.088,1.05,91
000341860,郑州市,执行到位（计划与实际一致）,0.971,0.144,1.06,181
000343720,重庆市,执行到位（计划与实际一致）,0.943,0.0,1.11,44
000343775,扬州市,执行到位（计划与实际一致）,0.975,0.071,1.05,140
000412000,北京市,执行到位（计划与实际一致）,0.987,0.169,1.03,118
000423268,大连市,执行到位（计划与实际一致）,0.901,0.151,1.24,106
000425319,深圳市,执行到位（计划与实际一致）,0.976,0.041,1.05,145
000444100,北京市,计划不够好（他有规律，计划写错天）,0.959,0.287,1.08,122
000448996,合肥市,执行到位（计划与实际一致）,0.963,0.048,1.08,63
000474825,广州市,执行到位（计划与实际一致）,0.991,0.01,1.02,197
000478015,哈尔滨市,计划不够好（他有规律，计划写错天）,0.99,0.475,1.02,101
000479151,中山市,执行到位（计划与实际一致）,0.995,0.009,1.01,213
000495972,石家庄市,执行到位（计划与实际一致）,1.0,0.222,1.0,144
000504766,济南市,计划不够好（他有规律，计划写错天）,0.93,0.484,1.14,122
000532987,泉州市,执行到位（计划与实际一致）,0.955,0.075,1.09,174
000544784,北京市,计划不够好（他有规律，计划写错天）,0.976,0.258,1.05,124
000545650,太原市,计划不够好（他有规律，计划写错天）,0.974,0.778,1.05,117
000601353,东莞市,执行到位（计划与实际一致）,0.967,0.009,1.07,212
000601363,长春市,计划不够好（他有规律，计划写错天）,1.0,0.84,1.0,131
000604272,北京市,计划不够好（他有规律，计划写错天）,0.968,0.362,1.07,58
000608772,沈阳市,执行到位（计划与实际一致）,0.914,0.162,1.17,99
000611030,上海市,计划不够好（他有规律，计划写错天）,0.918,0.333,1.18,57
000621190,青岛市,计划不够好（他有规律，计划写错天）,0.99,0.536,1.02,97
000643531,天津市,计划不够好（他有规律，计划写错天）,0.989,0.699,1.02,93
000644322,海口市,执行到位（计划与实际一致）,0.99,0.011,1.02,190
000644405,漳州市,执行到位（计划与实际一致）,0.991,0.156,1.02,167
000645986,朔州市,计划不够好（他有规律，计划写错天）,0.975,0.4,1.05,60
000648339,保定市,计划不够好（他有规律，计划写错天）,0.97,0.366,1.06,101
000649981,东莞市,执行到位（计划与实际一致）,0.966,0.076,1.08,131
000650808,上海市,执行到位（计划与实际一致）,0.948,0.062,1.1,48
000651389,石家庄市,执行到位（计划与实际一致）,0.992,0.061,1.02,131
000652136,长沙市,执行到位（计划与实际一致）,0.986,0.028,1.03,181
000653294,大连市,执行到位（计划与实际一致）,0.917,0.042,1.21,24
000656726,金华市,计划不够好（他有规律，计划写错天）,0.994,0.519,1.01,77
000657892,苏州市,执行到位（计划与实际一致）,0.948,0.098,1.11,143
000658193,上海市,执行到位（计划与实际一致）,0.942,0.058,1.13,103
000658550,绵阳市,计划不够好（他有规律，计划写错天）,0.969,1.0,1.06,16
000661437,大连市,执行到位（计划与实际一致）,0.849,0.212,1.32,165
000663253,南京市,执行到位（计划与实际一致）,0.993,0.0,1.01,73
000664988,青岛市,计划不够好（他有规律，计划写错天）,0.974,0.684,1.05,19
000665947,宝鸡市,计划不够好（他有规律，计划写错天）,1.0,0.625,1.0,8
000666131,深圳市,执行到位（计划与实际一致）,0.985,0.009,1.03,233
000667049,长春市,计划不够好（他有规律，计划写错天）,0.916,0.609,1.17,115
000667325,乌鲁木齐市,计划不够好（他有规律，计划写错天）,0.951,0.537,1.1,82
000669395,重庆市,计划不够好（他有规律，计划写错天）,0.851,0.676,1.35,37
000669401,兰州市,执行到位（计划与实际一致）,0.883,0.133,1.27,30
000672773,沈阳市,执行到位（计划与实际一致）,0.948,0.153,1.1,124
000675049,大连市,执行到位（计划与实际一致）,0.974,0.04,1.06,124
000676068,沈阳市,计划不够好（他有规律，计划写错天）,1.0,0.8,1.0,5
000676593,唐山市,计划不够好（他有规律，计划写错天）,0.909,0.909,1.18,11
000676638,淄博市,计划不够好（他有规律，计划写错天）,0.903,0.301,1.2,113
000677137,长春市,执行到位（计划与实际一致）,0.984,0.161,1.03,93
000677953,潍坊市,计划不够好（他有规律，计划写错天）,0.948,0.276,1.11,145
000683993,包头市,计划不够好（他有规律，计划写错天）,0.953,0.586,1.09,128
000685128,佛山市,执行到位（计划与实际一致）,0.964,0.067,1.07,134
000685195,金华市,计划不够好（他有规律，计划写错天）,0.989,0.358,1.02,187
000685565,厦门市,执行到位（计划与实际一致）,0.995,0.009,1.01,214
000685659,深圳市,执行到位（计划与实际一致）,0.955,0.1,1.09,160
000685664,佛山市,执行到位（计划与实际一致）,0.988,0.021,1.03,189
000685767,广州市,执行到位（计划与实际一致）,0.976,0.07,1.05,186
000695113,中山市,执行到位（计划与实际一致）,0.989,0.029,1.02,208
000695117,成都市,执行到位（计划与实际一致）,0.9,0.0,1.2,5
000698771,深圳市,执行到位（计划与实际一致）,0.974,0.048,1.05,209
000699200,湛江市,执行到位（计划与实际一致）,0.993,0.0,1.01,224
000699805,汕头市,执行到位（计划与实际一致）,0.937,0.068,1.14,207
000699979,广州市,执行到位（计划与实际一致）,0.998,0.0,1.0,235
000700020,广州市,执行到位（计划与实际一致）,1.0,0.0,1.0,227
000701809,北京市,计划不够好（他有规律，计划写错天）,0.98,0.297,1.04,128
000702280,贵阳市,执行到位（计划与实际一致）,0.84,0.16,1.32,50
000702358,上海市,执行到位（计划与实际一致）,1.0,0.0,1.0,203
000703627,常州市,执行到位（计划与实际一致）,0.974,0.031,1.05,97
000705502,,计划不够好（他有规律，计划写错天）,0.787,0.356,1.49,59
000706671,徐州市,执行到位（计划与实际一致）,0.937,0.12,1.15,158
000707336,阜阳市,计划不够好（他有规律，计划写错天）,0.927,0.571,1.15,84
000707342,芜湖市,执行到位（计划与实际一致）,0.956,0.123,1.09,57
000709902,无锡市,执行到位（计划与实际一致）,0.981,0.039,1.04,181
000710328,嘉兴市,计划不够好（他有规律，计划写错天）,0.962,0.923,1.08,13
000711323,上海市,执行到位（计划与实际一致）,0.967,0.022,1.07,136
000711850,深圳市,执行到位（计划与实际一致）,0.985,0.018,1.03,228
000712217,昆明市,计划不够好（他有规律，计划写错天）,0.973,0.34,1.05,150
000712433,郑州市,执行到位（计划与实际一致）,0.952,0.231,1.1,52
000712516,烟台市,计划不够好（他有规律，计划写错天）,0.98,0.824,1.04,51
000712606,包头市,执行到位（计划与实际一致）,0.969,0.05,1.07,160
000712608,沈阳市,执行到位（计划与实际一致）,0.936,0.127,1.14,102
000712667,广州市,执行到位（计划与实际一致）,0.988,0.0,1.02,209
000714057,北京市,执行到位（计划与实际一致）,0.988,0.144,1.02,125
000714395,西安市,执行到位（计划与实际一致）,0.972,0.052,1.06,191
000714922,西宁市,执行到位（计划与实际一致）,0.924,0.035,1.16,86
000716325,广州市,执行到位（计划与实际一致）,0.974,0.095,1.05,116
000716327,肇庆市,执行到位（计划与实际一致）,0.982,0.006,1.04,176
000718160,银川市,计划不够好（他有规律，计划写错天）,0.818,0.727,1.36,11
000721070,西安市,执行到位（计划与实际一致）,0.949,0.099,1.11,223
000724728,济南市,计划不够好（他有规律，计划写错天）,0.898,0.252,1.27,115
000725968,三亚市,执行到位（计划与实际一致）,1.0,0.0,1.0,218
000732776,温州市,计划不够好（他有规律，计划写错天）,0.976,0.35,1.05,103
000733133,潍坊市,计划不够好（他有规律，计划写错天）,0.965,0.333,1.07,135
000733235,哈尔滨市,执行到位（计划与实际一致）,0.966,0.1,1.07,201
000734397,重庆市,执行到位（计划与实际一致）,0.941,0.059,1.12,17
000734621,无锡市,执行到位（计划与实际一致）,0.966,0.058,1.08,172
000741130,深圳市,执行到位（计划与实际一致）,0.984,0.022,1.04,228
000741226,烟台市,计划不够好（他有规律，计划写错天）,0.974,0.598,1.05,97
000765513,武汉市,执行到位（计划与实际一致）,0.935,0.111,1.13,108
000767735,北京市,执行到位（计划与实际一致）,0.989,0.237,1.02,93
000770730,厦门市,执行到位（计划与实际一致）,0.95,0.036,1.12,196
000771486,广州市,执行到位（计划与实际一致）,1.0,0.0,1.0,212
000771641,珠海市,执行到位（计划与实际一致）,0.964,0.048,1.09,227
000771816,福州市,执行到位（计划与实际一致）,0.984,0.03,1.04,133
000772089,广州市,执行到位（计划与实际一致）,0.998,0.005,1.0,221
000772527,厦门市,执行到位（计划与实际一致）,0.983,0.005,1.04,206
000772623,武汉市,计划不够好（他有规律，计划写错天）,0.965,0.289,1.07,114
000772790,昆明市,执行到位（计划与实际一致）,0.965,0.065,1.08,139
000772796,兰州市,计划不够好（他有规律，计划写错天）,0.807,0.351,1.39,57
000773393,郑州市,执行到位（计划与实际一致）,0.98,0.079,1.04,152
000774113,太原市,执行到位（计划与实际一致）,0.983,0.03,1.03,203
000782263,昆明市,执行到位（计划与实际一致）,0.979,0.096,1.04,136
000782275,昆明市,执行到位（计划与实际一致）,0.958,0.062,1.08,48
000782642,惠州市,执行到位（计划与实际一致）,0.972,0.005,1.06,210
000787397,哈尔滨市,执行到位（计划与实际一致）,1.0,0.191,1.0,94
000795399,天津市,计划不够好（他有规律，计划写错天）,1.0,0.726,1.0,62
000796635,呼和浩特市,计划不够好（他有规律，计划写错天）,0.946,0.254,1.11,138
000798424,上海市,执行到位（计划与实际一致）,0.973,0.025,1.06,199
000799013,唐山市,计划不够好（他有规律，计划写错天）,0.958,0.917,1.08,12
000811058,深圳市,执行到位（计划与实际一致）,0.991,0.034,1.02,176
000811371,贵阳市,执行到位（计划与实际一致）,0.957,0.043,1.09,116
000825758,合肥市,计划不够好（他有规律，计划写错天）,0.994,0.55,1.01,80
000825796,南通市,执行到位（计划与实际一致）,1.0,0.005,1.0,187
000826064,太原市,计划不够好（他有规律，计划写错天）,0.875,0.646,1.27,96
000826911,杭州市,执行到位（计划与实际一致）,0.955,0.205,1.09,44
000829112,重庆市,执行到位（计划与实际一致）,0.85,0.22,1.34,41
000837348,重庆市,计划不够好（他有规律，计划写错天）,0.926,0.562,1.18,130
000838047,北京市,计划不够好（他有规律，计划写错天）,0.995,0.352,1.01,108
000838882,重庆市,计划不够好（他有规律，计划写错天）,0.989,0.568,1.02,44
000840245,上海市,执行到位（计划与实际一致）,0.939,0.039,1.14,180
000843187,苏州市,执行有问题（他自己没规律）,0.0,0.0,0.0,0
000844662,成都市,执行到位（计划与实际一致）,0.912,0.211,1.21,19
000845240,咸阳市,计划不够好（他有规律，计划写错天）,0.986,0.959,1.03,97
000845597,茂名市,执行到位（计划与实际一致）,0.98,0.0,1.04,206
000846281,合肥市,执行到位（计划与实际一致）,1.0,0.13,1.0,69
000847598,北京市,执行到位（计划与实际一致）,0.955,0.21,1.09,100
000847739,石家庄市,执行到位（计划与实际一致）,0.976,0.17,1.05,182
000851279,北京市,计划不够好（他有规律，计划写错天）,0.994,0.427,1.01,82
000851281,成都市,执行到位（计划与实际一致）,0.964,0.037,1.07,160
000851283,成都市,执行到位（计划与实际一致）,0.833,0.158,1.37,19
000851322,成都市,执行到位（计划与实际一致）,0.972,0.031,1.06,65
000851717,眉山市,计划不够好（他有规律，计划写错天）,0.874,0.3,1.32,130
000851729,西安市,执行到位（计划与实际一致）,0.918,0.116,1.17,190
000851730,青岛市,执行到位（计划与实际一致）,0.919,0.218,1.18,119
000851773,深圳市,执行到位（计划与实际一致）,0.973,0.031,1.06,228
000852009,成都市,执行到位（计划与实际一致）,0.958,0.046,1.1,87
000852603,成都市,执行到位（计划与实际一致）,0.919,0.11,1.19,127
000855033,上海市,执行到位（计划与实际一致）,0.974,0.014,1.07,139
000855364,杭州市,执行到位（计划与实际一致）,0.996,0.104,1.01,125
000855388,杭州市,执行到位（计划与实际一致）,0.983,0.013,1.04,229
000855395,上海市,计划不够好（他有规律，计划写错天）,0.933,0.423,1.13,52
000855576,上海市,执行到位（计划与实际一致）,0.923,0.186,1.16,97
000855577,石家庄市,计划不够好（他有规律，计划写错天）,0.973,0.479,1.05,146
000855578,泰州市,执行到位（计划与实际一致）,0.959,0.092,1.08,109
000855582,青岛市,计划不够好（他有规律，计划写错天）,0.975,0.275,1.05,80
000856001,温州市,计划不够好（他有规律，计划写错天）,0.92,0.51,1.16,104
000856514,重庆市,计划不够好（他有规律，计划写错天）,0.794,0.324,1.44,68
000857154,,计划不够好（他有规律，计划写错天）,0.734,0.34,1.6,47
000859299,成都市,执行到位（计划与实际一致）,0.917,0.079,1.18,76
000859505,宁波市,计划不够好（他有规律，计划写错天）,0.988,0.524,1.02,84
000859827,天津市,计划不够好（他有规律，计划写错天）,0.83,0.807,1.36,109
000859839,无锡市,执行到位（计划与实际一致）,0.991,0.026,1.03,38
000859841,厦门市,执行到位（计划与实际一致）,0.983,0.022,1.03,181
000860516,滨州市,计划不够好（他有规律，计划写错天）,0.938,0.66,1.12,97
000860562,宁波市,计划不够好（他有规律，计划写错天）,0.673,0.815,1.74,27
000860828,长沙市,执行到位（计划与实际一致）,0.981,0.053,1.04,151
000862367,上海市,执行到位（计划与实际一致）,0.989,0.129,1.02,93
000862716,青岛市,计划不够好（他有规律，计划写错天）,0.944,0.254,1.12,130
000863973,秦皇岛市,执行到位（计划与实际一致）,0.828,0.121,1.36,66
000864355,苏州市,执行到位（计划与实际一致）,0.977,0.048,1.06,209
000865348,太原市,计划不够好（他有规律，计划写错天）,0.961,0.331,1.08,133
000865709,广州市,执行到位（计划与实际一致）,0.994,0.009,1.01,223
000865960,广州市,执行到位（计划与实际一致）,0.978,0.013,1.04,156
000866035,贵阳市,执行到位（计划与实际一致）,0.955,0.0,1.09,11
000866096,370800,执行到位（计划与实际一致）,1.0,0.0,1.0,36
000866110,上海市,执行到位（计划与实际一致）,0.956,0.165,1.09,91
000866115,西安市,执行到位（计划与实际一致）,0.969,0.058,1.07,208
000866118,常州市,计划不够好（他有规律，计划写错天）,0.941,0.671,1.12,82
000866857,沈阳市,计划不够好（他有规律，计划写错天）,0.842,0.55,1.32,40
000866984,东莞市,执行到位（计划与实际一致）,0.997,0.071,1.01,155
000867936,江门市,执行到位（计划与实际一致）,0.964,0.016,1.08,192
000874142,惠州市,执行到位（计划与实际一致）,0.88,0.239,1.28,46
000874284,深圳市,执行到位（计划与实际一致）,0.932,0.068,1.14,234
000874293,厦门市,执行到位（计划与实际一致）,0.902,0.093,1.27,97
000874295,西安市,执行到位（计划与实际一致）,0.95,0.064,1.12,187
000874299,北京市,执行到位（计划与实际一致）,0.996,0.116,1.01,121
000874372,合肥市,计划不够好（他有规律，计划写错天）,0.778,0.556,1.48,27
000874584,佛山市,执行到位（计划与实际一致）,0.925,0.074,1.17,149
000874807,沈阳市,执行到位（计划与实际一致）,0.947,0.15,1.11,133
000874881,成都市,执行到位（计划与实际一致）,0.896,0.042,1.29,24
000874956,南京市,计划不够好（他有规律，计划写错天）,0.893,0.531,1.22,64
000874960,大连市,计划不够好（他有规律，计划写错天）,0.735,0.536,1.8,56
000875125,西安市,执行到位（计划与实际一致）,0.925,0.055,1.2,200
000875131,广州市,执行到位（计划与实际一致）,0.907,0.186,1.19,43
000875858,邯郸市,执行到位（计划与实际一致）,0.915,0.061,1.2,49
DS0001426,滨州市,计划不够好（他有规律，计划写错天）,0.96,0.84,1.08,25
DS0001773,阜阳市,执行到位（计划与实际一致）,0.984,0.199,1.03,156
DS0001866,宜昌市,执行到位（计划与实际一致）,0.944,0.156,1.11,160
NP0008185,乐山市,计划不够好（他有规律，计划写错天）,0.969,0.688,1.06,16
NP0008447,佛山市,计划不够好（他有规律，计划写错天）,0.94,0.444,1.12,187
NP0008452,贵阳市,执行到位（计划与实际一致）,0.956,0.042,1.1,72
NP0008680,天津市,计划不够好（他有规律，计划写错天）,0.968,0.925,1.08,93
NP0008682,宁波市,计划不够好（他有规律，计划写错天）,0.99,0.449,1.02,49
NP0008722,南京市,计划不够好（他有规律，计划写错天）,0.965,0.384,1.07,86
NP0008812,长沙市,执行到位（计划与实际一致）,0.969,0.052,1.06,194
NP0008855,阳江市,执行到位（计划与实际一致）,0.922,0.192,1.16,130
NP0008869,成都市,执行到位（计划与实际一致）,0.93,0.07,1.16,43
NP0008904,西安市,执行到位（计划与实际一致）,0.957,0.047,1.1,172
NP0008997,佛山市,执行到位（计划与实际一致）,0.987,0.062,1.03,193
NP0009078,大连市,计划不够好（他有规律，计划写错天）,0.944,0.889,1.11,9
NP0009098,达州市,执行到位（计划与实际一致）,0.901,0.069,1.29,101
NP0009123,宁波市,计划不够好（他有规律，计划写错天）,0.919,0.373,1.18,134
NP0009132,青岛市,计划不够好（他有规律，计划写错天）,0.885,0.556,1.26,124
NP0009135,东莞市,执行到位（计划与实际一致）,0.93,0.116,1.16,172
NP0009147,南京市,执行到位（计划与实际一致）,0.975,0.054,1.05,166
NP0009223,金华市,执行到位（计划与实际一致）,0.997,0.092,1.01,185
NP0009295,苏州市,执行到位（计划与实际一致）,0.956,0.07,1.09,171
NP0009377,唐山市,计划不够好（他有规律，计划写错天）,0.946,0.679,1.11,28
NP0009432,广州市,执行到位（计划与实际一致）,0.998,0.004,1.0,226
NP0009462,上海市,执行到位（计划与实际一致）,0.897,0.0,1.23,60
NP0009527,合肥市,执行到位（计划与实际一致）,0.991,0.006,1.03,159
NP0009568,石家庄市,计划不够好（他有规律，计划写错天）,0.979,0.698,1.05,129
NP0009581,成都市,执行到位（计划与实际一致）,0.931,0.028,1.17,36
NP0009660,福州市,执行到位（计划与实际一致）,0.998,0.0,1.0,227
NP0009668,杭州市,执行到位（计划与实际一致）,0.982,0.032,1.04,157
NP0009672,上海市,执行到位（计划与实际一致）,0.947,0.165,1.11,91
NP0009743,台州市,计划不够好（他有规律，计划写错天）,0.896,0.382,1.21,144
NP0009778,深圳市,执行到位（计划与实际一致）,0.97,0.034,1.06,208
NP0009832,三亚市,执行到位（计划与实际一致）,0.995,0.005,1.01,216
NP0009925,广州市,执行到位（计划与实际一致）,0.975,0.022,1.06,186
NP0009959,大同市,执行到位（计划与实际一致）,0.976,0.122,1.05,82
NP0010006,邯郸市,计划不够好（他有规律，计划写错天）,0.907,0.667,1.22,27
NP0010020,北京市,执行到位（计划与实际一致）,0.967,0.025,1.07,197
NP0010026,深圳市,执行到位（计划与实际一致）,0.996,0.004,1.01,230
NP0010054,成都市,执行到位（计划与实际一致）,0.901,0.09,1.24,89
NP0010076,呼和浩特市,计划不够好（他有规律，计划写错天）,0.832,0.443,1.59,61
NP0010123,东莞市,执行到位（计划与实际一致）,1.0,0.0,1.0,210
NP0010161,厦门市,执行到位（计划与实际一致）,0.884,0.158,1.26,146
NP0010177,武汉市,执行到位（计划与实际一致）,0.955,0.054,1.12,168
NP0010210,泰州市,计划不够好（他有规律，计划写错天）,0.969,0.374,1.07,107
NP0010233,柳州市,计划不够好（他有规律，计划写错天）,0.879,0.28,1.28,125
NP0010236,沧州市,计划不够好（他有规律，计划写错天）,0.9,0.68,1.22,50
NP0010249,上海市,执行到位（计划与实际一致）,0.903,0.042,1.2,120
NP0010283,莆田市,执行到位（计划与实际一致）,0.953,0.091,1.1,197
NP0010285,成都市,执行到位（计划与实际一致）,0.942,0.093,1.14,86
NP0010307,威海市,计划不够好（他有规律，计划写错天）,0.884,0.565,1.26,46
NP0010323,曲靖市,执行到位（计划与实际一致）,0.956,0.069,1.12,145
NP0010380,泰州市,执行到位（计划与实际一致）,1.0,0.058,1.0,69
NP0010444,深圳市,执行到位（计划与实际一致）,0.968,0.024,1.07,210
NP0010481,无锡市,执行到位（计划与实际一致）,0.988,0.023,1.03,176
NP0010485,德州市,执行到位（计划与实际一致）,1.0,0.2,1.0,5
NP0010486,德州市,计划不够好（他有规律，计划写错天）,1.0,0.667,1.0,12
NP0010498,广州市,执行到位（计划与实际一致）,0.992,0.005,1.02,220
NP0010660,武汉市,执行到位（计划与实际一致）,0.961,0.028,1.09,176
NP0010665,武汉市,执行到位（计划与实际一致）,0.958,0.042,1.09,189
NP0010670,佛山市,执行到位（计划与实际一致）,0.967,0.064,1.07,204
NP0010674,常州市,执行到位（计划与实际一致）,0.972,0.13,1.06,123
NP0010683,昆明市,计划不够好（他有规律，计划写错天）,0.923,0.573,1.17,89
NP0010688,成都市,执行到位（计划与实际一致）,0.92,0.043,1.26,23
NP0010748,商丘市,执行到位（计划与实际一致）,0.844,0.243,1.42,115
NP0010807,清远市,执行到位（计划与实际一致）,0.993,0.005,1.02,191
NP0010842,兰州市,执行到位（计划与实际一致）,0.794,0.235,1.41,17
NP0010891,无锡市,执行到位（计划与实际一致）,0.974,0.035,1.06,115
NP0010900,青岛市,执行到位（计划与实际一致）,0.92,0.113,1.19,150
NP0010920,曲靖市,执行到位（计划与实际一致）,0.93,0.101,1.16,69
NP0010987,滨州市,计划不够好（他有规律，计划写错天）,0.891,0.565,1.22,23
NP0010989,秦皇岛市,计划不够好（他有规律，计划写错天）,0.818,0.562,1.44,32
NP0010995,合肥市,计划不够好（他有规律，计划写错天）,0.857,0.286,1.29,21
NP0011002,西安市,计划不够好（他有规律，计划写错天）,0.792,0.5,1.56,48
NP0011031,眉山市,执行到位（计划与实际一致）,0.922,0.119,1.18,126
NP0011048,台州市,执行到位（计划与实际一致）,0.987,0.104,1.03,173
NP0011053,台州市,计划不够好（他有规律，计划写错天）,0.99,0.351,1.02,97
NP0011086,北京市,执行到位（计划与实际一致）,0.955,0.218,1.09,78
NP0011095,武汉市,执行到位（计划与实际一致）,0.927,0.155,1.15,103
NP0011110,西安市,执行到位（计划与实际一致）,0.955,0.082,1.09,184
NP0011136,玉林市,执行到位（计划与实际一致）,0.961,0.067,1.08,195
NP0011145,泰安市,计划不够好（他有规律，计划写错天）,0.988,0.81,1.02,42
NP0011152,杭州市,执行到位（计划与实际一致）,0.956,0.118,1.11,93
NP0011171,深圳市,执行到位（计划与实际一致）,0.905,0.092,1.23,120
NP0011193,芜湖市,执行到位（计划与实际一致）,1.0,0.03,1.0,134
NP0011290,德州市,计划不够好（他有规律，计划写错天）,1.0,0.95,1.0,20
NP0011299,合肥市,执行有问题（他自己没规律）,0.0,0.0,0.0,0
NP0011348,南宁市,执行到位（计划与实际一致）,0.97,0.03,1.07,202
NP0011350,北京市,计划不够好（他有规律，计划写错天）,0.972,0.278,1.06,90
NP0011376,成都市,执行到位（计划与实际一致）,0.875,0.167,1.25,12
NP0011405,北京市,计划不够好（他有规律，计划写错天）,1.0,0.674,1.0,43
NP0011431,北京市,计划不够好（他有规律，计划写错天）,1.0,0.472,1.0,36
NP0011436,东莞市,执行到位（计划与实际一致）,0.996,0.01,1.01,203
NP0011437,西宁市,执行到位（计划与实际一致）,0.998,0.0,1.01,154
NP0011469,宝鸡市,计划不够好（他有规律，计划写错天）,0.966,0.308,1.07,133
NP0011478,苏州市,执行到位（计划与实际一致）,0.961,0.213,1.09,47
NP0011525,肇庆市,执行到位（计划与实际一致）,0.964,0.014,1.1,142
NP0011547,厦门市,计划不够好（他有规律，计划写错天）,0.753,0.287,1.66,94
NP0011578,曲靖市,计划不够好（他有规律，计划写错天）,0.619,0.571,2.0,21
NP0011681,北京市,计划不够好（他有规律，计划写错天）,0.964,0.75,1.07,28
NP0011736,北京市,计划不够好（他有规律，计划写错天）,0.981,0.423,1.04,26
NP0011803,北京市,计划不够好（他有规律，计划写错天）,0.95,0.55,1.1,20
NP0011810,宁波市,计划不够好（他有规律，计划写错天）,0.972,0.278,1.06,18
NP0011816,重庆市,执行到位（计划与实际一致）,0.882,0.157,1.3,89
NP0011874,佛山市,执行到位（计划与实际一致）,0.987,0.026,1.03,38
NP0011994,佛山市,执行到位（计划与实际一致）,1.0,0.0,1.0,18
NP0011998,杭州市,执行到位（计划与实际一致）,0.986,0.028,1.03,71
NP0012033,南京市,执行到位（计划与实际一致）,1.0,0.0,1.0,3
NP8800017,泉州市,执行到位（计划与实际一致）,0.995,0.015,1.01,200
NP8800018,泉州市,执行到位（计划与实际一致）,0.992,0.024,1.02,210
NP8800045,昆明市,执行到位（计划与实际一致）,0.987,0.044,1.03,113
NP8800052,佛山市,执行到位（计划与实际一致）,0.958,0.066,1.09,136
NP8800054,湛江市,执行到位（计划与实际一致）,0.985,0.029,1.03,206
NP8800075,郑州市,执行到位（计划与实际一致）,0.906,0.156,1.22,128
NP8800079,武汉市,执行到位（计划与实际一致）,0.956,0.05,1.09,180
NP8800110,上海市,执行到位（计划与实际一致）,0.962,0.227,1.09,110
NP8800114,无锡市,执行到位（计划与实际一致）,0.993,0.19,1.02,147
NP8800119,惠州市,执行到位（计划与实际一致）,0.983,0.026,1.04,193
NP8800166,西宁市,执行到位（计划与实际一致）,0.962,0.034,1.1,59
NP8800190,嘉兴市,执行到位（计划与实际一致）,0.833,0.222,1.39,54
NP8800197,襄阳市,计划不够好（他有规律，计划写错天）,0.993,0.479,1.01,146
NP8800212,洛阳市,计划不够好（他有规律，计划写错天）,0.845,0.345,1.39,142
NP8800236,商丘市,计划不够好（他有规律，计划写错天）,0.915,0.536,1.18,84
NP8800246,衡阳市,执行到位（计划与实际一致）,0.93,0.105,1.15,210
NP8800253,天津市,计划不够好（他有规律，计划写错天）,0.944,0.877,1.12,81
NP8800254,宝鸡市,执行到位（计划与实际一致）,0.833,0.139,1.33,36
NP8800295,芜湖市,执行到位（计划与实际一致）,0.968,0.022,1.08,179
NP8800323,370800,执行到位（计划与实际一致）,0.984,0.156,1.03,32
NP8800351,安阳市,执行到位（计划与实际一致）,0.915,0.148,1.18,169
NP8800357,广州市,执行到位（计划与实际一致）,0.993,0.015,1.01,134
NP8800371,潍坊市,计划不够好（他有规律，计划写错天）,0.986,0.918,1.03,73
NP8800391,广州市,执行到位（计划与实际一致）,1.0,0.0,1.0,69
NP8800398,眉山市,计划不够好（他有规律，计划写错天）,1.0,0.5,1.0,4
NP8800409,徐州市,执行到位（计划与实际一致）,0.95,0.143,1.1,175
NP8800414,菏泽市,执行到位（计划与实际一致）,1.0,0.019,1.0,53
NP8800415,330500,执行到位（计划与实际一致）,1.0,0.2,1.0,5
NP8800420,南阳市,执行到位（计划与实际一致）,0.967,0.2,1.07,30
NP8800426,盐城市,执行到位（计划与实际一致）,0.995,0.07,1.01,100
NP8800445,赤峰市,计划不够好（他有规律，计划写错天）,0.961,0.406,1.09,138
NP8800446,中山市,执行到位（计划与实际一致）,0.981,0.012,1.04,171
NP8800449,长春市,执行到位（计划与实际一致）,0.994,0.031,1.01,159
NP8800460,清远市,执行到位（计划与实际一致）,0.866,0.21,1.28,119
NP8800465,哈尔滨市,执行到位（计划与实际一致）,0.991,0.13,1.02,169
NP8800476,莆田市,执行到位（计划与实际一致）,1.0,0.0,1.0,207
NP8800477,乐山市,计划不够好（他有规律，计划写错天）,0.857,0.286,1.29,7
NP8800480,漳州市,执行到位（计划与实际一致）,0.935,0.102,1.13,128
NP8800481,南充市,执行到位（计划与实际一致）,0.987,0.017,1.03,174
NP8800491,呼和浩特市,执行到位（计划与实际一致）,1.0,0.0,1.0,199
NP8800493,菏泽市,执行到位（计划与实际一致）,0.974,0.182,1.05,170
NP8800497,阳江市,执行到位（计划与实际一致）,0.955,0.223,1.1,148
NP8800502,吉林市,计划不够好（他有规律，计划写错天）,0.986,0.757,1.03,140
NP8800525,襄阳市,执行到位（计划与实际一致）,0.933,0.161,1.14,199
NP8800534,重庆市,执行到位（计划与实际一致）,0.968,0.032,1.06,62
NP8800550,大连市,计划不够好（他有规律，计划写错天）,0.893,0.357,1.21,14
NP8800557,兰州市,执行到位（计划与实际一致）,0.75,0.156,1.56,32
NP8800567,无锡市,执行到位（计划与实际一致）,0.991,0.006,1.02,160
NP8800580,上海市,执行到位（计划与实际一致）,0.844,0.062,1.31,16
NP8800589,邯郸市,计划不够好（他有规律，计划写错天）,1.0,0.404,1.0,57
NP8800592,温州市,计划不够好（他有规律，计划写错天）,0.877,0.407,1.28,145
NP8800607,乐山市,计划不够好（他有规律，计划写错天）,0.962,0.385,1.08,13
NP8800609,苏州市,执行到位（计划与实际一致）,0.975,0.039,1.07,153
NP8800613,泰州市,计划不够好（他有规律，计划写错天）,1.0,0.262,1.0,61
NP8800630,天津市,计划不够好（他有规律，计划写错天）,0.938,0.857,1.13,126
NP8800632,乌鲁木齐市,执行到位（计划与实际一致）,0.951,0.083,1.12,24
NP8800638,聊城市,执行到位（计划与实际一致）,0.948,0.207,1.1,29
NP8800645,兰州市,计划不够好（他有规律，计划写错天）,0.91,0.462,1.21,39
NP8800649,重庆市,计划不够好（他有规律，计划写错天）,0.944,0.593,1.11,27
NP8800651,广州市,执行到位（计划与实际一致）,1.0,0.0,1.0,221
NP8800664,西安市,执行到位（计划与实际一致）,0.89,0.126,1.31,183
NP8800679,南宁市,执行到位（计划与实际一致）,0.98,0.036,1.04,222
NP8800682,杭州市,执行到位（计划与实际一致）,0.978,0.0,1.05,175
NP8800686,天津市,计划不够好（他有规律，计划写错天）,1.0,0.818,1.0,99
NP8800691,广州市,执行到位（计划与实际一致）,0.999,0.0,1.0,224
NP8800694,合肥市,执行到位（计划与实际一致）,0.96,0.064,1.09,125
NP8800696,西安市,执行到位（计划与实际一致）,0.953,0.056,1.1,213
NP8800706,130500,计划不够好（他有规律，计划写错天）,0.944,0.704,1.11,27
NP8800711,聊城市,计划不够好（他有规律，计划写错天）,1.0,1.0,1.0,6
NP8800715,菏泽市,执行到位（计划与实际一致）,0.974,0.038,1.06,209
NP8800722,沈阳市,计划不够好（他有规律，计划写错天）,0.865,0.292,1.29,48
NP8800736,渭南市,计划不够好（他有规律，计划写错天）,1.0,1.0,1.0,12
NP8800744,,执行到位（计划与实际一致）,1.0,0.015,1.0,66
NP8800760,沧州市,计划不够好（他有规律，计划写错天）,1.0,0.419,1.0,74
NP8800763,成都市,执行到位（计划与实际一致）,0.926,0.176,1.15,34
NP8800765,嘉兴市,执行到位（计划与实际一致）,0.795,0.143,1.43,35
NP8800768,苏州市,执行到位（计划与实际一致）,0.917,0.176,1.18,34
NP8800784,珠海市,执行到位（计划与实际一致）,0.993,0.01,1.01,202
NP8800795,渭南市,计划不够好（他有规律，计划写错天）,0.844,0.312,1.31,64
NP8800805,哈尔滨市,计划不够好（他有规律，计划写错天）,0.948,0.435,1.1,115
NP8800811,武汉市,执行到位（计划与实际一致）,0.977,0.038,1.05,157
NP8800813,武汉市,执行到位（计划与实际一致）,0.969,0.041,1.07,169
NP8800848,呼和浩特市,执行到位（计划与实际一致）,0.925,0.083,1.18,120
NP8800856,,执行到位（计划与实际一致）,0.862,0.171,1.3,70
NP8800857,佛山市,执行到位（计划与实际一致）,0.991,0.01,1.02,206
NP8800871,银川市,计划不够好（他有规律，计划写错天）,0.722,0.5,1.58,12
NP8800873,宝鸡市,计划不够好（他有规律，计划写错天）,0.964,0.667,1.07,42
NP8800882,广州市,执行到位（计划与实际一致）,0.991,0.018,1.02,225
NP8800893,杭州市,执行到位（计划与实际一致）,0.983,0.015,1.04,130
NP8800900,佛山市,计划不够好（他有规律，计划写错天）,0.892,0.304,1.3,69
NP8800902,厦门市,执行到位（计划与实际一致）,0.992,0.009,1.02,216
NP8800903,大同市,执行到位（计划与实际一致）,0.959,0.076,1.08,172
NP8800909,洛阳市,计划不够好（他有规律，计划写错天）,0.914,0.688,1.19,173
NP8800922,重庆市,计划不够好（他有规律，计划写错天）,0.8,0.4,1.4,15
NP8800931,重庆市,计划不够好（他有规律，计划写错天）,0.833,0.895,1.37,19
NP8800935,广州市,执行到位（计划与实际一致）,0.981,0.022,1.05,185
NP8800937,石家庄市,执行到位（计划与实际一致）,0.99,0.218,1.02,101
NP8800956,乌鲁木齐市,计划不够好（他有规律，计划写错天）,0.841,0.378,1.33,45
NP8800963,苏州市,执行到位（计划与实际一致）,1.0,0.0,1.0,115
NP8800966,苏州市,执行到位（计划与实际一致）,0.995,0.015,1.01,200
NP8800969,上海市,执行到位（计划与实际一致）,0.954,0.006,1.1,170
NP8800973,温州市,执行到位（计划与实际一致）,0.984,0.156,1.03,128
NP8800975,南京市,计划不够好（他有规律，计划写错天）,1.0,0.327,1.0,98
NP8800980,广州市,执行到位（计划与实际一致）,0.999,0.0,1.0,229
NP8800981,廊坊市,计划不够好（他有规律，计划写错天）,0.98,0.44,1.04,100
NP8800984,330500,执行到位（计划与实际一致）,1.0,0.0,1.0,6
NP8800985,南通市,计划不够好（他有规律，计划写错天）,0.986,0.886,1.03,35
NP8800993,西宁市,执行到位（计划与实际一致）,0.95,0.112,1.1,196
NP8800997,宁波市,计划不够好（他有规律，计划写错天）,0.827,0.282,1.36,103
NP8801006,贵阳市,执行到位（计划与实际一致）,0.937,0.084,1.13,95
NP8801015,唐山市,计划不够好（他有规律，计划写错天）,0.956,0.794,1.09,34
NP8801016,秦皇岛市,计划不够好（他有规律，计划写错天）,0.909,0.565,1.2,46
NP8801023,阜阳市,执行到位（计划与实际一致）,0.98,0.042,1.05,166
NP8801025,西安市,计划不够好（他有规律，计划写错天）,0.881,0.8,1.26,35
NP8801028,泰安市,计划不够好（他有规律，计划写错天）,0.977,0.724,1.05,87
NP8801031,上海市,执行到位（计划与实际一致）,0.961,0.198,1.08,182
NP8801037,常州市,计划不够好（他有规律，计划写错天）,0.992,0.782,1.02,119
NP8801040,扬州市,执行到位（计划与实际一致）,0.967,0.226,1.07,137
NP8801042,上海市,执行到位（计划与实际一致）,0.945,0.119,1.13,143
NP8801045,吉林市,计划不够好（他有规律，计划写错天）,0.984,0.645,1.03,31
NP8801046,南昌市,执行到位（计划与实际一致）,0.953,0.085,1.12,199
NP8801048,苏州市,计划不够好（他有规律，计划写错天）,0.97,0.297,1.07,138
NP8801061,上海市,执行到位（计划与实际一致）,0.99,0.027,1.02,182
NP8801062,上海市,执行到位（计划与实际一致）,0.958,0.012,1.09,164
NP8801063,重庆市,计划不够好（他有规律，计划写错天）,0.872,0.404,1.34,47
NP8801065,徐州市,执行到位（计划与实际一致）,0.995,0.0,1.02,227
NP8801066,南通市,执行到位（计划与实际一致）,0.987,0.012,1.03,166
NP8801067,昆明市,执行到位（计划与实际一致）,0.978,0.033,1.05,153
NP8801078,宁波市,计划不够好（他有规律，计划写错天）,0.887,0.811,1.24,37
NP8801079,赤峰市,计划不够好（他有规律，计划写错天）,0.968,0.596,1.08,52
NP8801080,苏州市,执行到位（计划与实际一致）,0.994,0.045,1.01,157
NP8801083,南昌市,执行到位（计划与实际一致）,0.936,0.128,1.14,133
NP8801085,兰州市,执行到位（计划与实际一致）,0.974,0.038,1.05,130
NP8801099,苏州市,执行到位（计划与实际一致）,0.979,0.036,1.05,167
NP8801101,台州市,计划不够好（他有规律，计划写错天）,0.901,0.353,1.2,156
NP8801102,成都市,计划不够好（他有规律，计划写错天）,0.958,1.0,1.08,12
NP8801114,杭州市,执行到位（计划与实际一致）,0.917,0.06,1.19,117
NP8801117,杭州市,执行到位（计划与实际一致）,0.978,0.044,1.04,114
NP8801128,常州市,计划不够好（他有规律，计划写错天）,1.0,1.0,1.0,29
NP8801129,新乡市,计划不够好（他有规律，计划写错天）,0.916,0.447,1.19,85
NP8801130,北京市,执行到位（计划与实际一致）,0.937,0.156,1.14,109
NP9900738,石家庄市,计划不够好（他有规律，计划写错天）,0.967,0.64,1.08,75
NP9900847,青岛市,计划不够好（他有规律，计划写错天）,0.982,0.318,1.04,110
NP9900886,曲靖市,执行到位（计划与实际一致）,0.891,0.145,1.27,131
NP9900957,郑州市,执行到位（计划与实际一致）,0.982,0.006,1.05,175
NP9901052,淄博市,计划不够好（他有规律，计划写错天）,1.0,0.286,1.0,49
NP9901079,安阳市,执行到位（计划与实际一致）,0.96,0.153,1.08,177
NP9902255,海口市,执行到位（计划与实际一致）,0.994,0.009,1.01,221
NP9902323,北京市,计划不够好（他有规律，计划写错天）,0.89,0.627,1.25,161
NP9902466,哈尔滨市,执行到位（计划与实际一致）,1.0,0.0,1.0,230
NP9902501,邯郸市,执行到位（计划与实际一致）,0.991,0.189,1.02,106
NP9902504,北京市,执行到位（计划与实际一致）,0.99,0.038,1.02,157
NP9902535,洛阳市,计划不够好（他有规律，计划写错天）,0.917,0.657,1.19,108
NP9902541,廊坊市,执行到位（计划与实际一致）,0.973,0.127,1.05,110
NP9902598,西宁市,执行到位（计划与实际一致）,1.0,0.0,1.0,3
NP9902616,绵阳市,计划不够好（他有规律，计划写错天）,0.959,0.64,1.08,111
NP9902639,长春市,计划不够好（他有规律，计划写错天）,0.991,0.853,1.02,116
NP9902676,漳州市,执行到位（计划与实际一致）,0.949,0.149,1.1,175
NP9902730,中山市,执行到位（计划与实际一致）,0.97,0.112,1.06,169
NP9902802,漳州市,计划不够好（他有规律，计划写错天）,0.95,0.257,1.1,101
NP9902842,商丘市,计划不够好（他有规律，计划写错天）,0.826,0.514,1.36,72
NP9902843,包头市,执行到位（计划与实际一致）,0.982,0.217,1.04,138
NP9902851,福州市,执行到位（计划与实际一致）,0.987,0.035,1.03,230
NP9902885,济南市,执行到位（计划与实际一致）,0.917,0.241,1.18,133
NP9902897,潍坊市,计划不够好（他有规律，计划写错天）,0.961,0.598,1.09,82
NP9902925,哈尔滨市,执行到位（计划与实际一致）,0.987,0.023,1.03,219
NP9902930,天津市,执行到位（计划与实际一致）,0.981,0.066,1.05,152
NP9902950,130500,计划不够好（他有规律，计划写错天）,1.0,0.417,1.0,12
NP9902951,珠海市,执行到位（计划与实际一致）,0.993,0.035,1.02,199
NP9902957,吉林市,计划不够好（他有规律，计划写错天）,0.978,0.453,1.04,137
NP9902999,中山市,执行到位（计划与实际一致）,0.998,0.005,1.01,191
NP9903011,郑州市,执行到位（计划与实际一致）,0.988,0.018,1.02,163
NP9903059,长沙市,执行到位（计划与实际一致）,0.988,0.025,1.02,204
NP9903076,广州市,执行到位（计划与实际一致）,0.992,0.013,1.02,229
NP9903091,自贡市,计划不够好（他有规律，计划写错天）,0.875,1.0,1.25,4
NP9903119,南充市,执行到位（计划与实际一致）,0.987,0.127,1.03,118
NP9903125,曲靖市,执行到位（计划与实际一致）,0.947,0.061,1.11,180
NP9903128,广州市,执行到位（计划与实际一致）,0.994,0.0,1.02,195
NP9903144,新乡市,计划不够好（他有规律，计划写错天）,0.903,0.298,1.21,124
NP9903168,武汉市,执行到位（计划与实际一致）,0.966,0.083,1.07,157
NP9903170,洛阳市,计划不够好（他有规律，计划写错天）,0.912,0.43,1.19,142
NP9903172,茂名市,执行到位（计划与实际一致）,0.972,0.005,1.06,217
NP9903205,兰州市,计划不够好（他有规律，计划写错天）,0.901,0.405,1.21,84
NP9903257,银川市,执行到位（计划与实际一致）,0.959,0.189,1.08,37
NP9903262,无锡市,执行到位（计划与实际一致）,0.981,0.008,1.04,130
NP9903265,重庆市,执行到位（计划与实际一致）,0.979,0.055,1.04,146
NP9903298,370800,计划不够好（他有规律，计划写错天）,1.0,1.0,1.0,1
NP9903310,江门市,执行到位（计划与实际一致）,0.956,0.177,1.11,113
NP9903312,包头市,执行到位（计划与实际一致）,0.945,0.203,1.14,118
NP9903330,厦门市,执行到位（计划与实际一致）,0.986,0.01,1.03,210
NP9903363,武汉市,执行到位（计划与实际一致）,0.993,0.014,1.01,208
NP9903397,韶关市,计划不够好（他有规律，计划写错天）,1.0,0.886,1.0,35
NP9903405,烟台市,执行到位（计划与实际一致）,0.92,0.189,1.16,164
NP9903408,自贡市,计划不够好（他有规律，计划写错天）,0.88,0.41,1.26,39
NP9903439,济南市,计划不够好（他有规律，计划写错天）,0.977,0.659,1.05,44
NP9903456,哈尔滨市,计划不够好（他有规律，计划写错天）,0.963,0.37,1.08,127
NP9903457,长春市,执行到位（计划与实际一致）,0.997,0.02,1.01,198
NP9903466,沈阳市,执行到位（计划与实际一致）,0.984,0.043,1.03,92
NP9903471,济南市,执行到位（计划与实际一致）,0.919,0.111,1.19,135
NP9903482,福州市,执行到位（计划与实际一致）,0.987,0.013,1.03,223
NP9903501,保定市,计划不够好（他有规律，计划写错天）,0.982,0.614,1.04,140
NP9903518,太原市,执行到位（计划与实际一致）,0.858,0.215,1.32,107
NP9903523,淄博市,计划不够好（他有规律，计划写错天）,0.952,0.286,1.1,21
NP9903526,贵阳市,执行到位（计划与实际一致）,0.982,0.01,1.04,193
NP9903528,,执行到位（计划与实际一致）,0.958,0.061,1.09,115
NP9903531,广州市,执行到位（计划与实际一致）,1.0,0.0,1.0,214
NP9903543,韶关市,计划不够好（他有规律，计划写错天）,0.988,0.854,1.02,41
NP9903544,昆明市,执行到位（计划与实际一致）,0.981,0.017,1.04,181
NP9903548,西安市,执行到位（计划与实际一致）,0.939,0.045,1.13,201
NP9903549,沈阳市,执行到位（计划与实际一致）,0.927,0.12,1.16,25
NP9903555,临沂市,计划不够好（他有规律，计划写错天）,0.994,0.36,1.01,86
NP9903569,广州市,执行到位（计划与实际一致）,1.0,0.0,1.0,170
NP9903584,达州市,执行到位（计划与实际一致）,0.995,0.016,1.01,192
NP9903585,西安市,执行到位（计划与实际一致）,0.904,0.071,1.23,211
NP9903602,广州市,执行到位（计划与实际一致）,0.987,0.005,1.03,208
NP9903604,重庆市,计划不够好（他有规律，计划写错天）,0.838,0.5,1.38,34
NP9903607,衡阳市,执行到位（计划与实际一致）,0.935,0.168,1.14,185
NP9903613,韶关市,计划不够好（他有规律，计划写错天）,0.984,0.878,1.05,41
NP9903614,昆明市,计划不够好（他有规律，计划写错天）,0.922,0.4,1.16,75
NP9903617,海口市,执行到位（计划与实际一致）,0.969,0.043,1.06,188
NP9903619,南昌市,执行到位（计划与实际一致）,0.969,0.019,1.08,155
NP9903624,重庆市,执行到位（计划与实际一致）,1.0,0.066,1.0,61
NP9903627,昆明市,计划不够好（他有规律，计划写错天）,0.806,0.833,1.5,6
NP9903644,湛江市,执行到位（计划与实际一致）,0.993,0.0,1.01,206
NP9903655,玉林市,执行到位（计划与实际一致）,0.911,0.112,1.21,178
NP9903656,天津市,计划不够好（他有规律，计划写错天）,0.978,0.636,1.05,121
NP9903659,长沙市,执行到位（计划与实际一致）,0.96,0.017,1.08,172
NP9903667,江门市,计划不够好（他有规律，计划写错天）,0.81,0.878,1.41,49
NP9903671,南昌市,执行到位（计划与实际一致）,0.991,0.164,1.02,171
NP9903676,荆门市,执行到位（计划与实际一致）,0.908,0.225,1.18,191
NP9903677,贵阳市,执行到位（计划与实际一致）,0.944,0.034,1.13,87
NP9903678,达州市,执行到位（计划与实际一致）,0.958,0.066,1.1,197
NP9903679,乐山市,执行到位（计划与实际一致）,0.932,0.13,1.14,69
NP9903685,西安市,执行到位（计划与实际一致）,0.95,0.132,1.11,152
NP9903688,中山市,执行到位（计划与实际一致）,0.993,0.011,1.02,184
NP9903693,唐山市,计划不够好（他有规律，计划写错天）,0.893,0.949,1.23,39
NP9903694,济南市,计划不够好（他有规律，计划写错天）,0.902,0.413,1.21,63
NP9903695,长沙市,执行到位（计划与实际一致）,0.982,0.01,1.04,204
NP9903703,福州市,执行到位（计划与实际一致）,0.985,0.005,1.03,221
NP9903706,长沙市,执行到位（计划与实际一致）,0.975,0.038,1.06,210
NP9903708,长沙市,执行到位（计划与实际一致）,0.923,0.17,1.16,112
NP9903712,太原市,执行到位（计划与实际一致）,0.988,0.058,1.02,171
NP9903713,深圳市,执行到位（计划与实际一致）,0.989,0.0,1.02,231
NP9903715,佛山市,执行到位（计划与实际一致）,0.976,0.048,1.05,227
NP9903716,中山市,执行到位（计划与实际一致）,0.891,0.0,1.22,23
NP9903719,贵阳市,执行到位（计划与实际一致）,0.932,0.033,1.15,61
NP9903722,东莞市,执行到位（计划与实际一致）,0.997,0.0,1.01,196
NP9903730,广州市,执行到位（计划与实际一致）,0.985,0.005,1.03,213
NP9903735,重庆市,计划不够好（他有规律，计划写错天）,0.965,0.605,1.07,43
NP9903739,宜昌市,执行到位（计划与实际一致）,0.896,0.242,1.22,165
NP9903741,广州市,执行到位（计划与实际一致）,1.0,0.0,1.0,177
NP9903744,南宁市,执行到位（计划与实际一致）,0.998,0.0,1.0,233
NP9903750,福州市,执行到位（计划与实际一致）,0.989,0.009,1.02,229
NP9903755,东莞市,执行到位（计划与实际一致）,0.959,0.101,1.08,158
NP9903756,咸阳市,计划不够好（他有规律，计划写错天）,0.967,0.767,1.07,60
NP9903760,武汉市,执行到位（计划与实际一致）,0.95,0.116,1.11,198
NP9903764,重庆市,执行到位（计划与实际一致）,0.993,0.014,1.01,209
NP9903770,柳州市,执行到位（计划与实际一致）,0.892,0.123,1.23,162
NP9903771,重庆市,执行到位（计划与实际一致）,0.927,0.017,1.15,117
NP9903772,柳州市,计划不够好（他有规律，计划写错天）,0.751,0.556,1.6,63
NP9903774,重庆市,计划不够好（他有规律，计划写错天）,0.864,0.909,1.27,11
NP9903775,绵阳市,执行到位（计划与实际一致）,0.917,0.238,1.2,122
NP9903776,莆田市,执行到位（计划与实际一致）,0.912,0.188,1.19,181
NP9903777,莆田市,执行到位（计划与实际一致）,0.893,0.158,1.24,215
NP9903780,昆明市,计划不够好（他有规律，计划写错天）,1.0,1.0,1.0,3
NP9903781,惠州市,执行到位（计划与实际一致）,0.999,0.0,1.0,228
NP9903783,深圳市,执行到位（计划与实际一致）,0.983,0.012,1.03,173
NP9903787,昆明市,执行到位（计划与实际一致）,1.0,0.0,1.0,42
np0008812,长沙市,执行到位（计划与实际一致）,1.0,0.0,1.0,3
np9903059,长沙市,执行到位（计划与实际一致）,1.0,0.0,1.0,1
