line,city,kind,plan_cells,act_cells,miss_cells,miss_cell_pct,blocks,blocks_worked,block_exec_median,svc_wd_hit,cover,sameday,plan_stores,never
000338545,天津市,区块全开·星期照做,40,40,0,0.0,11,11,1.0,0.961,0.91,0.889,211,19
000339039,汕头市,区块全开·星期照做,18,18,0,0.0,6,6,0.97,0.96,0.961,0.96,230,9
000340007,广州市,区块全开·星期照做,35,34,1,2.9,11,10,0.964,0.816,0.949,0.943,234,12
000340101,佛山市,区块全开·星期照做,28,25,3,10.7,6,6,0.935,0.9,0.888,0.885,179,20
000340501,郑州市,区块全开·店和星期都有欠,29,28,1,3.4,5,5,0.76,0.709,0.733,0.692,258,69
000340591,深圳市,区块全开·星期照做,16,16,0,0.0,9,9,1.0,0.93,1.0,1.0,153,0
000341803,惠州市,区块全开·星期照做,19,18,1,5.3,5,5,0.875,0.841,0.85,0.81,107,16
000341860,郑州市,区块全开·星期自己定,21,20,1,4.8,6,6,0.919,0.77,0.854,0.727,212,31
000343720,重庆市,区块全开·星期照做,7,7,0,0.0,5,5,1.0,1.0,1.0,1.0,44,0
000343775,扬州市,区块缺了没开,31,23,8,25.8,13,10,1.0,0.663,0.833,0.825,168,28
000412000,北京市,区块全开·店和星期都有欠,40,29,11,27.5,8,8,0.629,0.588,0.576,0.393,205,87
000423268,大连市,区块全开·星期照做,23,23,0,0.0,7,7,1.0,0.82,0.972,0.92,109,3
000425319,深圳市,区块全开·星期照做,17,17,0,0.0,5,5,0.977,0.924,0.954,0.96,152,7
000444100,北京市,区块缺了没开,58,41,17,29.3,21,17,0.645,0.447,0.581,0.377,210,88
000448996,合肥市,区块全开·星期照做,8,8,0,0.0,6,6,1.0,0.961,1.0,0.959,63,0
000474825,广州市,区块全开·星期照做,23,21,2,8.7,7,7,0.891,0.884,0.895,0.903,220,23
000478015,哈尔滨市,区块全开·店和星期都有欠,25,17,8,32.0,10,9,0.519,0.285,0.461,0.14,219,118
000479151,中山市,区块全开·星期照做,25,25,0,0.0,5,5,1.0,0.986,0.995,0.996,214,1
000495972,石家庄市,区块缺了没开,50,41,9,18.0,8,6,0.636,0.429,0.629,0.433,229,85
000504766,济南市,区块缺了没开,78,58,20,25.6,23,19,0.462,0.201,0.478,0.218,255,133
000532987,泉州市,区块全开·星期照做,15,15,0,0.0,5,5,1.0,0.9,0.978,0.979,178,4
000544784,北京市,区块缺了没开,20,16,4,20.0,10,8,0.597,0.499,0.561,0.301,221,97
000545650,太原市,区块缺了没开,26,19,7,26.9,8,6,0.468,0.07,0.483,0.038,242,125
000601353,东莞市,区块全开·星期照做,34,33,1,2.9,7,7,1.0,0.959,0.951,0.955,223,11
000601363,长春市,区块缺了没开,18,16,2,11.1,6,5,0.631,0.086,0.665,0.01,197,66
000604272,北京市,区块大面积没开工,46,21,25,54.3,20,11,0.35,0.117,0.389,0.232,149,91
000608772,沈阳市,区块大面积没开工,15,10,5,33.3,14,8,0.675,0.423,0.692,0.641,143,44
000611030,上海市,区块全开·星期自己定,18,17,1,5.6,9,9,1.0,0.539,0.851,0.851,67,10
000621190,青岛市,区块大面积没开工,49,26,23,46.9,24,13,0.209,0.148,0.445,0.147,218,121
000643531,天津市,区块缺了没开,29,18,11,37.9,8,7,0.42,0.323,0.391,0.03,238,145
000644322,海口市,区块缺了没开,23,22,1,4.3,9,8,0.938,0.817,0.876,0.857,217,27
000644405,漳州市,区块缺了没开,40,31,9,22.5,21,17,1.0,0.612,0.819,0.636,204,37
000645986,朔州市,计划与实际几乎不相交,41,20,21,51.2,24,13,0.108,0.138,0.262,0.148,229,169
000648339,保定市,区块全开·店和星期都有欠,22,14,8,36.4,5,5,0.422,0.269,0.414,0.245,244,143
000649981,东莞市,区块缺了没开,24,23,1,4.2,6,5,0.986,0.75,0.885,0.882,148,17
000650808,上海市,区块全开·星期照做,15,15,0,0.0,5,5,1.0,0.905,0.923,0.923,52,4
000651389,石家庄市,区块全开·店和星期都有欠,16,15,1,6.2,5,5,0.705,0.625,0.668,0.559,196,65
000652136,长沙市,区块全开·星期照做,26,24,2,7.7,6,6,0.919,0.874,0.923,0.925,196,15
000653294,大连市,区块全开·星期照做,7,7,0,0.0,5,5,1.0,0.98,1.0,1.0,24,0
000656726,金华市,区块大面积没开工,70,34,36,51.4,30,15,0.084,0.096,0.322,0.138,239,162
000657892,苏州市,区块全开·星期自己定,27,27,0,0.0,7,7,0.853,0.76,0.812,0.779,176,33
000658193,上海市,区块全开·星期照做,19,19,0,0.0,10,10,1.0,0.975,0.99,0.991,104,1
000658550,绵阳市,区块全开·星期自己定,8,8,0,0.0,4,4,1.0,0.0,1.0,1.0,16,0
000661437,大连市,区块全开·星期自己定,30,28,2,6.7,13,13,1.0,0.693,0.965,0.949,171,6
000663253,南京市,区块全开·星期照做,10,9,1,10.0,5,5,0.882,0.91,0.859,0.862,85,12
000664988,青岛市,计划与实际几乎不相交,35,8,27,77.1,20,7,0.0,0.02,0.083,0.019,229,210
000665947,宝鸡市,计划与实际几乎不相交,11,2,9,81.8,15,5,0.0,0.067,0.216,0.054,37,29
000666131,深圳市,区块全开·星期照做,17,16,1,5.9,5,5,0.977,0.963,0.971,0.973,240,7
000667049,长春市,区块缺了没开,35,18,17,48.6,13,8,0.333,0.158,0.52,0.142,221,106
000667325,乌鲁木齐市,区块缺了没开,59,33,26,44.1,12,9,0.323,0.224,0.343,0.105,239,157
000669395,重庆市,区块全开·星期自己定,13,11,2,15.4,6,6,1.0,0.108,0.881,0.886,42,5
000669401,兰州市,区块全开·星期照做,7,5,2,28.6,3,3,1.0,0.837,0.909,0.909,33,3
000672773,沈阳市,区块全开·店和星期都有欠,33,27,6,18.2,13,13,0.688,0.538,0.667,0.597,186,62
000675049,大连市,区块缺了没开,29,21,8,27.6,16,11,0.79,0.572,0.66,0.645,188,64
000676068,沈阳市,计划与实际几乎不相交,16,2,14,87.5,10,2,0.0,0.009,0.054,0.0,93,88
000676593,唐山市,区块全开·星期自己定,8,8,0,0.0,5,5,1.0,0.2,1.0,0.545,11,0
000676638,淄博市,区块缺了没开,44,29,15,34.1,21,15,0.708,0.308,0.657,0.488,172,59
000677137,长春市,区块全开·店和星期都有欠,20,17,3,15.0,5,5,0.412,0.439,0.52,0.394,179,86
000677953,潍坊市,区块全开·店和星期都有欠,46,39,7,15.2,10,10,0.841,0.591,0.62,0.384,234,89
000683993,包头市,区块全开·店和星期都有欠,18,16,2,11.1,6,6,0.548,0.198,0.552,0.186,232,104
000685128,佛山市,区块全开·星期自己定,28,24,4,14.3,12,12,0.963,0.632,0.887,0.898,151,17
000685195,金华市,区块全开·店和星期都有欠,39,34,5,12.8,18,17,0.754,0.522,0.757,0.47,247,60
000685565,厦门市,区块全开·星期照做,24,24,0,0.0,10,10,1.0,0.964,0.943,0.942,227,13
000685659,深圳市,区块全开·星期自己定,9,9,0,0.0,5,5,0.894,0.762,0.842,0.85,190,30
000685664,佛山市,区块缺了没开,25,24,1,4.0,9,8,0.886,0.738,0.844,0.846,224,35
000685767,广州市,区块全开·星期照做,32,29,3,9.4,8,8,0.944,0.89,0.882,0.829,211,25
000695113,中山市,区块缺了没开,21,20,1,4.8,6,5,0.913,0.758,0.933,0.877,223,15
000695117,成都市,区块缺了没开,5,4,1,20.0,5,4,1.0,0.7,0.714,0.556,7,2
000698771,深圳市,区块全开·星期照做,27,24,3,11.1,6,6,0.863,0.829,0.867,0.878,241,32
000699200,湛江市,区块全开·星期照做,15,15,0,0.0,5,5,0.949,0.949,0.949,0.952,236,12
000699805,汕头市,区块全开·星期照做,46,46,0,0.0,13,13,1.0,0.945,0.995,0.987,208,1
000699979,广州市,区块全开·星期照做,8,8,0,0.0,5,5,1.0,1.0,1.0,1.0,235,0
000700020,广州市,区块全开·星期照做,13,13,0,0.0,5,5,1.0,0.997,0.996,0.996,228,1
000701809,北京市,区块缺了没开,59,45,14,23.7,26,20,0.573,0.331,0.525,0.31,244,116
000702280,贵阳市,区块全开·星期照做,10,10,0,0.0,4,4,1.0,0.935,1.0,1.0,50,0
000702358,上海市,区块全开·星期照做,17,17,0,0.0,6,6,0.962,0.93,0.902,0.907,225,22
000703627,常州市,区块全开·星期照做,13,12,1,7.7,6,6,0.953,0.903,0.907,0.889,107,10
000705502,,区块全开·星期自己定,18,18,0,0.0,12,12,1.0,0.642,1.0,1.0,59,0
000706671,徐州市,区块全开·店和星期都有欠,21,18,3,14.3,7,7,0.811,0.755,0.76,0.651,208,50
000707336,阜阳市,区块全开·星期自己定,42,41,1,2.4,14,13,0.95,0.338,0.832,0.396,101,17
000707342,芜湖市,区块缺了没开,39,24,15,38.5,29,23,0.333,0.379,0.331,0.273,172,115
000709902,无锡市,区块全开·店和星期都有欠,15,15,0,0.0,5,5,0.8,0.779,0.801,0.753,226,45
000710328,嘉兴市,区块全开·星期自己定,6,6,0,0.0,3,3,1.0,0.03,1.0,1.0,13,0
000711323,上海市,区块全开·星期照做,15,15,0,0.0,5,5,1.0,0.971,1.0,1.0,136,0
000711850,深圳市,区块全开·区块内欠访,35,32,3,8.6,6,6,0.834,0.839,0.826,0.839,276,48
000712217,昆明市,区块全开·星期自己定,25,25,0,0.0,7,7,1.0,0.71,0.98,0.962,153,3
000712433,郑州市,区块缺了没开,20,11,9,45.0,7,6,0.474,0.323,0.473,0.384,110,58
000712516,烟台市,区块全开·店和星期都有欠,30,14,16,53.3,5,5,0.245,0.047,0.317,0.022,161,110
000712606,包头市,区块缺了没开,17,16,1,5.9,8,7,0.835,0.724,0.804,0.742,199,39
000712608,沈阳市,区块缺了没开,46,24,22,47.8,12,9,0.542,0.41,0.468,0.407,218,116
000712667,广州市,区块全开·星期照做,9,9,0,0.0,6,6,1.0,1.0,1.0,1.0,209,0
000714057,北京市,区块全开·星期自己定,55,48,7,12.7,25,23,1.0,0.744,0.749,0.637,167,42
000714395,西安市,区块全开·星期照做,45,42,3,6.7,18,18,1.0,0.855,0.955,0.956,200,9
000714922,西宁市,区块全开·星期照做,14,14,0,0.0,9,9,0.923,0.826,0.896,0.899,96,10
000716325,广州市,区块缺了没开,22,20,2,9.1,8,7,0.633,0.603,0.595,0.553,195,79
000716327,肇庆市,区块全开·星期照做,17,16,1,5.9,5,5,0.93,0.936,0.931,0.938,189,13
000718160,银川市,区块全开·星期自己定,4,4,0,0.0,2,2,1.0,0.25,1.0,0.545,11,0
000721070,西安市,区块全开·星期照做,9,9,0,0.0,5,5,0.939,0.825,0.921,0.894,242,19
000724728,济南市,区块全开·店和星期都有欠,46,34,12,26.1,11,10,0.667,0.385,0.602,0.426,191,76
000725968,三亚市,区块全开·店和星期都有欠,34,32,2,5.9,10,10,0.829,0.761,0.848,0.858,257,39
000732776,温州市,区块缺了没开,17,10,7,41.2,6,5,0.524,0.284,0.507,0.281,203,100
000733133,潍坊市,区块全开·店和星期都有欠,34,31,3,8.8,9,9,0.694,0.393,0.558,0.302,242,107
000733235,哈尔滨市,区块全开·店和星期都有欠,11,11,0,0.0,6,6,0.79,0.714,0.81,0.754,248,47
000734397,重庆市,区块全开·星期自己定,4,4,0,0.0,3,3,1.0,0.667,1.0,1.0,17,0
000734621,无锡市,区块全开·星期照做,30,30,0,0.0,7,7,1.0,0.802,0.972,0.974,177,5
000741130,深圳市,区块全开·星期照做,13,11,2,15.4,5,5,0.88,0.848,0.86,0.87,265,37
000741226,烟台市,区块缺了没开,29,20,9,31.0,9,8,0.419,0.207,0.415,0.12,234,137
000765513,武汉市,区块全开·星期自己定,23,19,4,17.4,6,6,0.885,0.788,0.885,0.887,122,14
000767735,北京市,区块缺了没开,17,14,3,17.6,6,5,0.405,0.276,0.437,0.261,213,120
000770730,厦门市,区块全开·星期照做,35,34,1,2.9,11,11,1.0,0.91,0.938,0.938,209,13
000771486,广州市,区块全开·星期照做,7,6,1,14.3,5,5,0.886,0.886,0.88,0.888,241,29
000771641,珠海市,区块全开·星期照做,29,29,0,0.0,5,5,0.976,0.91,0.954,0.957,238,11
000771816,福州市,区块全开·星期照做,30,30,0,0.0,11,11,1.0,0.941,0.985,0.986,135,2
000772089,广州市,区块全开·星期照做,14,14,0,0.0,5,5,0.978,0.938,0.944,0.945,234,13
000772527,厦门市,区块全开·星期照做,34,30,4,11.8,12,12,0.948,0.865,0.88,0.864,234,28
000772623,武汉市,区块缺了没开,28,25,3,10.7,9,8,0.737,0.426,0.792,0.551,144,30
000772790,昆明市,区块全开·星期自己定,15,15,0,0.0,6,6,1.0,0.737,0.986,0.986,141,2
000772796,兰州市,区块全开·星期自己定,8,7,1,12.5,6,6,1.0,0.639,0.905,0.914,63,6
000773393,郑州市,区块全开·店和星期都有欠,33,29,4,12.1,10,9,0.753,0.725,0.694,0.638,219,67
000774113,太原市,区块全开·店和星期都有欠,24,20,4,16.7,5,5,0.8,0.777,0.799,0.759,254,51
000782263,昆明市,区块全开·星期照做,14,14,0,0.0,7,7,1.0,0.905,0.951,0.952,143,7
000782275,昆明市,区块全开·星期照做,8,8,0,0.0,5,5,1.0,0.923,0.96,0.96,50,2
000782642,惠州市,区块全开·星期照做,37,34,3,8.1,11,11,0.889,0.864,0.854,0.864,246,36
000787397,哈尔滨市,区块缺了没开,23,11,12,52.2,14,10,0.418,0.195,0.435,0.33,216,122
000795399,天津市,计划与实际几乎不相交,43,25,18,41.9,12,8,0.187,0.038,0.244,0.018,254,192
000796635,呼和浩特市,区块全开·店和星期都有欠,21,20,1,4.8,6,6,0.593,0.397,0.63,0.482,219,81
000798424,上海市,区块全开·星期照做,9,9,0,0.0,5,5,0.911,0.898,0.9,0.904,221,22
000799013,唐山市,区块缺了没开,8,6,2,25.0,6,4,0.7,0.083,0.75,0.125,16,4
000811058,深圳市,区块全开·区块内欠访,27,25,2,7.4,6,6,0.847,0.816,0.83,0.824,212,36
000811371,贵阳市,区块全开·星期照做,14,13,1,7.1,6,6,1.0,0.929,0.959,0.96,121,5
000825758,合肥市,区块全开·店和星期都有欠,34,25,9,26.5,7,7,0.545,0.242,0.537,0.265,149,69
000825796,南通市,区块缺了没开,56,42,14,25.0,11,8,0.766,0.54,0.748,0.744,250,63
000826064,太原市,区块缺了没开,12,10,2,16.7,7,6,0.704,0.312,0.691,0.309,139,43
000826911,杭州市,区块全开·星期自己定,11,10,1,9.1,4,4,0.875,0.762,0.88,0.86,50,6
000829112,重庆市,区块全开·星期自己定,5,5,0,0.0,3,3,1.0,0.428,0.837,0.846,49,8
000837348,重庆市,区块全开·星期自己定,18,17,1,5.6,10,10,1.0,0.578,0.977,0.98,133,3
000838047,北京市,区块全开·店和星期都有欠,11,11,0,0.0,5,5,0.535,0.318,0.48,0.236,225,117
000838882,重庆市,区块全开·星期自己定,13,13,0,0.0,8,8,1.0,0.281,0.957,0.957,46,2
000840245,上海市,区块缺了没开,30,27,3,10.0,6,5,0.642,0.544,0.679,0.638,265,85
000843187,苏州市,计划与实际几乎不相交,13,0,13,100.0,6,0,0.0,0.0,0.0,0.0,133,133
000844662,成都市,区块全开·店和星期都有欠,4,3,1,25.0,3,3,0.727,0.552,0.731,0.731,26,7
000845240,咸阳市,区块缺了没开,38,25,13,34.2,19,14,0.583,0.019,0.614,0.006,158,61
000845597,茂名市,区块全开·星期照做,16,14,2,12.5,8,8,0.988,0.962,0.976,0.977,211,5
000846281,合肥市,区块全开·店和星期都有欠,20,18,2,10.0,7,7,0.767,0.631,0.639,0.522,108,39
000847598,北京市,区块缺了没开,16,15,1,6.2,6,5,0.498,0.343,0.508,0.351,197,97
000847739,石家庄市,区块全开·店和星期都有欠,23,22,1,4.3,6,6,0.802,0.678,0.746,0.588,244,62
000851279,北京市,区块缺了没开,17,15,2,11.8,7,6,0.395,0.16,0.392,0.2,209,127
000851281,成都市,区块全开·星期照做,10,10,0,0.0,5,5,1.0,0.954,1.0,1.0,160,0
000851283,成都市,区块全开·星期照做,10,10,0,0.0,3,3,1.0,0.875,1.0,1.0,19,0
000851322,成都市,区块全开·星期照做,10,10,0,0.0,4,4,1.0,0.968,1.0,1.0,65,0
000851717,眉山市,区块全开·星期自己定,36,36,0,0.0,24,24,1.0,0.652,0.922,0.886,141,11
000851729,西安市,区块全开·星期照做,35,34,1,2.9,10,10,0.99,0.864,0.913,0.915,208,18
000851730,青岛市,区块缺了没开,69,47,22,31.9,37,26,0.4,0.292,0.472,0.385,252,133
000851773,深圳市,区块全开·星期照做,10,10,0,0.0,5,5,0.977,0.94,0.97,0.973,235,7
000852009,成都市,区块全开·星期照做,7,7,0,0.0,5,5,0.92,0.902,0.916,0.918,95,8
000852603,成都市,区块全开·星期照做,9,9,0,0.0,5,5,0.923,0.874,0.914,0.919,139,12
000855033,上海市,区块缺了没开,8,7,1,12.5,6,5,0.629,0.542,0.662,0.664,210,71
000855364,杭州市,区块全开·店和星期都有欠,15,12,3,20.0,5,5,0.537,0.503,0.568,0.471,220,95
000855388,杭州市,区块全开·星期照做,24,22,2,8.3,5,5,0.913,0.903,0.912,0.92,251,22
000855395,上海市,区块全开·星期自己定,13,12,1,7.7,6,6,0.957,0.457,0.929,0.931,56,4
000855576,上海市,区块缺了没开,22,20,2,9.1,6,5,0.881,0.665,0.882,0.807,110,13
000855577,石家庄市,区块全开·店和星期都有欠,19,16,3,15.8,5,5,0.617,0.297,0.591,0.29,247,101
000855578,泰州市,区块全开·店和星期都有欠,36,28,8,22.2,10,9,0.425,0.434,0.447,0.41,244,135
000855582,青岛市,区块大面积没开工,58,28,30,51.7,33,18,0.125,0.207,0.336,0.225,238,158
000856001,温州市,区块缺了没开,46,31,15,32.6,10,8,0.478,0.169,0.528,0.152,197,93
000856514,重庆市,区块全开·星期自己定,7,7,0,0.0,4,4,1.0,0.516,1.0,1.0,68,0
000857154,,区块全开·星期照做,10,10,0,0.0,5,5,1.0,0.875,1.0,1.0,47,0
000859299,成都市,区块全开·星期照做,7,7,0,0.0,5,5,1.0,0.922,1.0,1.0,76,0
000859505,宁波市,区块缺了没开,24,14,10,41.7,7,6,0.429,0.193,0.435,0.129,193,109
000859827,天津市,区块全开·星期自己定,18,17,1,5.6,8,8,0.855,0.132,0.865,0.155,126,17
000859839,无锡市,区块全开·星期照做,9,9,0,0.0,2,2,0.861,0.848,0.844,0.804,45,7
000859841,厦门市,区块全开·星期照做,16,15,1,6.2,5,5,0.925,0.918,0.919,0.926,197,16
000860516,滨州市,区块缺了没开,43,31,12,27.9,29,21,0.5,0.152,0.524,0.114,185,88
000860562,宁波市,区块全开·店和星期都有欠,16,11,5,31.2,8,8,0.541,0.115,0.519,0.115,52,25
000860828,长沙市,区块全开·星期照做,15,15,0,0.0,5,5,0.955,0.907,0.956,0.958,158,7
000862367,上海市,区块全开·店和星期都有欠,39,23,16,41.0,6,6,0.418,0.257,0.397,0.323,234,141
000862716,青岛市,区块全开·店和星期都有欠,19,18,1,5.3,5,5,0.596,0.427,0.558,0.367,233,103
000863973,秦皇岛市,区块全开·星期自己定,20,20,0,0.0,7,7,1.0,0.779,0.985,0.985,67,1
000864355,苏州市,区块全开·区块内欠访,46,38,8,17.4,8,8,0.816,0.818,0.789,0.756,265,56
000865348,太原市,区块缺了没开,27,19,8,29.6,8,6,0.524,0.23,0.528,0.316,252,119
000865709,广州市,区块全开·星期照做,19,18,1,5.3,5,5,0.976,0.939,0.941,0.947,237,14
000865960,广州市,区块全开·星期照做,37,35,2,5.4,12,12,0.962,0.921,0.891,0.891,175,19
000866035,贵阳市,区块全开·星期照做,1,1,0,0.0,1,1,1.0,1.0,1.0,1.0,11,0
000866096,370800,区块缺了没开,21,17,4,19.0,12,10,1.0,0.833,0.6,0.6,60,24
000866110,上海市,区块全开·店和星期都有欠,18,13,5,27.8,5,5,0.383,0.292,0.36,0.297,253,162
000866115,西安市,区块缺了没开,12,11,1,8.3,6,5,0.849,0.698,0.889,0.853,234,26
000866118,常州市,区块大面积没开工,60,33,27,45.0,27,16,0.222,0.062,0.364,0.112,225,143
000866857,沈阳市,计划与实际几乎不相交,27,12,15,55.6,14,7,0.045,0.037,0.253,0.095,158,118
000866984,东莞市,区块缺了没开,27,24,3,11.1,10,8,0.827,0.674,0.807,0.803,192,37
000867936,江门市,区块全开·星期照做,24,23,1,4.2,5,5,0.889,0.869,0.877,0.871,219,27
000874142,惠州市,区块全开·店和星期都有欠,17,16,1,5.9,8,8,0.738,0.529,0.73,0.738,63,17
000874284,深圳市,区块全开·星期照做,12,12,0,0.0,5,5,0.889,0.826,0.883,0.883,265,31
000874293,厦门市,区块缺了没开,9,9,0,0.0,6,5,0.974,0.739,0.924,0.936,105,8
000874295,西安市,区块全开·店和星期都有欠,36,30,6,16.7,8,8,0.659,0.679,0.714,0.699,262,75
000874299,北京市,区块全开·店和星期都有欠,13,12,1,7.7,5,5,0.462,0.445,0.502,0.389,241,120
000874372,合肥市,区块全开·星期自己定,5,5,0,0.0,3,3,0.909,0.298,0.643,0.512,42,15
000874584,佛山市,区块全开·店和星期都有欠,15,15,0,0.0,5,5,0.826,0.769,0.832,0.85,179,30
000874807,沈阳市,区块缺了没开,23,19,4,17.4,9,7,0.661,0.489,0.682,0.687,195,62
000874881,成都市,区块全开·星期照做,5,5,0,0.0,3,3,0.909,0.806,0.889,0.889,27,3
000874956,南京市,区块全开·店和星期都有欠,21,15,6,28.6,9,9,0.438,0.111,0.346,0.156,185,121
000874960,大连市,区块全开·店和星期都有欠,15,13,2,13.3,6,6,0.76,0.306,0.727,0.449,77,21
000875125,西安市,区块全开·星期照做,13,13,0,0.0,5,5,0.974,0.885,0.93,0.923,215,15
000875131,广州市,区块全开·店和星期都有欠,8,6,2,25.0,4,4,0.786,0.664,0.811,0.811,53,10
000875858,邯郸市,区块全开·店和星期都有欠,15,13,2,13.3,6,6,0.509,0.502,0.49,0.45,100,51
DS0001426,滨州市,计划与实际几乎不相交,30,11,19,63.3,15,6,0.0,0.139,0.275,0.011,91,66
DS0001773,阜阳市,区块缺了没开,16,15,1,6.2,7,6,0.75,0.556,0.765,0.583,204,48
DS0001866,宜昌市,区块全开·星期自己定,24,20,4,16.7,11,11,1.0,0.721,0.777,0.714,206,46
NP0008185,乐山市,区块全开·星期自己定,9,9,0,0.0,5,5,1.0,0.167,1.0,1.0,16,0
NP0008447,佛山市,区块全开·星期自己定,42,41,1,2.4,9,9,1.0,0.491,0.964,0.967,194,7
NP0008452,贵阳市,区块全开·星期照做,14,13,1,7.1,5,5,1.0,0.892,0.9,0.907,80,8
NP0008680,天津市,区块缺了没开,20,19,1,5.0,7,6,0.391,0.022,0.403,0.016,231,138
NP0008682,宁波市,区块大面积没开工,30,15,15,50.0,11,6,0.083,0.175,0.366,0.227,134,85
NP0008722,南京市,区块全开·店和星期都有欠,39,19,20,51.3,7,7,0.325,0.18,0.369,0.194,233,147
NP0008812,长沙市,区块全开·星期照做,31,31,0,0.0,7,7,1.0,0.965,1.0,1.0,194,0
NP0008855,阳江市,区块全开·星期照做,27,27,0,0.0,15,15,1.0,0.873,1.0,1.0,130,0
NP0008869,成都市,区块缺了没开,12,11,1,8.3,7,6,1.0,0.702,0.935,0.936,46,3
NP0008904,西安市,区块全开·星期照做,39,38,1,2.6,8,8,0.956,0.905,0.891,0.876,193,21
NP0008997,佛山市,区块全开·星期照做,25,24,1,4.0,6,6,1.0,0.926,0.975,0.976,198,5
NP0009078,大连市,区块缺了没开,6,5,1,16.7,3,2,0.8,0.067,0.818,0.727,11,2
NP0009098,达州市,区块全开·星期照做,8,8,0,0.0,5,5,1.0,0.912,0.981,0.974,103,2
NP0009123,宁波市,区块缺了没开,31,26,5,16.1,13,10,0.926,0.561,0.905,0.554,148,14
NP0009132,青岛市,区块缺了没开,34,22,12,35.3,8,7,0.605,0.205,0.556,0.259,223,99
NP0009135,东莞市,区块缺了没开,25,22,3,12.0,7,6,0.848,0.7,0.808,0.821,213,41
NP0009147,南京市,区块缺了没开,46,37,9,19.6,16,14,0.796,0.686,0.765,0.765,217,51
NP0009223,金华市,区块全开·星期照做,24,24,0,0.0,13,13,1.0,0.892,0.954,0.825,194,9
NP0009295,苏州市,区块缺了没开,66,59,7,10.6,38,34,0.97,0.782,0.822,0.791,208,37
NP0009377,唐山市,区块缺了没开,25,17,8,32.0,12,8,0.375,0.075,0.418,0.225,67,39
NP0009432,广州市,区块全开·星期自己定,32,30,2,6.2,8,8,0.889,0.799,0.897,0.905,252,26
NP0009462,上海市,区块全开·星期照做,8,7,1,12.5,3,3,0.857,0.886,0.896,0.896,67,7
NP0009527,合肥市,区块缺了没开,22,22,0,0.0,8,7,1.0,0.862,0.975,0.979,163,4
NP0009568,石家庄市,区块缺了没开,36,28,8,22.2,8,7,0.482,0.136,0.51,0.102,253,124
NP0009581,成都市,区块全开·星期照做,5,5,0,0.0,5,5,1.0,0.98,1.0,1.0,36,0
NP0009660,福州市,区块全开·星期照做,13,13,0,0.0,5,5,1.0,0.986,0.983,0.984,231,4
NP0009668,杭州市,区块全开·店和星期都有欠,14,13,1,7.1,5,5,0.724,0.653,0.677,0.615,232,75
NP0009672,上海市,区块缺了没开,31,24,7,22.6,13,11,0.818,0.558,0.717,0.643,127,36
NP0009743,台州市,区块全开·店和星期都有欠,24,21,3,12.5,11,10,0.793,0.516,0.706,0.52,204,60
NP0009778,深圳市,区块全开·星期照做,24,23,1,4.2,7,7,0.935,0.895,0.929,0.934,224,16
NP0009832,三亚市,区块全开·星期照做,10,10,0,0.0,5,5,1.0,0.963,0.956,0.947,226,10
NP0009925,广州市,区块全开·星期照做,17,17,0,0.0,5,5,0.971,0.943,0.964,0.967,193,7
NP0009959,大同市,区块全开·店和星期都有欠,14,12,2,14.3,5,5,0.472,0.411,0.469,0.4,175,93
NP0010006,邯郸市,区块缺了没开,22,16,6,27.3,8,7,0.716,0.4,0.574,0.149,47,20
NP0010020,北京市,区块全开·店和星期都有欠,23,19,4,17.4,5,5,0.75,0.709,0.727,0.706,271,74
NP0010026,深圳市,区块全开·星期自己定,47,43,4,8.5,10,9,0.877,0.751,0.868,0.877,265,35
NP0010054,成都市,区块全开·星期自己定,19,17,2,10.5,5,5,0.875,0.745,0.817,0.823,109,20
NP0010076,呼和浩特市,区块大面积没开工,25,18,7,28.0,12,7,0.322,0.129,0.462,0.325,132,71
NP0010123,东莞市,区块全开·星期照做,29,28,1,3.4,5,5,0.911,0.871,0.871,0.882,241,31
NP0010161,厦门市,区块全开·星期照做,33,31,2,6.1,18,18,1.0,0.871,0.924,0.933,158,12
NP0010177,武汉市,区块全开·星期照做,10,10,0,0.0,5,5,1.0,0.864,0.889,0.887,189,21
NP0010210,泰州市,区块缺了没开,46,31,15,32.6,24,17,0.364,0.185,0.48,0.274,223,116
NP0010233,柳州市,区块全开·星期自己定,15,14,1,6.7,10,10,0.963,0.734,0.727,0.534,172,47
NP0010236,沧州市,区块全开·店和星期都有欠,30,23,7,23.3,11,10,0.5,0.275,0.463,0.23,108,58
NP0010249,上海市,区块全开·区块内欠访,28,26,2,7.1,12,12,0.833,0.811,0.845,0.842,142,22
NP0010283,莆田市,区块全开·星期照做,21,21,0,0.0,12,12,1.0,0.893,0.99,0.986,199,2
NP0010285,成都市,区块缺了没开,12,10,2,16.7,6,5,0.865,0.68,0.851,0.856,101,15
NP0010307,威海市,区块缺了没开,32,19,13,40.6,16,11,0.333,0.114,0.442,0.221,104,58
NP0010323,曲靖市,区块全开·星期照做,12,12,0,0.0,10,10,1.0,0.973,1.0,1.0,145,0
NP0010380,泰州市,计划与实际几乎不相交,14,9,5,35.7,7,5,0.212,0.195,0.283,0.266,244,175
NP0010444,深圳市,区块全开·区块内欠访,12,12,0,0.0,5,5,0.848,0.817,0.833,0.846,252,42
NP0010481,无锡市,区块全开·星期照做,41,39,2,4.9,12,12,0.987,0.878,0.898,0.856,196,20
NP0010485,德州市,计划与实际几乎不相交,14,3,11,78.6,3,2,0.083,0.111,0.139,0.111,36,31
NP0010486,德州市,区块大面积没开工,14,5,9,64.3,5,2,0.0,0.067,0.333,0.0,36,24
NP0010498,广州市,区块全开·星期照做,26,26,0,0.0,8,8,1.0,0.994,0.995,0.996,221,1
NP0010660,武汉市,区块全开·星期照做,32,31,1,3.1,9,9,1.0,0.913,0.893,0.901,197,21
NP0010665,武汉市,区块全开·星期照做,18,17,1,5.6,5,5,0.935,0.893,0.931,0.937,203,14
NP0010670,佛山市,区块全开·星期照做,13,13,0,0.0,5,5,0.872,0.843,0.899,0.904,227,23
NP0010674,常州市,区块全开·店和星期都有欠,28,22,6,21.4,6,6,0.688,0.565,0.715,0.584,172,49
NP0010683,昆明市,区块缺了没开,19,15,4,21.1,6,5,0.803,0.299,0.832,0.832,107,18
NP0010688,成都市,区块全开·星期照做,10,10,0,0.0,9,9,1.0,0.978,1.0,1.0,23,0
NP0010748,商丘市,区块全开·星期自己定,21,19,2,9.5,12,12,1.0,0.712,0.898,0.901,128,13
NP0010807,清远市,区块全开·星期照做,33,33,0,0.0,10,10,1.0,0.997,1.0,1.0,191,0
NP0010842,兰州市,区块全开·星期照做,6,6,0,0.0,5,5,1.0,0.933,1.0,1.0,17,0
NP0010891,无锡市,区块全开·店和星期都有欠,28,27,1,3.6,5,5,0.778,0.65,0.689,0.656,167,52
NP0010900,青岛市,区块全开·店和星期都有欠,19,17,2,10.5,6,6,0.594,0.528,0.564,0.541,266,116
NP0010920,曲靖市,区块全开·星期自己定,9,9,0,0.0,9,9,1.0,0.754,1.0,1.0,69,0
NP0010987,滨州市,计划与实际几乎不相交,18,9,9,50.0,6,6,0.283,0.136,0.277,0.108,83,60
NP0010989,秦皇岛市,区块大面积没开工,19,10,9,47.4,14,6,0.0,0.094,0.344,0.172,93,61
NP0010995,合肥市,区块全开·店和星期都有欠,9,8,1,11.1,4,4,0.572,0.264,0.467,0.283,45,24
NP0011002,西安市,区块全开·店和星期都有欠,16,15,1,6.2,5,5,0.5,0.23,0.457,0.168,105,57
NP0011031,眉山市,区块全开·星期照做,23,23,0,0.0,12,12,1.0,0.937,1.0,0.993,126,0
NP0011048,台州市,区块缺了没开,34,23,11,32.4,18,14,0.565,0.473,0.706,0.645,245,72
NP0011053,台州市,区块全开·店和星期都有欠,41,34,7,17.1,15,14,0.667,0.549,0.574,0.349,169,72
NP0011086,北京市,计划与实际几乎不相交,34,24,10,29.4,5,5,0.288,0.22,0.291,0.228,268,190
NP0011095,武汉市,区块全开·店和星期都有欠,19,19,0,0.0,8,8,0.794,0.647,0.757,0.735,136,33
NP0011110,西安市,区块全开·星期自己定,37,34,3,8.1,10,9,0.988,0.777,0.939,0.939,196,12
NP0011136,玉林市,区块缺了没开,30,28,2,6.7,12,10,1.0,0.727,0.92,0.889,212,17
NP0011145,泰安市,计划与实际几乎不相交,37,17,20,54.1,15,10,0.083,0.021,0.179,0.03,235,193
NP0011152,杭州市,区块缺了没开,42,24,18,42.9,8,7,0.476,0.343,0.479,0.391,194,101
NP0011171,深圳市,区块全开·店和星期都有欠,20,20,0,0.0,6,6,0.675,0.664,0.663,0.697,181,61
NP0011193,芜湖市,区块缺了没开,18,14,4,22.2,9,6,0.694,0.525,0.57,0.551,235,101
NP0011290,德州市,区块大面积没开工,18,6,12,66.7,7,4,0.083,0.024,0.556,0.0,36,16
NP0011299,合肥市,计划与实际几乎不相交,7,0,7,100.0,4,0,0.0,0.0,0.0,0.0,65,65
NP0011348,南宁市,区块全开·星期照做,34,32,2,5.9,9,9,0.957,0.901,0.874,0.883,231,29
NP0011350,北京市,区块全开·店和星期都有欠,25,15,10,40.0,5,5,0.291,0.246,0.34,0.234,265,175
NP0011376,成都市,区块全开·星期自己定,8,8,0,0.0,5,5,1.0,0.793,0.923,0.923,13,1
NP0011405,北京市,计划与实际几乎不相交,29,12,17,58.6,5,4,0.169,0.049,0.151,0.007,284,241
NP0011431,北京市,计划与实际几乎不相交,25,14,11,44.0,6,5,0.158,0.08,0.168,0.073,214,178
NP0011436,东莞市,区块全开·区块内欠访,32,30,2,6.2,6,6,0.828,0.83,0.806,0.812,252,49
NP0011437,西宁市,区块全开·星期照做,11,11,0,0.0,6,6,1.0,0.99,0.987,0.988,156,2
NP0011469,宝鸡市,区块全开·星期自己定,15,15,0,0.0,10,9,0.867,0.594,0.826,0.491,161,28
NP0011478,苏州市,区块缺了没开,29,14,15,51.7,8,6,0.333,0.222,0.305,0.26,154,107
NP0011525,肇庆市,区块全开·星期自己定,48,42,6,12.5,18,17,0.873,0.752,0.826,0.84,172,30
NP0011547,厦门市,区块全开·店和星期都有欠,14,13,1,7.1,7,7,0.833,0.571,0.879,0.754,107,13
NP0011578,曲靖市,区块全开·星期自己定,8,8,0,0.0,4,4,1.0,0.25,1.0,1.0,21,0
NP0011681,北京市,计划与实际几乎不相交,13,4,9,69.2,5,4,0.2,0.046,0.181,0.038,155,127
NP0011736,北京市,计划与实际几乎不相交,25,10,15,60.0,8,6,0.119,0.112,0.25,0.13,104,78
NP0011803,北京市,计划与实际几乎不相交,12,5,7,58.3,6,5,0.104,0.06,0.152,0.023,132,112
NP0011810,宁波市,计划与实际几乎不相交,19,7,12,63.2,7,5,0.083,0.089,0.151,0.118,119,101
NP0011816,重庆市,区块全开·星期自己定,6,6,0,0.0,5,5,0.857,0.755,0.824,0.855,108,19
NP0011874,佛山市,区块全开·店和星期都有欠,11,10,1,9.1,6,6,0.541,0.607,0.623,0.623,61,23
NP0011994,佛山市,区块全开·店和星期都有欠,6,6,0,0.0,2,2,0.75,0.75,0.75,0.75,24,6
NP0011998,杭州市,区块缺了没开,13,12,1,7.7,6,5,1.0,0.82,0.986,0.986,72,1
NP0012033,南京市,计划与实际几乎不相交,5,2,3,60.0,2,1,0.188,0.188,0.25,0.25,12,9
NP8800017,泉州市,区块全开·星期照做,13,13,0,0.0,5,5,0.983,0.92,0.935,0.93,214,14
NP8800018,泉州市,区块全开·星期照做,24,22,2,8.3,8,8,1.0,0.922,0.913,0.9,230,20
NP8800045,昆明市,区块全开·星期照做,9,9,0,0.0,5,5,1.0,0.812,0.95,0.95,119,6
NP8800052,佛山市,区块全开·星期自己定,18,18,0,0.0,7,7,1.0,0.627,0.965,0.967,141,5
NP8800054,湛江市,区块全开·星期照做,38,38,0,0.0,12,12,1.0,0.972,1.0,1.0,206,0
NP8800075,郑州市,区块全开·店和星期都有欠,28,23,5,17.9,6,6,0.829,0.694,0.79,0.765,162,34
NP8800079,武汉市,区块全开·星期照做,29,28,1,3.4,6,6,0.923,0.846,0.918,0.925,196,16
NP8800110,上海市,区块缺了没开,26,23,3,11.5,8,6,0.416,0.342,0.447,0.317,246,136
NP8800114,无锡市,区块缺了没开,25,21,4,16.0,6,5,0.7,0.513,0.707,0.614,208,61
NP8800119,惠州市,区块缺了没开,19,18,1,5.3,7,6,0.897,0.766,0.894,0.896,216,23
NP8800166,西宁市,区块全开·星期照做,8,8,0,0.0,6,6,1.0,0.938,0.937,0.937,63,4
NP8800190,嘉兴市,区块全开·星期照做,16,16,0,0.0,7,7,1.0,0.852,0.964,0.911,56,2
NP8800197,襄阳市,区块缺了没开,21,15,6,28.6,9,7,0.556,0.286,0.667,0.294,219,73
NP8800212,洛阳市,区块全开·星期自己定,16,11,5,31.2,6,6,0.932,0.513,0.768,0.599,185,43
NP8800236,商丘市,区块缺了没开,22,19,3,13.6,12,10,0.697,0.176,0.677,0.272,124,40
NP8800246,衡阳市,区块全开·星期照做,14,14,0,0.0,5,5,1.0,0.975,0.991,0.987,212,2
NP8800253,天津市,区块缺了没开,39,27,12,30.8,10,8,0.512,0.039,0.5,0.027,162,81
NP8800254,宝鸡市,区块缺了没开,11,9,2,18.2,6,5,0.791,0.57,0.8,0.6,45,9
NP8800295,芜湖市,区块全开·店和星期都有欠,14,14,0,0.0,5,5,0.741,0.754,0.765,0.761,234,55
NP8800323,370800,区块全开·店和星期都有欠,19,10,9,47.4,6,6,0.458,0.375,0.533,0.467,60,28
NP8800351,安阳市,区块全开·星期自己定,25,21,4,16.0,11,10,1.0,0.775,0.793,0.789,213,44
NP8800357,广州市,区块全开·星期照做,27,25,2,7.4,13,12,1.0,0.859,0.899,0.905,149,15
NP8800371,潍坊市,区块全开·店和星期都有欠,36,28,8,22.2,10,10,0.453,0.018,0.406,0.01,180,107
NP8800391,广州市,区块全开·星期照做,10,10,0,0.0,5,5,0.923,0.912,0.885,0.889,78,9
NP8800398,眉山市,计划与实际几乎不相交,18,2,16,88.9,9,1,0.0,0.037,0.068,0.0,59,55
NP8800409,徐州市,区块全开·店和星期都有欠,29,28,1,3.4,12,12,0.834,0.551,0.778,0.68,225,50
NP8800414,菏泽市,区块全开·星期照做,16,15,1,6.2,7,7,0.917,0.855,0.883,0.867,60,7
NP8800415,330500,计划与实际几乎不相交,7,3,4,57.1,2,2,0.209,0.167,0.208,0.167,24,19
NP8800420,南阳市,区块大面积没开工,28,13,15,53.6,11,6,0.25,0.175,0.448,0.342,67,37
NP8800426,盐城市,区块缺了没开,42,21,21,50.0,14,10,0.453,0.395,0.415,0.379,241,141
NP8800445,赤峰市,区块缺了没开,29,21,8,27.6,19,16,0.545,0.277,0.592,0.335,233,95
NP8800446,中山市,区块全开·星期照做,32,31,1,3.1,9,9,1.0,0.968,0.983,0.985,174,3
NP8800449,长春市,区块缺了没开,19,18,1,5.3,8,7,0.814,0.696,0.733,0.716,217,58
NP8800460,清远市,区块全开·星期照做,24,24,0,0.0,16,16,1.0,0.835,1.0,1.0,119,0
NP8800465,哈尔滨市,区块全开·店和星期都有欠,22,17,5,22.7,6,6,0.673,0.477,0.635,0.544,266,97
NP8800476,莆田市,区块全开·星期照做,34,34,0,0.0,15,15,1.0,1.0,1.0,1.0,207,0
NP8800477,乐山市,区块全开·星期自己定,3,3,0,0.0,2,2,1.0,0.416,1.0,1.0,7,0
NP8800480,漳州市,区块全开·星期照做,20,15,5,25.0,10,9,1.0,0.834,0.901,0.789,142,14
NP8800481,南充市,区块全开·星期照做,14,14,0,0.0,5,5,0.917,0.908,0.921,0.879,189,15
NP8800491,呼和浩特市,区块缺了没开,13,12,1,7.7,6,5,0.922,0.74,0.877,0.861,227,28
NP8800493,菏泽市,区块缺了没开,52,38,14,26.9,25,18,0.882,0.49,0.72,0.61,236,66
NP8800497,阳江市,区块全开·星期自己定,24,23,1,4.2,12,11,1.0,0.594,0.967,0.968,153,5
NP8800502,吉林市,区块全开·店和星期都有欠,23,19,4,17.4,16,16,0.659,0.151,0.601,0.05,233,93
NP8800525,襄阳市,区块缺了没开,12,11,1,8.3,8,7,1.0,0.718,0.85,0.771,234,35
NP8800534,重庆市,区块全开·星期照做,12,12,0,0.0,7,7,1.0,0.972,0.984,0.984,63,1
NP8800550,大连市,区块全开·星期自己定,6,5,1,16.7,4,4,1.0,0.192,0.824,0.833,17,3
NP8800557,兰州市,区块全开·星期照做,7,5,2,28.6,4,4,0.9,0.804,0.842,0.846,38,6
NP8800567,无锡市,区块全开·星期照做,53,46,7,13.2,19,18,0.909,0.81,0.842,0.81,190,30
NP8800580,上海市,区块全开·星期自己定,7,7,0,0.0,3,3,1.0,0.767,0.842,0.842,19,3
NP8800589,邯郸市,区块缺了没开,31,24,7,22.6,17,15,0.417,0.346,0.416,0.153,137,80
NP8800592,温州市,区块全开·店和星期都有欠,22,18,4,18.2,5,5,0.75,0.449,0.718,0.398,202,57
NP8800607,乐山市,区块全开·星期自己定,2,2,0,0.0,2,2,1.0,0.445,1.0,1.0,13,0
NP8800609,苏州市,区块缺了没开,31,22,9,29.0,8,6,0.696,0.55,0.743,0.696,206,53
NP8800613,泰州市,区块大面积没开工,40,17,23,57.5,12,7,0.064,0.134,0.3,0.217,203,142
NP8800630,天津市,区块全开·店和星期都有欠,44,38,6,13.6,14,13,0.734,0.039,0.653,0.027,193,67
NP8800632,乌鲁木齐市,区块全开·星期照做,5,5,0,0.0,2,2,1.0,0.916,1.0,1.0,24,0
NP8800638,聊城市,计划与实际几乎不相交,33,11,22,66.7,10,7,0.136,0.1,0.115,0.087,252,223
NP8800645,兰州市,区块全开·星期自己定,6,6,0,0.0,5,5,1.0,0.581,1.0,1.0,39,0
NP8800649,重庆市,区块全开·星期自己定,11,11,0,0.0,7,7,1.0,0.403,0.964,0.964,28,1
NP8800651,广州市,区块全开·星期照做,9,9,0,0.0,5,5,0.955,0.964,0.961,0.965,230,9
NP8800664,西安市,区块缺了没开,21,18,3,14.3,9,8,0.804,0.669,0.715,0.681,256,73
NP8800679,南宁市,区块全开·星期照做,23,20,3,13.0,7,7,0.921,0.814,0.851,0.848,261,39
NP8800682,杭州市,区块全开·区块内欠访,22,22,0,0.0,5,5,0.848,0.885,0.879,0.872,199,24
NP8800686,天津市,区块缺了没开,39,33,6,15.4,16,13,0.686,0.151,0.627,0.016,158,59
NP8800691,广州市,区块全开·星期照做,59,58,1,1.7,6,6,0.935,0.921,0.922,0.93,243,19
NP8800694,合肥市,区块全开·星期照做,20,18,2,10.0,6,6,0.912,0.877,0.862,0.88,145,20
NP8800696,西安市,区块全开·星期照做,33,30,3,9.1,7,7,0.974,0.914,0.934,0.929,228,15
NP8800706,130500,区块大面积没开工,15,9,6,40.0,9,5,0.455,0.083,0.491,0.091,55,28
NP8800711,聊城市,计划与实际几乎不相交,7,3,4,57.1,3,2,0.25,0.0,0.261,0.0,23,17
NP8800715,菏泽市,区块全开·星期照做,37,37,0,0.0,12,12,1.0,0.935,0.937,0.937,223,14
NP8800722,沈阳市,区块全开·店和星期都有欠,15,11,4,26.7,5,5,0.714,0.603,0.667,0.5,72,24
NP8800736,渭南市,区块全开·店和星期都有欠,5,3,2,40.0,2,2,0.818,0.0,0.75,0.312,16,4
NP8800744,,区块全开·星期照做,5,5,0,0.0,5,5,1.0,0.992,1.0,1.0,66,0
NP8800760,沧州市,区块缺了没开,27,16,11,40.7,14,9,0.291,0.134,0.356,0.194,208,134
NP8800763,成都市,区块全开·星期自己定,8,8,0,0.0,4,4,1.0,0.75,1.0,1.0,34,0
NP8800765,嘉兴市,区块全开·星期照做,14,14,0,0.0,8,8,1.0,0.826,0.972,0.972,36,1
NP8800768,苏州市,计划与实际几乎不相交,34,6,28,82.4,13,5,0.0,0.099,0.142,0.129,240,206
NP8800784,珠海市,区块全开·星期照做,30,29,1,3.3,11,11,1.0,0.978,0.976,0.974,207,5
NP8800795,渭南市,区块缺了没开,9,6,3,33.3,6,4,1.0,0.468,0.914,0.914,70,6
NP8800805,哈尔滨市,区块全开·店和星期都有欠,22,18,4,18.2,5,5,0.48,0.27,0.475,0.248,242,127
NP8800811,武汉市,区块全开·星期照做,16,16,0,0.0,5,5,1.0,0.91,0.952,0.944,165,8
NP8800813,武汉市,区块缺了没开,15,12,3,20.0,6,5,0.763,0.649,0.809,0.8,209,40
NP8800848,呼和浩特市,区块缺了没开,43,29,14,32.6,9,8,0.622,0.472,0.591,0.498,203,83
NP8800856,,区块全开·星期自己定,13,13,0,0.0,8,8,1.0,0.743,1.0,1.0,70,0
NP8800857,佛山市,区块全开·星期照做,16,16,0,0.0,7,7,0.95,0.91,0.941,0.945,219,13
NP8800871,银川市,区块全开·星期自己定,1,1,0,0.0,1,1,1.0,0.5,1.0,1.0,12,0
NP8800873,宝鸡市,区块缺了没开,14,11,3,21.4,8,7,0.633,0.258,0.667,0.222,63,21
NP8800882,广州市,区块全开·星期照做,9,9,0,0.0,5,5,0.978,0.962,0.978,0.976,230,5
NP8800893,杭州市,区块全开·店和星期都有欠,25,19,6,24.0,5,5,0.727,0.68,0.691,0.63,188,58
NP8800900,佛山市,区块全开·星期自己定,20,20,0,0.0,8,8,0.969,0.256,0.885,0.892,78,9
NP8800902,厦门市,区块全开·星期照做,26,25,1,3.8,5,5,0.933,0.928,0.923,0.927,234,18
NP8800903,大同市,区块全开·店和星期都有欠,12,12,0,0.0,5,5,0.783,0.688,0.764,0.733,225,53
NP8800909,洛阳市,区块全开·店和星期都有欠,16,15,1,6.2,5,5,0.708,0.225,0.727,0.176,238,65
NP8800922,重庆市,区块全开·店和星期都有欠,4,3,1,25.0,3,3,0.75,0.322,0.75,0.75,20,5
NP8800931,重庆市,区块全开·星期自己定,7,7,0,0.0,6,6,1.0,0.183,1.0,1.0,19,0
NP8800935,广州市,区块全开·星期照做,22,21,1,4.5,5,5,0.889,0.903,0.916,0.922,202,17
NP8800937,石家庄市,区块缺了没开,16,7,9,56.2,8,5,0.395,0.238,0.445,0.301,227,126
NP8800956,乌鲁木齐市,区块全开·星期自己定,10,10,0,0.0,5,5,0.889,0.575,0.804,0.625,56,11
NP8800963,苏州市,区块大面积没开工,59,28,31,52.5,16,8,0.104,0.324,0.467,0.456,246,131
NP8800966,苏州市,区块全开·星期照做,56,52,4,7.1,9,9,0.938,0.874,0.851,0.837,235,35
NP8800969,上海市,区块全开·星期照做,14,14,0,0.0,5,5,0.857,0.863,0.881,0.887,193,23
NP8800973,温州市,区块缺了没开,15,10,5,33.3,8,5,0.622,0.403,0.674,0.523,190,62
NP8800975,南京市,区块缺了没开,39,27,12,30.8,10,7,0.524,0.286,0.547,0.492,179,81
NP8800980,广州市,区块全开·星期照做,11,9,2,18.2,8,8,1.0,0.958,0.979,0.98,234,5
NP8800981,廊坊市,区块缺了没开,35,31,4,11.4,22,19,0.5,0.351,0.493,0.241,203,103
NP8800984,330500,计划与实际几乎不相交,5,2,3,60.0,2,2,0.25,0.25,0.25,0.25,24,18
NP8800985,南通市,计划与实际几乎不相交,42,18,24,57.1,12,10,0.176,0.007,0.156,0.016,225,190
NP8800993,西宁市,区块全开·星期照做,16,15,1,6.2,10,10,0.97,0.844,0.933,0.889,210,14
NP8800997,宁波市,区块全开·店和星期都有欠,27,25,2,7.4,7,7,0.773,0.581,0.763,0.628,135,32
NP8801006,贵阳市,区块全开·星期照做,13,13,0,0.0,5,5,1.0,0.917,1.0,1.0,95,0
NP8801015,唐山市,区块大面积没开工,25,14,11,44.0,16,9,0.191,0.056,0.378,0.272,90,56
NP8801016,秦皇岛市,区块全开·星期自己定,9,9,0,0.0,5,5,1.0,0.475,0.958,0.604,48,2
NP8801023,阜阳市,区块全开·星期照做,18,16,2,11.1,6,6,0.871,0.82,0.822,0.812,202,36
NP8801025,西安市,计划与实际几乎不相交,28,12,16,57.1,6,5,0.144,0.029,0.169,0.026,207,172
NP8801028,泰安市,区块缺了没开,37,25,12,32.4,20,15,0.364,0.065,0.387,0.098,225,138
NP8801031,上海市,区块全开·店和星期都有欠,26,23,3,11.5,8,8,0.774,0.662,0.752,0.58,242,60
NP8801037,常州市,区块全开·星期自己定,25,24,1,4.0,10,10,1.0,0.246,0.888,0.838,134,15
NP8801040,扬州市,区块缺了没开,23,17,6,26.1,12,10,0.791,0.41,0.753,0.626,182,45
NP8801042,上海市,区块缺了没开,23,18,5,21.7,13,10,0.627,0.523,0.733,0.655,195,52
NP8801045,吉林市,计划与实际几乎不相交,15,6,9,60.0,8,6,0.137,0.06,0.131,0.049,236,205
NP8801046,南昌市,区块全开·星期照做,18,18,0,0.0,6,6,0.977,0.887,0.948,0.918,210,11
NP8801048,苏州市,区块缺了没开,41,33,8,19.5,12,10,0.81,0.535,0.734,0.444,188,50
NP8801061,上海市,区块全开·店和星期都有欠,36,29,7,19.4,7,7,0.667,0.665,0.722,0.707,252,70
NP8801062,上海市,区块全开·星期照做,12,12,0,0.0,5,5,0.92,0.913,0.927,0.929,177,13
NP8801063,重庆市,区块全开·星期自己定,5,5,0,0.0,3,3,1.0,0.43,1.0,1.0,47,0
NP8801065,徐州市,区块全开·星期照做,26,24,2,7.7,8,8,1.0,0.984,0.983,0.984,231,4
NP8801066,南通市,区块全开·店和星期都有欠,38,30,8,21.1,10,10,0.708,0.665,0.641,0.616,259,93
NP8801067,昆明市,区块全开·星期照做,14,14,0,0.0,6,6,1.0,0.977,1.0,1.0,153,0
NP8801078,宁波市,区块缺了没开,21,16,5,23.8,8,7,0.561,0.056,0.529,0.214,70,33
NP8801079,赤峰市,计划与实际几乎不相交,29,12,17,58.6,17,8,0.0,0.08,0.242,0.06,215,163
NP8801080,苏州市,区块缺了没开,42,33,9,21.4,14,11,0.489,0.459,0.621,0.582,253,96
NP8801083,南昌市,区块全开·店和星期都有欠,11,10,1,9.1,5,5,0.791,0.675,0.778,0.572,171,38
NP8801085,兰州市,区块缺了没开,23,20,3,13.0,8,7,0.912,0.764,0.872,0.873,149,19
NP8801099,苏州市,区块全开·星期自己定,49,38,11,22.4,19,18,0.889,0.722,0.63,0.624,265,98
NP8801101,台州市,区块全开·店和星期都有欠,29,27,2,6.9,17,17,0.818,0.604,0.754,0.599,207,51
NP8801102,成都市,区块全开·星期自己定,7,7,0,0.0,6,6,1.0,0.0,1.0,1.0,12,0
NP8801114,杭州市,区块缺了没开,25,21,4,16.0,8,7,0.891,0.549,0.818,0.813,143,26
NP8801117,杭州市,区块全开·店和星期都有欠,11,11,0,0.0,5,5,0.795,0.67,0.735,0.673,155,41
NP8801128,常州市,区块全开·星期自己定,15,14,1,6.7,7,7,1.0,0.0,0.853,0.829,34,5
NP8801129,新乡市,区块缺了没开,32,24,8,25.0,21,18,0.842,0.343,0.586,0.355,145,60
NP8801130,北京市,区块缺了没开,34,24,10,29.4,13,10,0.59,0.247,0.537,0.432,203,94
NP9900738,石家庄市,区块缺了没开,36,23,13,36.1,9,6,0.268,0.081,0.315,0.085,238,163
NP9900847,青岛市,区块缺了没开,34,23,11,32.4,8,7,0.484,0.367,0.498,0.25,221,111
NP9900886,曲靖市,区块全开·星期照做,19,19,0,0.0,11,11,1.0,0.961,1.0,1.0,131,0
NP9900957,郑州市,区块全开·星期照做,13,12,1,7.7,5,5,0.941,0.881,0.875,0.863,200,25
NP9901052,淄博市,区块大面积没开工,32,22,10,31.2,16,8,0.167,0.3,0.628,0.423,78,29
NP9901079,安阳市,区块缺了没开,22,20,2,9.1,11,8,0.8,0.587,0.801,0.757,221,44
NP9902255,海口市,区块全开·星期照做,17,15,2,11.8,6,6,0.958,0.952,0.953,0.957,232,11
NP9902323,北京市,区块缺了没开,32,30,2,6.2,7,6,0.769,0.223,0.778,0.169,207,46
NP9902466,哈尔滨市,区块全开·星期照做,11,11,0,0.0,5,5,0.94,0.952,0.95,0.952,242,12
NP9902501,邯郸市,区块缺了没开,24,18,6,25.0,7,5,0.513,0.334,0.558,0.416,190,84
NP9902504,北京市,区块缺了没开,69,59,10,14.5,23,20,1.0,0.735,0.785,0.651,200,43
NP9902535,洛阳市,区块全开·店和星期都有欠,33,22,11,33.3,11,10,0.551,0.179,0.529,0.159,204,96
NP9902541,廊坊市,区块大面积没开工,31,12,19,61.3,14,6,0.0,0.289,0.547,0.502,201,91
NP9902598,西宁市,区块全开·星期照做,1,1,0,0.0,1,1,1.0,1.0,1.0,1.0,3,0
NP9902616,绵阳市,区块全开·星期自己定,14,14,0,0.0,4,4,1.0,0.261,1.0,1.0,111,0
NP9902639,长春市,区块缺了没开,29,18,11,37.9,9,7,0.429,0.042,0.504,0.028,230,114
NP9902676,漳州市,区块全开·星期自己定,27,24,3,11.1,14,14,0.915,0.572,0.806,0.64,217,42
NP9902730,中山市,区块全开·星期照做,33,32,1,3.0,8,8,1.0,0.85,0.889,0.871,190,21
NP9902802,漳州市,区块大面积没开工,30,17,13,43.3,17,10,0.581,0.322,0.601,0.464,168,67
NP9902842,商丘市,区块全开·星期自己定,18,17,1,5.6,9,9,0.955,0.331,0.847,0.531,85,13
NP9902843,包头市,区块全开·店和星期都有欠,13,11,2,15.4,6,6,0.72,0.456,0.687,0.467,201,63
NP9902851,福州市,区块全开·星期照做,12,11,1,8.3,5,5,0.956,0.918,0.95,0.935,242,12
NP9902885,济南市,区块全开·店和星期都有欠,32,29,3,9.4,11,10,0.743,0.598,0.715,0.511,186,53
NP9902897,潍坊市,区块缺了没开,46,34,12,26.1,17,13,0.64,0.188,0.617,0.076,133,51
NP9902925,哈尔滨市,区块全开·星期照做,24,24,0,0.0,9,9,1.0,0.931,0.883,0.882,248,29
NP9902930,天津市,区块全开·店和星期都有欠,25,23,2,8.0,6,6,0.776,0.732,0.72,0.651,211,59
NP9902950,130500,计划与实际几乎不相交,20,4,16,80.0,7,3,0.0,0.083,0.2,0.117,60,48
NP9902951,珠海市,区块全开·星期照做,31,29,2,6.5,9,9,1.0,0.948,0.934,0.883,213,14
NP9902957,吉林市,区块缺了没开,26,15,11,42.3,13,10,0.6,0.234,0.626,0.303,219,82
NP9902999,中山市,区块全开·星期照做,31,27,4,12.9,6,6,0.879,0.863,0.841,0.845,227,36
NP9903011,郑州市,区块全开·店和星期都有欠,18,16,2,11.1,6,6,0.733,0.722,0.697,0.654,234,71
NP9903059,长沙市,区块全开·星期照做,11,11,0,0.0,5,5,1.0,0.942,0.958,0.961,213,9
NP9903076,广州市,区块全开·星期照做,16,16,0,0.0,5,5,1.0,0.987,1.0,1.0,229,0
NP9903091,自贡市,区块全开·星期自己定,3,3,0,0.0,3,3,1.0,0.0,1.0,1.0,4,0
NP9903119,南充市,区块缺了没开,21,14,7,33.3,9,6,0.462,0.318,0.581,0.509,203,85
NP9903125,曲靖市,区块全开·星期照做,19,19,0,0.0,8,8,1.0,0.983,1.0,1.0,180,0
NP9903128,广州市,区块全开·星期照做,27,27,0,0.0,8,8,0.987,0.975,0.961,0.963,203,8
NP9903144,新乡市,区块缺了没开,41,23,18,43.9,16,11,0.656,0.394,0.649,0.516,191,67
NP9903168,武汉市,区块全开·店和星期都有欠,10,10,0,0.0,5,5,0.774,0.75,0.805,0.767,195,38
NP9903170,洛阳市,区块全开·店和星期都有欠,22,21,1,4.5,6,6,0.673,0.323,0.676,0.353,210,68
NP9903172,茂名市,区块全开·星期照做,36,36,0,0.0,15,15,1.0,0.973,0.969,0.961,224,7
NP9903205,兰州市,区块全开·星期自己定,10,10,0,0.0,5,5,1.0,0.582,1.0,1.0,84,0
NP9903257,银川市,区块全开·星期自己定,11,10,1,9.1,3,3,1.0,0.656,0.974,0.974,38,1
NP9903262,无锡市,区块大面积没开工,42,28,14,33.3,15,8,0.343,0.378,0.56,0.552,232,102
NP9903265,重庆市,区块全开·星期照做,12,11,1,8.3,8,8,1.0,0.932,0.973,0.975,150,4
NP9903298,370800,计划与实际几乎不相交,21,1,20,95.2,8,1,0.0,0.0,0.021,0.0,48,47
NP9903310,江门市,区块全开·星期照做,22,21,1,4.5,9,9,1.0,0.812,0.966,0.913,117,4
NP9903312,包头市,区块全开·店和星期都有欠,16,15,1,6.2,6,6,0.581,0.543,0.559,0.422,211,93
NP9903330,厦门市,区块全开·星期照做,14,14,0,0.0,7,7,0.923,0.933,0.909,0.915,231,21
NP9903363,武汉市,区块全开·星期照做,16,16,0,0.0,6,6,1.0,0.986,0.995,0.996,209,1
NP9903397,韶关市,区块缺了没开,25,15,10,40.0,13,9,0.5,0.029,0.417,0.01,84,49
NP9903405,烟台市,区块缺了没开,45,42,3,6.7,7,6,0.698,0.5,0.739,0.574,222,58
NP9903408,自贡市,区块全开·星期自己定,5,5,0,0.0,6,6,1.0,0.412,1.0,1.0,39,0
NP9903439,济南市,计划与实际几乎不相交,28,13,15,53.6,11,7,0.171,0.053,0.25,0.0,176,132
NP9903456,哈尔滨市,区块全开·店和星期都有欠,9,8,1,11.1,5,5,0.553,0.327,0.52,0.312,244,117
NP9903457,长春市,区块缺了没开,28,25,3,10.7,7,6,0.867,0.68,0.835,0.767,237,39
NP9903466,沈阳市,区块全开·星期照做,10,8,2,20.0,4,4,0.868,0.863,0.844,0.847,109,17
NP9903471,济南市,区块缺了没开,51,39,12,23.5,16,12,0.786,0.595,0.703,0.655,192,57
NP9903482,福州市,区块全开·星期照做,17,16,1,5.9,5,5,0.932,0.908,0.907,0.902,246,23
NP9903501,保定市,区块缺了没开,40,28,12,30.0,16,11,0.5,0.103,0.645,0.139,217,77
NP9903518,太原市,区块全开·店和星期都有欠,38,24,14,36.8,7,7,0.667,0.545,0.633,0.549,169,62
NP9903523,淄博市,区块缺了没开,15,9,6,40.0,5,4,0.455,0.273,0.477,0.295,44,23
NP9903526,贵阳市,区块全开·星期照做,10,9,1,10.0,6,6,0.874,0.864,0.877,0.882,220,27
NP9903528,,区块全开·星期照做,7,7,0,0.0,5,5,1.0,0.935,1.0,1.0,115,0
NP9903531,广州市,区块全开·星期照做,42,38,4,9.5,10,10,0.926,0.915,0.839,0.835,255,41
NP9903543,韶关市,区块缺了没开,20,12,8,40.0,13,9,0.368,0.045,0.477,0.01,86,45
NP9903544,昆明市,区块全开·星期照做,8,8,0,0.0,5,5,0.967,0.949,0.968,0.969,187,6
NP9903548,西安市,区块全开·星期照做,13,13,0,0.0,5,5,1.0,0.951,0.995,0.995,202,1
NP9903549,沈阳市,区块全开·店和星期都有欠,16,12,4,25.0,5,5,0.75,0.514,0.625,0.561,40,15
NP9903555,临沂市,区块全开·店和星期都有欠,52,30,22,42.3,5,5,0.295,0.22,0.341,0.197,252,166
NP9903569,广州市,区块全开·星期照做,34,31,3,8.8,7,7,0.905,0.818,0.791,0.753,215,45
NP9903584,达州市,区块全开·星期照做,9,9,0,0.0,5,5,0.933,0.909,0.923,0.924,208,16
NP9903585,西安市,区块全开·区块内欠访,14,13,1,7.1,5,5,0.812,0.805,0.851,0.818,248,37
NP9903602,广州市,区块全开·星期照做,45,45,0,0.0,10,10,1.0,0.989,0.986,0.987,211,3
NP9903604,重庆市,区块全开·星期自己定,8,8,0,0.0,6,6,1.0,0.212,0.971,0.971,35,1
NP9903607,衡阳市,区块全开·星期自己定,16,16,0,0.0,6,6,0.857,0.777,0.841,0.829,220,35
NP9903613,韶关市,区块大面积没开工,19,9,10,52.6,16,8,0.137,0.075,0.336,0.031,122,81
NP9903614,昆明市,区块全开·星期自己定,11,11,0,0.0,6,6,1.0,0.618,0.987,0.987,76,1
NP9903617,海口市,区块全开·星期照做,15,15,0,0.0,9,9,1.0,0.97,0.989,0.991,190,2
NP9903619,南昌市,区块全开·店和星期都有欠,27,26,1,3.7,7,7,0.707,0.744,0.665,0.679,233,78
NP9903624,重庆市,区块全开·星期自己定,9,9,0,0.0,6,6,1.0,0.611,1.0,1.0,61,0
NP9903627,昆明市,区块全开·星期自己定,4,4,0,0.0,3,3,1.0,0.167,1.0,1.0,6,0
NP9903644,湛江市,区块全开·星期照做,10,10,0,0.0,5,5,1.0,0.995,0.995,0.996,207,1
NP9903655,玉林市,区块全开·星期照做,8,8,0,0.0,5,5,0.958,0.878,0.957,0.962,186,8
NP9903656,天津市,区块缺了没开,18,16,2,11.1,6,5,0.49,0.154,0.524,0.082,231,110
NP9903659,长沙市,区块全开·星期照做,17,17,0,0.0,6,6,0.984,0.957,0.966,0.969,178,6
NP9903667,江门市,区块缺了没开,20,18,2,10.0,9,8,0.333,0.043,0.422,0.016,116,67
NP9903671,南昌市,区块缺了没开,21,18,3,14.3,9,8,0.696,0.569,0.704,0.525,243,72
NP9903676,荆门市,区块全开·星期照做,22,21,1,4.5,10,10,1.0,0.821,0.918,0.846,208,17
NP9903677,贵阳市,区块全开·星期照做,15,14,1,6.7,7,7,0.96,0.852,0.897,0.902,97,10
NP9903678,达州市,区块全开·星期照做,5,5,0,0.0,5,5,1.0,0.934,1.0,1.0,197,0
NP9903679,乐山市,区块全开·星期照做,12,12,0,0.0,7,7,1.0,0.924,1.0,1.0,69,0
NP9903685,西安市,区块全开·店和星期都有欠,19,14,5,26.3,5,5,0.694,0.547,0.626,0.574,243,91
NP9903688,中山市,区块全开·星期照做,23,23,0,0.0,8,8,0.976,0.963,0.958,0.952,192,8
NP9903693,唐山市,区块全开·店和星期都有欠,20,16,4,20.0,9,9,0.727,0.016,0.661,0.492,59,20
NP9903694,济南市,计划与实际几乎不相交,30,18,12,40.0,7,6,0.214,0.264,0.284,0.163,222,159
NP9903695,长沙市,区块缺了没开,27,27,0,0.0,7,6,0.977,0.83,0.967,0.97,211,7
NP9903703,福州市,区块全开·星期照做,21,21,0,0.0,5,5,0.93,0.942,0.944,0.949,234,13
NP9903706,长沙市,区块全开·星期照做,8,8,0,0.0,5,5,0.943,0.886,0.917,0.923,229,19
NP9903708,长沙市,区块全开·星期自己定,16,15,1,6.2,4,4,0.876,0.591,0.875,0.886,128,16
NP9903712,太原市,区块全开·店和星期都有欠,15,15,0,0.0,7,7,0.744,0.789,0.753,0.678,227,56
NP9903713,深圳市,区块全开·星期照做,8,8,0,0.0,6,6,0.917,0.92,0.899,0.903,257,26
NP9903715,佛山市,区块全开·星期照做,39,35,4,10.3,6,6,0.954,0.911,0.958,0.961,237,10
NP9903716,中山市,区块缺了没开,10,7,3,30.0,4,3,0.875,0.688,0.852,0.852,27,4
NP9903719,贵阳市,区块全开·区块内欠访,12,10,2,16.7,4,4,0.814,0.829,0.847,0.847,72,11
NP9903722,东莞市,区块全开·星期照做,27,25,2,7.4,6,6,0.974,0.967,0.97,0.973,202,6
NP9903730,广州市,区块全开·星期照做,31,28,3,9.7,6,6,0.903,0.893,0.866,0.869,246,33
NP9903735,重庆市,区块全开·星期自己定,6,6,0,0.0,4,4,1.0,0.399,0.977,0.977,44,1
NP9903739,宜昌市,区块全开·星期自己定,21,19,2,9.5,8,8,0.924,0.699,0.902,0.833,183,18
NP9903741,广州市,区块全开·星期照做,7,7,0,0.0,5,5,1.0,0.968,0.967,0.968,183,6
NP9903744,南宁市,区块缺了没开,34,27,7,20.6,11,9,0.92,0.754,0.863,0.859,270,37
NP9903750,福州市,区块全开·星期照做,10,10,0,0.0,5,5,1.0,0.979,0.987,0.988,232,3
NP9903755,东莞市,区块全开·店和星期都有欠,31,27,4,12.9,7,7,0.815,0.746,0.806,0.807,196,38
NP9903756,咸阳市,区块大面积没开工,48,21,27,56.2,21,9,0.0,0.103,0.351,0.061,171,111
NP9903760,武汉市,区块全开·星期照做,19,17,2,10.5,8,8,0.99,0.863,0.947,0.942,209,11
NP9903764,重庆市,区块全开·星期照做,15,15,0,0.0,8,8,1.0,0.962,0.959,0.963,218,9
NP9903770,柳州市,区块全开·星期照做,6,6,0,0.0,5,5,1.0,0.894,0.976,0.918,166,4
NP9903771,重庆市,区块全开·星期照做,10,10,0,0.0,5,5,1.0,0.95,0.959,0.96,122,5
NP9903772,柳州市,区块全开·星期自己定,19,18,1,5.3,12,12,1.0,0.321,0.9,0.487,70,7
NP9903774,重庆市,区块全开·星期自己定,7,7,0,0.0,4,4,1.0,0.25,1.0,1.0,11,0
NP9903775,绵阳市,区块全开·星期自己定,17,14,3,17.6,5,5,0.951,0.684,0.841,0.708,145,23
NP9903776,莆田市,区块全开·星期照做,38,38,0,0.0,23,23,1.0,0.947,1.0,0.949,181,0
NP9903777,莆田市,区块全开·星期照做,14,14,0,0.0,12,12,1.0,0.906,1.0,1.0,215,0
NP9903780,昆明市,区块大面积没开工,3,2,1,33.3,4,2,0.5,0.0,0.6,0.6,5,2
NP9903781,惠州市,区块全开·星期照做,23,21,2,8.7,6,6,0.96,0.916,0.958,0.961,238,10
NP9903783,深圳市,区块全开·星期照做,12,12,0,0.0,7,7,1.0,0.99,0.994,0.995,174,1
NP9903787,昆明市,区块缺了没开,12,7,5,41.7,6,5,0.348,0.403,0.311,0.304,135,93
np0008812,长沙市,区块全开·星期照做,3,3,0,0.0,2,2,1.0,1.0,1.0,1.0,3,0
np9903059,长沙市,区块全开·星期照做,1,1,0,0.0,1,1,1.0,1.0,1.0,1.0,1,0
