line,city,kind3,block_match,wd_match_cell,plan_cells,act_cells
000338545,天津市,①基本一样,1.0,1.0,40,40
000339039,汕头市,①基本一样,1.0,0.944,18,18
000340007,广州市,①基本一样,0.971,1.0,35,34
000340101,佛山市,①基本一样,0.893,1.0,28,25
000340501,郑州市,①基本一样,0.966,0.929,29,28
000340591,深圳市,①基本一样,1.0,1.0,16,16
000341803,惠州市,①基本一样,0.947,0.889,19,18
000341860,郑州市,①基本一样,0.952,0.95,21,20
000343720,重庆市,①基本一样,1.0,1.0,7,7
000343775,扬州市,③都不一样,0.742,0.87,31,23
000412000,北京市,③都不一样,0.725,0.862,40,29
000423268,大连市,①基本一样,1.0,0.783,23,23
000425319,深圳市,①基本一样,1.0,0.882,17,17
000444100,北京市,③都不一样,0.707,0.659,58,41
000448996,合肥市,①基本一样,1.0,0.875,8,8
000474825,广州市,①基本一样,0.913,0.952,23,21
000478015,哈尔滨市,③都不一样,0.68,0.471,25,17
000479151,中山市,①基本一样,1.0,1.0,25,25
000495972,石家庄市,①基本一样,0.82,0.805,50,41
000504766,济南市,③都不一样,0.744,0.552,78,58
000532987,泉州市,①基本一样,1.0,0.933,15,15
000544784,北京市,①基本一样,0.8,0.875,20,16
000545650,太原市,③都不一样,0.731,0.316,26,19
000601353,东莞市,①基本一样,0.971,1.0,34,33
000601363,长春市,②区块基本一样·星期几不一样,0.889,0.125,18,16
000604272,北京市,③都不一样,0.457,0.619,46,21
000608772,沈阳市,③都不一样,0.667,0.9,15,10
000611030,上海市,②区块基本一样·星期几不一样,0.944,0.412,18,17
000621190,青岛市,③都不一样,0.531,0.462,49,26
000643531,天津市,③都不一样,0.621,0.444,29,18
000644322,海口市,①基本一样,0.957,0.955,23,22
000644405,漳州市,③都不一样,0.775,0.839,40,31
000645986,朔州市,③都不一样,0.488,0.4,41,20
000648339,保定市,③都不一样,0.636,0.714,22,14
000649981,东莞市,①基本一样,0.958,0.957,24,23
000650808,上海市,①基本一样,1.0,0.933,15,15
000651389,石家庄市,①基本一样,0.938,1.0,16,15
000652136,长沙市,①基本一样,0.923,1.0,26,24
000653294,大连市,①基本一样,1.0,0.857,7,7
000656726,金华市,③都不一样,0.486,0.471,70,34
000657892,苏州市,①基本一样,1.0,1.0,27,27
000658193,上海市,①基本一样,1.0,0.947,19,19
000658550,绵阳市,②区块基本一样·星期几不一样,1.0,0.0,8,8
000661437,大连市,①基本一样,0.933,0.857,30,28
000663253,南京市,①基本一样,0.9,1.0,10,9
000664988,青岛市,③都不一样,0.229,0.0,35,8
000665947,宝鸡市,③都不一样,0.182,0.0,11,2
000666131,深圳市,①基本一样,0.941,1.0,17,16
000667049,长春市,③都不一样,0.514,0.389,35,18
000667325,乌鲁木齐市,③都不一样,0.559,0.515,59,33
000669395,重庆市,②区块基本一样·星期几不一样,0.846,0.182,13,11
000669401,兰州市,③都不一样,0.714,1.0,7,5
000672773,沈阳市,①基本一样,0.818,0.852,33,27
000675049,大连市,③都不一样,0.724,0.952,29,21
000676068,沈阳市,③都不一样,0.125,0.5,16,2
000676593,唐山市,②区块基本一样·星期几不一样,1.0,0.125,8,8
000676638,淄博市,③都不一样,0.659,0.655,44,29
000677137,长春市,①基本一样,0.85,0.824,20,17
000677953,潍坊市,②区块基本一样·星期几不一样,0.848,0.667,46,39
000683993,包头市,②区块基本一样·星期几不一样,0.889,0.375,18,16
000685128,佛山市,①基本一样,0.857,0.875,28,24
000685195,金华市,②区块基本一样·星期几不一样,0.872,0.588,39,34
000685565,厦门市,①基本一样,1.0,0.917,24,24
000685659,深圳市,①基本一样,1.0,1.0,9,9
000685664,佛山市,①基本一样,0.96,1.0,25,24
000685767,广州市,①基本一样,0.906,0.966,32,29
000695113,中山市,①基本一样,0.952,0.95,21,20
000695117,成都市,①基本一样,0.8,1.0,5,4
000698771,深圳市,①基本一样,0.889,1.0,27,24
000699200,湛江市,①基本一样,1.0,1.0,15,15
000699805,汕头市,①基本一样,1.0,0.935,46,46
000699979,广州市,①基本一样,1.0,1.0,8,8
000700020,广州市,①基本一样,1.0,1.0,13,13
000701809,北京市,③都不一样,0.763,0.822,59,45
000702280,贵阳市,①基本一样,1.0,1.0,10,10
000702358,上海市,①基本一样,1.0,1.0,17,17
000703627,常州市,①基本一样,0.923,1.0,13,12
000705502,,①基本一样,1.0,0.833,18,18
000706671,徐州市,①基本一样,0.857,0.944,21,18
000707336,阜阳市,②区块基本一样·星期几不一样,0.976,0.415,42,41
000707342,芜湖市,③都不一样,0.615,0.792,39,24
000709902,无锡市,①基本一样,1.0,0.867,15,15
000710328,嘉兴市,②区块基本一样·星期几不一样,1.0,0.167,6,6
000711323,上海市,①基本一样,1.0,0.933,15,15
000711850,深圳市,①基本一样,0.914,1.0,35,32
000712217,昆明市,②区块基本一样·星期几不一样,1.0,0.6,25,25
000712433,郑州市,③都不一样,0.55,0.636,20,11
000712516,烟台市,③都不一样,0.467,0.143,30,14
000712606,包头市,①基本一样,0.941,0.938,17,16
000712608,沈阳市,③都不一样,0.522,0.75,46,24
000712667,广州市,①基本一样,1.0,1.0,9,9
000714057,北京市,①基本一样,0.873,0.896,55,48
000714395,西安市,①基本一样,0.933,0.929,45,42
000714922,西宁市,①基本一样,1.0,0.929,14,14
000716325,广州市,①基本一样,0.909,0.85,22,20
000716327,肇庆市,①基本一样,0.941,1.0,17,16
000718160,银川市,②区块基本一样·星期几不一样,1.0,0.25,4,4
000721070,西安市,①基本一样,1.0,0.889,9,9
000724728,济南市,③都不一样,0.739,0.676,46,34
000725968,三亚市,①基本一样,0.941,0.969,34,32
000732776,温州市,③都不一样,0.588,0.5,17,10
000733133,潍坊市,②区块基本一样·星期几不一样,0.912,0.581,34,31
000733235,哈尔滨市,①基本一样,1.0,1.0,11,11
000734397,重庆市,①基本一样,1.0,0.75,4,4
000734621,无锡市,①基本一样,1.0,0.967,30,30
000741130,深圳市,①基本一样,0.846,1.0,13,11
000741226,烟台市,③都不一样,0.69,0.5,29,20
000765513,武汉市,①基本一样,0.826,1.0,23,19
000767735,北京市,②区块基本一样·星期几不一样,0.824,0.643,17,14
000770730,厦门市,①基本一样,0.971,1.0,35,34
000771486,广州市,①基本一样,0.857,1.0,7,6
000771641,珠海市,①基本一样,1.0,1.0,29,29
000771816,福州市,①基本一样,1.0,0.967,30,30
000772089,广州市,①基本一样,1.0,1.0,14,14
000772527,厦门市,①基本一样,0.882,1.0,34,30
000772623,武汉市,①基本一样,0.893,0.8,28,25
000772790,昆明市,①基本一样,1.0,0.867,15,15
000772796,兰州市,②区块基本一样·星期几不一样,0.875,0.571,8,7
000773393,郑州市,①基本一样,0.879,0.966,33,29
000774113,太原市,①基本一样,0.833,0.95,24,20
000782263,昆明市,①基本一样,1.0,0.786,14,14
000782275,昆明市,①基本一样,1.0,1.0,8,8
000782642,惠州市,①基本一样,0.919,1.0,37,34
000787397,哈尔滨市,③都不一样,0.478,0.545,23,11
000795399,天津市,③都不一样,0.581,0.28,43,25
000796635,呼和浩特市,①基本一样,0.952,0.75,21,20
000798424,上海市,①基本一样,1.0,1.0,9,9
000799013,唐山市,③都不一样,0.75,0.167,8,6
000811058,深圳市,①基本一样,0.926,0.92,27,25
000811371,贵阳市,①基本一样,0.929,1.0,14,13
000825758,合肥市,③都不一样,0.735,0.56,34,25
000825796,南通市,③都不一样,0.75,0.929,56,42
000826064,太原市,②区块基本一样·星期几不一样,0.833,0.5,12,10
000826911,杭州市,①基本一样,0.909,0.9,11,10
000829112,重庆市,①基本一样,1.0,0.8,5,5
000837348,重庆市,②区块基本一样·星期几不一样,0.944,0.647,18,17
000838047,北京市,①基本一样,1.0,0.909,11,11
000838882,重庆市,②区块基本一样·星期几不一样,1.0,0.385,13,13
000840245,上海市,①基本一样,0.9,0.963,30,27
000843187,苏州市,③都不一样,0.0,0.0,13,0
000844662,成都市,③都不一样,0.75,1.0,4,3
000845240,咸阳市,③都不一样,0.658,0.0,38,25
000845597,茂名市,①基本一样,0.875,1.0,16,14
000846281,合肥市,①基本一样,0.9,0.778,20,18
000847598,北京市,①基本一样,0.938,0.867,16,15
000847739,石家庄市,①基本一样,0.957,0.864,23,22
000851279,北京市,②区块基本一样·星期几不一样,0.882,0.6,17,15
000851281,成都市,①基本一样,1.0,1.0,10,10
000851283,成都市,①基本一样,1.0,0.8,10,10
000851322,成都市,①基本一样,1.0,1.0,10,10
000851717,眉山市,②区块基本一样·星期几不一样,1.0,0.583,36,36
000851729,西安市,①基本一样,0.971,0.941,35,34
000851730,青岛市,③都不一样,0.681,0.766,69,47
000851773,深圳市,①基本一样,1.0,1.0,10,10
000852009,成都市,①基本一样,1.0,0.857,7,7
000852603,成都市,①基本一样,1.0,1.0,9,9
000855033,上海市,①基本一样,0.875,1.0,8,7
000855364,杭州市,②区块基本一样·星期几不一样,0.8,0.583,15,12
000855388,杭州市,①基本一样,0.917,0.909,24,22
000855395,上海市,②区块基本一样·星期几不一样,0.923,0.583,13,12
000855576,上海市,①基本一样,0.909,0.9,22,20
000855577,石家庄市,②区块基本一样·星期几不一样,0.842,0.625,19,16
000855578,泰州市,③都不一样,0.778,0.821,36,28
000855582,青岛市,③都不一样,0.483,0.5,58,28
000856001,温州市,③都不一样,0.674,0.29,46,31
000856514,重庆市,①基本一样,1.0,0.857,7,7
000857154,,①基本一样,1.0,0.9,10,10
000859299,成都市,①基本一样,1.0,1.0,7,7
000859505,宁波市,③都不一样,0.583,0.429,24,14
000859827,天津市,②区块基本一样·星期几不一样,0.944,0.353,18,17
000859839,无锡市,①基本一样,1.0,0.889,9,9
000859841,厦门市,①基本一样,0.938,0.933,16,15
000860516,滨州市,③都不一样,0.721,0.355,43,31
000860562,宁波市,③都不一样,0.688,0.364,16,11
000860828,长沙市,①基本一样,1.0,0.933,15,15
000862367,上海市,③都不一样,0.59,0.87,39,23
000862716,青岛市,②区块基本一样·星期几不一样,0.947,0.667,19,18
000863973,秦皇岛市,①基本一样,1.0,0.8,20,20
000864355,苏州市,①基本一样,0.826,0.947,46,38
000865348,太原市,③都不一样,0.704,0.526,27,19
000865709,广州市,①基本一样,0.947,0.944,19,18
000865960,广州市,①基本一样,0.946,0.943,37,35
000866035,贵阳市,①基本一样,1.0,1.0,1,1
000866096,370800,①基本一样,0.81,0.941,21,17
000866110,上海市,③都不一样,0.722,0.769,18,13
000866115,西安市,①基本一样,0.917,0.909,12,11
000866118,常州市,③都不一样,0.55,0.273,60,33
000866857,沈阳市,③都不一样,0.444,0.5,27,12
000866984,东莞市,①基本一样,0.889,0.917,27,24
000867936,江门市,①基本一样,0.958,0.957,24,23
000874142,惠州市,②区块基本一样·星期几不一样,0.941,0.688,17,16
000874284,深圳市,①基本一样,1.0,0.833,12,12
000874293,厦门市,①基本一样,1.0,1.0,9,9
000874295,西安市,①基本一样,0.833,0.9,36,30
000874299,北京市,①基本一样,0.923,0.833,13,12
000874372,合肥市,②区块基本一样·星期几不一样,1.0,0.4,5,5
000874584,佛山市,①基本一样,1.0,0.8,15,15
000874807,沈阳市,①基本一样,0.826,0.895,23,19
000874881,成都市,①基本一样,1.0,1.0,5,5
000874956,南京市,③都不一样,0.714,0.333,21,15
000874960,大连市,②区块基本一样·星期几不一样,0.867,0.615,15,13
000875125,西安市,①基本一样,1.0,1.0,13,13
000875131,广州市,③都不一样,0.75,1.0,8,6
000875858,邯郸市,①基本一样,0.867,0.769,15,13
DS0001426,滨州市,③都不一样,0.367,0.273,30,11
DS0001773,阜阳市,①基本一样,0.938,0.933,16,15
DS0001866,宜昌市,①基本一样,0.833,0.8,24,20
NP0008185,乐山市,②区块基本一样·星期几不一样,1.0,0.222,9,9
NP0008447,佛山市,②区块基本一样·星期几不一样,0.976,0.488,42,41
NP0008452,贵阳市,①基本一样,0.929,1.0,14,13
NP0008680,天津市,②区块基本一样·星期几不一样,0.95,0.105,20,19
NP0008682,宁波市,③都不一样,0.5,0.467,30,15
NP0008722,南京市,③都不一样,0.487,0.632,39,19
NP0008812,长沙市,①基本一样,1.0,0.903,31,31
NP0008855,阳江市,①基本一样,1.0,0.963,27,27
NP0008869,成都市,①基本一样,0.917,0.727,12,11
NP0008904,西安市,①基本一样,0.974,0.974,39,38
NP0008997,佛山市,①基本一样,0.96,1.0,25,24
NP0009078,大连市,②区块基本一样·星期几不一样,0.833,0.2,6,5
NP0009098,达州市,①基本一样,1.0,1.0,8,8
NP0009123,宁波市,②区块基本一样·星期几不一样,0.839,0.654,31,26
NP0009132,青岛市,③都不一样,0.647,0.545,34,22
NP0009135,东莞市,①基本一样,0.88,0.955,25,22
NP0009147,南京市,①基本一样,0.804,0.946,46,37
NP0009223,金华市,①基本一样,1.0,0.875,24,24
NP0009295,苏州市,①基本一样,0.894,0.966,66,59
NP0009377,唐山市,③都不一样,0.68,0.353,25,17
NP0009432,广州市,①基本一样,0.938,1.0,32,30
NP0009462,上海市,①基本一样,0.875,1.0,8,7
NP0009527,合肥市,①基本一样,1.0,0.955,22,22
NP0009568,石家庄市,③都不一样,0.778,0.286,36,28
NP0009581,成都市,①基本一样,1.0,1.0,5,5
NP0009660,福州市,①基本一样,1.0,1.0,13,13
NP0009668,杭州市,①基本一样,0.929,0.923,14,13
NP0009672,上海市,③都不一样,0.774,0.833,31,24
NP0009743,台州市,①基本一样,0.875,0.714,24,21
NP0009778,深圳市,①基本一样,0.958,1.0,24,23
NP0009832,三亚市,①基本一样,1.0,1.0,10,10
NP0009925,广州市,①基本一样,1.0,1.0,17,17
NP0009959,大同市,①基本一样,0.857,0.75,14,12
NP0010006,邯郸市,③都不一样,0.727,0.375,22,16
NP0010020,北京市,①基本一样,0.826,0.895,23,19
NP0010026,深圳市,①基本一样,0.915,0.977,47,43
NP0010054,成都市,①基本一样,0.895,1.0,19,17
NP0010076,呼和浩特市,③都不一样,0.72,0.611,25,18
NP0010123,东莞市,①基本一样,0.966,1.0,29,28
NP0010161,厦门市,①基本一样,0.939,0.968,33,31
NP0010177,武汉市,①基本一样,1.0,1.0,10,10
NP0010210,泰州市,③都不一样,0.674,0.516,46,31
NP0010233,柳州市,②区块基本一样·星期几不一样,0.933,0.643,15,14
NP0010236,沧州市,③都不一样,0.767,0.261,30,23
NP0010249,上海市,①基本一样,0.929,0.885,28,26
NP0010283,莆田市,①基本一样,1.0,0.905,21,21
NP0010285,成都市,①基本一样,0.833,0.9,12,10
NP0010307,威海市,③都不一样,0.594,0.158,32,19
NP0010323,曲靖市,①基本一样,1.0,1.0,12,12
NP0010380,泰州市,③都不一样,0.643,0.889,14,9
NP0010444,深圳市,①基本一样,1.0,1.0,12,12
NP0010481,无锡市,①基本一样,0.951,0.974,41,39
NP0010485,德州市,③都不一样,0.214,0.667,14,3
NP0010486,德州市,③都不一样,0.357,0.2,14,5
NP0010498,广州市,①基本一样,1.0,0.962,26,26
NP0010660,武汉市,①基本一样,0.969,1.0,32,31
NP0010665,武汉市,①基本一样,0.944,1.0,18,17
NP0010670,佛山市,①基本一样,1.0,1.0,13,13
NP0010674,常州市,③都不一样,0.786,0.773,28,22
NP0010683,昆明市,③都不一样,0.789,0.6,19,15
NP0010688,成都市,①基本一样,1.0,0.9,10,10
NP0010748,商丘市,①基本一样,0.905,0.737,21,19
NP0010807,清远市,①基本一样,1.0,1.0,33,33
NP0010842,兰州市,①基本一样,1.0,1.0,6,6
NP0010891,无锡市,①基本一样,0.964,0.852,28,27
NP0010900,青岛市,①基本一样,0.895,0.824,19,17
NP0010920,曲靖市,①基本一样,1.0,0.778,9,9
NP0010987,滨州市,③都不一样,0.5,0.444,18,9
NP0010989,秦皇岛市,③都不一样,0.526,0.3,19,10
NP0010995,合肥市,②区块基本一样·星期几不一样,0.889,0.625,9,8
NP0011002,西安市,②区块基本一样·星期几不一样,0.938,0.6,16,15
NP0011031,眉山市,①基本一样,1.0,0.957,23,23
NP0011048,台州市,③都不一样,0.676,0.652,34,23
NP0011053,台州市,①基本一样,0.829,0.706,41,34
NP0011086,北京市,③都不一样,0.706,0.708,34,24
NP0011095,武汉市,①基本一样,1.0,0.895,19,19
NP0011110,西安市,①基本一样,0.919,1.0,37,34
NP0011136,玉林市,①基本一样,0.933,0.893,30,28
NP0011145,泰安市,③都不一样,0.459,0.235,37,17
NP0011152,杭州市,③都不一样,0.571,0.875,42,24
NP0011171,深圳市,①基本一样,1.0,0.95,20,20
NP0011193,芜湖市,③都不一样,0.778,0.714,18,14
NP0011290,德州市,③都不一样,0.333,0.167,18,6
NP0011299,合肥市,③都不一样,0.0,0.0,7,0
NP0011348,南宁市,①基本一样,0.941,0.969,34,32
NP0011350,北京市,③都不一样,0.6,0.867,25,15
NP0011376,成都市,①基本一样,1.0,1.0,8,8
NP0011405,北京市,③都不一样,0.414,0.25,29,12
NP0011431,北京市,③都不一样,0.56,0.5,25,14
NP0011436,东莞市,①基本一样,0.938,0.967,32,30
NP0011437,西宁市,①基本一样,1.0,0.909,11,11
NP0011469,宝鸡市,①基本一样,1.0,0.733,15,15
NP0011478,苏州市,③都不一样,0.483,0.714,29,14
NP0011525,肇庆市,①基本一样,0.875,0.976,48,42
NP0011547,厦门市,①基本一样,0.929,0.923,14,13
NP0011578,曲靖市,②区块基本一样·星期几不一样,1.0,0.125,8,8
NP0011681,北京市,③都不一样,0.308,0.25,13,4
NP0011736,北京市,③都不一样,0.4,0.5,25,10
NP0011803,北京市,③都不一样,0.417,0.4,12,5
NP0011810,宁波市,③都不一样,0.368,0.714,19,7
NP0011816,重庆市,①基本一样,1.0,0.833,6,6
NP0011874,佛山市,①基本一样,0.909,0.9,11,10
NP0011994,佛山市,①基本一样,1.0,1.0,6,6
NP0011998,杭州市,①基本一样,0.923,1.0,13,12
NP0012033,南京市,③都不一样,0.4,1.0,5,2
NP8800017,泉州市,①基本一样,1.0,1.0,13,13
NP8800018,泉州市,①基本一样,0.917,1.0,24,22
NP8800045,昆明市,①基本一样,1.0,0.778,9,9
NP8800052,佛山市,①基本一样,1.0,0.944,18,18
NP8800054,湛江市,①基本一样,1.0,1.0,38,38
NP8800075,郑州市,①基本一样,0.821,0.957,28,23
NP8800079,武汉市,①基本一样,0.966,0.964,29,28
NP8800110,上海市,①基本一样,0.885,0.783,26,23
NP8800114,无锡市,①基本一样,0.84,0.905,25,21
NP8800119,惠州市,①基本一样,0.947,1.0,19,18
NP8800166,西宁市,①基本一样,1.0,1.0,8,8
NP8800190,嘉兴市,①基本一样,1.0,1.0,16,16
NP8800197,襄阳市,③都不一样,0.714,0.533,21,15
NP8800212,洛阳市,③都不一样,0.688,0.727,16,11
NP8800236,商丘市,②区块基本一样·星期几不一样,0.864,0.263,22,19
NP8800246,衡阳市,①基本一样,1.0,0.929,14,14
NP8800253,天津市,③都不一样,0.692,0.074,39,27
NP8800254,宝鸡市,①基本一样,0.818,0.778,11,9
NP8800295,芜湖市,①基本一样,1.0,0.714,14,14
NP8800323,370800,③都不一样,0.526,0.7,19,10
NP8800351,安阳市,①基本一样,0.84,0.762,25,21
NP8800357,广州市,①基本一样,0.926,0.96,27,25
NP8800371,潍坊市,③都不一样,0.778,0.071,36,28
NP8800391,广州市,①基本一样,1.0,1.0,10,10
NP8800398,眉山市,③都不一样,0.111,0.5,18,2
NP8800409,徐州市,①基本一样,0.966,0.821,29,28
NP8800414,菏泽市,①基本一样,0.938,1.0,16,15
NP8800415,330500,③都不一样,0.429,0.667,7,3
NP8800420,南阳市,③都不一样,0.464,0.692,28,13
NP8800426,盐城市,③都不一样,0.5,0.905,42,21
NP8800445,赤峰市,③都不一样,0.724,0.429,29,21
NP8800446,中山市,①基本一样,0.969,1.0,32,31
NP8800449,长春市,①基本一样,0.947,1.0,19,18
NP8800460,清远市,①基本一样,1.0,0.917,24,24
NP8800465,哈尔滨市,③都不一样,0.773,0.706,22,17
NP8800476,莆田市,①基本一样,1.0,0.971,34,34
NP8800477,乐山市,②区块基本一样·星期几不一样,1.0,0.667,3,3
NP8800480,漳州市,③都不一样,0.75,0.8,20,15
NP8800481,南充市,①基本一样,1.0,1.0,14,14
NP8800491,呼和浩特市,①基本一样,0.923,1.0,13,12
NP8800493,菏泽市,③都不一样,0.731,0.789,52,38
NP8800497,阳江市,①基本一样,0.958,0.87,24,23
NP8800502,吉林市,②区块基本一样·星期几不一样,0.826,0.158,23,19
NP8800525,襄阳市,①基本一样,0.917,0.818,12,11
NP8800534,重庆市,①基本一样,1.0,0.917,12,12
NP8800550,大连市,②区块基本一样·星期几不一样,0.833,0.4,6,5
NP8800557,兰州市,③都不一样,0.714,0.8,7,5
NP8800567,无锡市,①基本一样,0.868,1.0,53,46
NP8800580,上海市,①基本一样,1.0,1.0,7,7
NP8800589,邯郸市,③都不一样,0.774,0.542,31,24
NP8800592,温州市,②区块基本一样·星期几不一样,0.818,0.611,22,18
NP8800607,乐山市,②区块基本一样·星期几不一样,1.0,0.5,2,2
NP8800609,苏州市,③都不一样,0.71,0.955,31,22
NP8800613,泰州市,③都不一样,0.425,0.882,40,17
NP8800630,天津市,②区块基本一样·星期几不一样,0.864,0.132,44,38
NP8800632,乌鲁木齐市,①基本一样,1.0,0.8,5,5
NP8800638,聊城市,③都不一样,0.333,0.545,33,11
NP8800645,兰州市,②区块基本一样·星期几不一样,1.0,0.333,6,6
NP8800649,重庆市,②区块基本一样·星期几不一样,1.0,0.545,11,11
NP8800651,广州市,①基本一样,1.0,1.0,9,9
NP8800664,西安市,①基本一样,0.857,0.833,21,18
NP8800679,南宁市,①基本一样,0.87,1.0,23,20
NP8800682,杭州市,①基本一样,1.0,0.955,22,22
NP8800686,天津市,②区块基本一样·星期几不一样,0.846,0.242,39,33
NP8800691,广州市,①基本一样,0.983,1.0,59,58
NP8800694,合肥市,①基本一样,0.9,0.944,20,18
NP8800696,西安市,①基本一样,0.909,0.9,33,30
NP8800706,130500,③都不一样,0.6,0.222,15,9
NP8800711,聊城市,③都不一样,0.429,0.0,7,3
NP8800715,菏泽市,①基本一样,1.0,0.946,37,37
NP8800722,沈阳市,③都不一样,0.733,0.818,15,11
NP8800736,渭南市,③都不一样,0.6,0.0,5,3
NP8800744,,①基本一样,1.0,0.8,5,5
NP8800760,沧州市,③都不一样,0.593,0.438,27,16
NP8800763,成都市,①基本一样,1.0,0.875,8,8
NP8800765,嘉兴市,①基本一样,1.0,0.929,14,14
NP8800768,苏州市,③都不一样,0.176,0.5,34,6
NP8800784,珠海市,①基本一样,0.967,0.966,30,29
NP8800795,渭南市,③都不一样,0.667,0.833,9,6
NP8800805,哈尔滨市,②区块基本一样·星期几不一样,0.818,0.5,22,18
NP8800811,武汉市,①基本一样,1.0,0.938,16,16
NP8800813,武汉市,①基本一样,0.8,0.917,15,12
NP8800848,呼和浩特市,③都不一样,0.674,0.966,43,29
NP8800856,,①基本一样,1.0,0.846,13,13
NP8800857,佛山市,①基本一样,1.0,1.0,16,16
NP8800871,银川市,①基本一样,1.0,1.0,1,1
NP8800873,宝鸡市,③都不一样,0.786,0.182,14,11
NP8800882,广州市,①基本一样,1.0,0.889,9,9
NP8800893,杭州市,③都不一样,0.76,0.895,25,19
NP8800900,佛山市,②区块基本一样·星期几不一样,1.0,0.65,20,20
NP8800902,厦门市,①基本一样,0.962,1.0,26,25
NP8800903,大同市,①基本一样,1.0,0.917,12,12
NP8800909,洛阳市,②区块基本一样·星期几不一样,0.938,0.267,16,15
NP8800922,重庆市,③都不一样,0.75,0.333,4,3
NP8800931,重庆市,②区块基本一样·星期几不一样,1.0,0.0,7,7
NP8800935,广州市,①基本一样,0.955,1.0,22,21
NP8800937,石家庄市,③都不一样,0.438,0.714,16,7
NP8800956,乌鲁木齐市,①基本一样,1.0,0.7,10,10
NP8800963,苏州市,③都不一样,0.475,0.964,59,28
NP8800966,苏州市,①基本一样,0.929,1.0,56,52
NP8800969,上海市,①基本一样,1.0,1.0,14,14
NP8800973,温州市,③都不一样,0.667,1.0,15,10
NP8800975,南京市,③都不一样,0.692,0.667,39,27
NP8800980,广州市,①基本一样,0.818,1.0,11,9
NP8800981,廊坊市,②区块基本一样·星期几不一样,0.886,0.484,35,31
NP8800984,330500,③都不一样,0.4,1.0,5,2
NP8800985,南通市,③都不一样,0.429,0.111,42,18
NP8800993,西宁市,①基本一样,0.938,1.0,16,15
NP8800997,宁波市,①基本一样,0.926,0.8,27,25
NP8801006,贵阳市,①基本一样,1.0,1.0,13,13
NP8801015,唐山市,③都不一样,0.56,0.214,25,14
NP8801016,秦皇岛市,②区块基本一样·星期几不一样,1.0,0.667,9,9
NP8801023,阜阳市,①基本一样,0.889,1.0,18,16
NP8801025,西安市,③都不一样,0.429,0.083,28,12
NP8801028,泰安市,③都不一样,0.676,0.2,37,25
NP8801031,上海市,①基本一样,0.885,0.826,26,23
NP8801037,常州市,②区块基本一样·星期几不一样,0.96,0.125,25,24
NP8801040,扬州市,③都不一样,0.739,0.706,23,17
NP8801042,上海市,③都不一样,0.783,0.778,23,18
NP8801045,吉林市,③都不一样,0.4,0.167,15,6
NP8801046,南昌市,①基本一样,1.0,0.944,18,18
NP8801048,苏州市,①基本一样,0.805,0.727,41,33
NP8801061,上海市,①基本一样,0.806,1.0,36,29
NP8801062,上海市,①基本一样,1.0,1.0,12,12
NP8801063,重庆市,②区块基本一样·星期几不一样,1.0,0.6,5,5
NP8801065,徐州市,①基本一样,0.923,0.958,26,24
NP8801066,南通市,③都不一样,0.789,0.967,38,30
NP8801067,昆明市,①基本一样,1.0,1.0,14,14
NP8801078,宁波市,③都不一样,0.762,0.188,21,16
NP8801079,赤峰市,③都不一样,0.414,0.417,29,12
NP8801080,苏州市,③都不一样,0.786,0.848,42,33
NP8801083,南昌市,②区块基本一样·星期几不一样,0.909,0.5,11,10
NP8801085,兰州市,①基本一样,0.87,0.9,23,20
NP8801099,苏州市,③都不一样,0.776,0.921,49,38
NP8801101,台州市,②区块基本一样·星期几不一样,0.931,0.667,29,27
NP8801102,成都市,②区块基本一样·星期几不一样,1.0,0.0,7,7
NP8801114,杭州市,①基本一样,0.84,0.857,25,21
NP8801117,杭州市,①基本一样,1.0,0.818,11,11
NP8801128,常州市,②区块基本一样·星期几不一样,0.933,0.0,15,14
NP8801129,新乡市,③都不一样,0.75,0.333,32,24
NP8801130,北京市,③都不一样,0.706,0.667,34,24
NP9900738,石家庄市,③都不一样,0.639,0.304,36,23
NP9900847,青岛市,③都不一样,0.676,0.652,34,23
NP9900886,曲靖市,①基本一样,1.0,0.947,19,19
NP9900957,郑州市,①基本一样,0.923,1.0,13,12
NP9901052,淄博市,③都不一样,0.688,0.636,32,22
NP9901079,安阳市,①基本一样,0.909,0.7,22,20
NP9902255,海口市,①基本一样,0.882,1.0,17,15
NP9902323,北京市,②区块基本一样·星期几不一样,0.938,0.5,32,30
NP9902466,哈尔滨市,①基本一样,1.0,1.0,11,11
NP9902501,邯郸市,③都不一样,0.75,0.722,24,18
NP9902504,北京市,①基本一样,0.855,0.966,69,59
NP9902535,洛阳市,③都不一样,0.667,0.182,33,22
NP9902541,廊坊市,③都不一样,0.387,0.667,31,12
NP9902598,西宁市,①基本一样,1.0,1.0,1,1
NP9902616,绵阳市,②区块基本一样·星期几不一样,1.0,0.429,14,14
NP9902639,长春市,③都不一样,0.621,0.056,29,18
NP9902676,漳州市,①基本一样,0.889,0.792,27,24
NP9902730,中山市,①基本一样,0.97,0.969,33,32
NP9902802,漳州市,③都不一样,0.567,0.765,30,17
NP9902842,商丘市,②区块基本一样·星期几不一样,0.944,0.471,18,17
NP9902843,包头市,②区块基本一样·星期几不一样,0.846,0.636,13,11
NP9902851,福州市,①基本一样,0.917,1.0,12,11
NP9902885,济南市,①基本一样,0.906,0.966,32,29
NP9902897,潍坊市,③都不一样,0.739,0.382,46,34
NP9902925,哈尔滨市,①基本一样,1.0,0.958,24,24
NP9902930,天津市,①基本一样,0.92,0.87,25,23
NP9902950,130500,③都不一样,0.2,0.75,20,4
NP9902951,珠海市,①基本一样,0.935,0.966,31,29
NP9902957,吉林市,③都不一样,0.577,0.6,26,15
NP9902999,中山市,①基本一样,0.871,0.963,31,27
NP9903011,郑州市,①基本一样,0.889,1.0,18,16
NP9903059,长沙市,①基本一样,1.0,1.0,11,11
NP9903076,广州市,①基本一样,1.0,1.0,16,16
NP9903091,自贡市,②区块基本一样·星期几不一样,1.0,0.0,3,3
NP9903119,南充市,③都不一样,0.667,0.929,21,14
NP9903125,曲靖市,①基本一样,1.0,1.0,19,19
NP9903128,广州市,①基本一样,1.0,0.963,27,27
NP9903144,新乡市,③都不一样,0.561,0.609,41,23
NP9903168,武汉市,①基本一样,1.0,1.0,10,10
NP9903170,洛阳市,①基本一样,0.955,0.714,22,21
NP9903172,茂名市,①基本一样,1.0,1.0,36,36
NP9903205,兰州市,②区块基本一样·星期几不一样,1.0,0.4,10,10
NP9903257,银川市,①基本一样,0.909,0.8,11,10
NP9903262,无锡市,③都不一样,0.667,0.964,42,28
NP9903265,重庆市,①基本一样,0.917,0.909,12,11
NP9903298,370800,③都不一样,0.048,0.0,21,1
NP9903310,江门市,①基本一样,0.955,0.857,22,21
NP9903312,包头市,①基本一样,0.938,0.8,16,15
NP9903330,厦门市,①基本一样,1.0,1.0,14,14
NP9903363,武汉市,①基本一样,1.0,1.0,16,16
NP9903397,韶关市,③都不一样,0.6,0.067,25,15
NP9903405,烟台市,①基本一样,0.933,0.905,45,42
NP9903408,自贡市,②区块基本一样·星期几不一样,1.0,0.6,5,5
NP9903439,济南市,③都不一样,0.464,0.308,28,13
NP9903456,哈尔滨市,①基本一样,0.889,0.875,9,8
NP9903457,长春市,①基本一样,0.893,0.96,28,25
NP9903466,沈阳市,①基本一样,0.8,0.875,10,8
NP9903471,济南市,③都不一样,0.765,0.949,51,39
NP9903482,福州市,①基本一样,0.941,0.938,17,16
NP9903501,保定市,③都不一样,0.7,0.357,40,28
NP9903518,太原市,③都不一样,0.632,0.875,38,24
NP9903523,淄博市,③都不一样,0.6,0.667,15,9
NP9903526,贵阳市,①基本一样,0.9,1.0,10,9
NP9903528,,①基本一样,1.0,1.0,7,7
NP9903531,广州市,①基本一样,0.905,0.974,42,38
NP9903543,韶关市,③都不一样,0.6,0.167,20,12
NP9903544,昆明市,①基本一样,1.0,1.0,8,8
NP9903548,西安市,①基本一样,1.0,1.0,13,13
NP9903549,沈阳市,③都不一样,0.75,0.75,16,12
NP9903555,临沂市,③都不一样,0.577,0.6,52,30
NP9903569,广州市,①基本一样,0.912,0.968,34,31
NP9903584,达州市,①基本一样,1.0,1.0,9,9
NP9903585,西安市,①基本一样,0.929,0.923,14,13
NP9903602,广州市,①基本一样,1.0,0.978,45,45
NP9903604,重庆市,②区块基本一样·星期几不一样,1.0,0.25,8,8
NP9903607,衡阳市,①基本一样,1.0,0.812,16,16
NP9903613,韶关市,③都不一样,0.474,0.222,19,9
NP9903614,昆明市,②区块基本一样·星期几不一样,1.0,0.636,11,11
NP9903617,海口市,①基本一样,1.0,1.0,15,15
NP9903619,南昌市,①基本一样,0.963,0.923,27,26
NP9903624,重庆市,①基本一样,1.0,0.778,9,9
NP9903627,昆明市,②区块基本一样·星期几不一样,1.0,0.0,4,4
NP9903644,湛江市,①基本一样,1.0,1.0,10,10
NP9903655,玉林市,①基本一样,1.0,1.0,8,8
NP9903656,天津市,②区块基本一样·星期几不一样,0.889,0.438,18,16
NP9903659,长沙市,①基本一样,1.0,0.941,17,17
NP9903667,江门市,②区块基本一样·星期几不一样,0.9,0.111,20,18
NP9903671,南昌市,①基本一样,0.857,0.889,21,18
NP9903676,荆门市,①基本一样,0.955,0.81,22,21
NP9903677,贵阳市,①基本一样,0.933,1.0,15,14
NP9903678,达州市,①基本一样,1.0,0.8,5,5
NP9903679,乐山市,①基本一样,1.0,0.917,12,12
NP9903685,西安市,③都不一样,0.737,0.643,19,14
NP9903688,中山市,①基本一样,1.0,1.0,23,23
NP9903693,唐山市,②区块基本一样·星期几不一样,0.8,0.0,20,16
NP9903694,济南市,③都不一样,0.6,0.611,30,18
NP9903695,长沙市,①基本一样,1.0,1.0,27,27
NP9903703,福州市,①基本一样,1.0,1.0,21,21
NP9903706,长沙市,①基本一样,1.0,0.875,8,8
NP9903708,长沙市,②区块基本一样·星期几不一样,0.938,0.667,16,15
NP9903712,太原市,①基本一样,1.0,0.733,15,15
NP9903713,深圳市,①基本一样,1.0,1.0,8,8
NP9903715,佛山市,①基本一样,0.897,1.0,39,35
NP9903716,中山市,③都不一样,0.7,1.0,10,7
NP9903719,贵阳市,①基本一样,0.833,1.0,12,10
NP9903722,东莞市,①基本一样,0.926,1.0,27,25
NP9903730,广州市,①基本一样,0.903,0.964,31,28
NP9903735,重庆市,②区块基本一样·星期几不一样,1.0,0.5,6,6
NP9903739,宜昌市,②区块基本一样·星期几不一样,0.905,0.632,21,19
NP9903741,广州市,①基本一样,1.0,0.857,7,7
NP9903744,南宁市,③都不一样,0.794,1.0,34,27
NP9903750,福州市,①基本一样,1.0,1.0,10,10
NP9903755,东莞市,①基本一样,0.871,0.963,31,27
NP9903756,咸阳市,③都不一样,0.438,0.143,48,21
NP9903760,武汉市,①基本一样,0.895,0.882,19,17
NP9903764,重庆市,①基本一样,1.0,0.933,15,15
NP9903770,柳州市,①基本一样,1.0,0.833,6,6
NP9903771,重庆市,①基本一样,1.0,0.9,10,10
NP9903772,柳州市,②区块基本一样·星期几不一样,0.947,0.278,19,18
NP9903774,重庆市,②区块基本一样·星期几不一样,1.0,0.0,7,7
NP9903775,绵阳市,②区块基本一样·星期几不一样,0.824,0.571,17,14
NP9903776,莆田市,①基本一样,1.0,0.895,38,38
NP9903777,莆田市,①基本一样,1.0,0.929,14,14
NP9903780,昆明市,③都不一样,0.667,0.0,3,2
NP9903781,惠州市,①基本一样,0.913,1.0,23,21
NP9903783,深圳市,①基本一样,1.0,1.0,12,12
NP9903787,昆明市,③都不一样,0.583,1.0,12,7
np0008812,长沙市,①基本一样,1.0,1.0,3,3
np9903059,长沙市,①基本一样,1.0,1.0,1,1
