line,plan_rows,plan_stores,act_rows,act_stores,cover,purity,wd_match,sameday,phase,qty,note,kind
000338545,235,211.0,233,199.0,0.91,0.9648,0.91,0.8894,0.91,0.991,,照做型
000339039,253,230.0,272,238.0,0.9609,0.9286,0.9565,0.9605,0.9565,1.075,,照做型
000340007,261,234.0,257,228.0,0.9487,0.9737,0.9487,0.9425,0.9487,0.985,,照做型
000340101,183,179.0,206,198.0,0.8883,0.803,0.8883,0.8852,0.8827,1.126,,漂移/混合
000340501,312,258.0,259,216.0,0.7326,0.875,0.7171,0.6923,0.7326,0.83,,漂移/混合
000340591,176,153.0,264,221.0,1.0,0.6923,1.0,1.0,1.0,1.5,,照做型
000341803,121,107.0,229,215.0,0.8505,0.4233,0.8,0.8099,0.8505,1.893,,漂移/混合
000341860,260,212.0,222,184.0,0.8538,0.9837,0.7736,0.7269,0.7972,0.854,,少跑但没跑偏
000343720,44,44.0,219,205.0,1.0,0.2146,1.0,1.0,1.0,4.977,,照做型
000343775,171,168.0,192,184.0,0.8333,0.7609,0.8294,0.8246,0.8274,1.123,,漂移/混合
000412000,244,205.0,171,166.0,0.5756,0.7108,0.4878,0.3934,0.5122,0.701,,漂移/混合
000423268,112,109.0,265,218.0,0.9725,0.4862,0.9266,0.9196,0.9541,2.366,,照做型
000425319,174,152.0,244,207.0,0.9539,0.7005,0.9539,0.9598,0.9539,1.402,,照做型
000444100,231,210.0,169,158.0,0.581,0.7722,0.4286,0.3766,0.5095,0.732,,漂移/混合
000448996,74,63.0,199,178.0,1.0,0.3539,1.0,0.9595,1.0,2.689,,照做型
000474825,248,220.0,281,248.0,0.8955,0.7944,0.8955,0.9032,0.8909,1.133,,漂移/混合
000478015,228,219.0,192,189.0,0.4612,0.5344,0.2466,0.1404,0.2922,0.842,,漂移/混合
000479151,236,214.0,262,237.0,0.9953,0.8987,0.9953,0.9958,0.9953,1.11,,照做型
000495972,245,229.0,171,171.0,0.6288,0.8421,0.4891,0.4327,0.5459,0.698,,漂移/混合
000504766,285,255.0,208,187.0,0.4784,0.6524,0.2706,0.2175,0.3725,0.73,,漂移/混合
000532987,193,178.0,230,195.0,0.9775,0.8923,0.9775,0.9793,0.9775,1.192,,照做型
000544784,256,221.0,248,231.0,0.5611,0.5368,0.4163,0.3008,0.4615,0.969,,漂移/混合
000545650,265,242.0,194,187.0,0.4835,0.6257,0.124,0.0377,0.219,0.732,,漂移/混合
000601353,242,223.0,271,238.0,0.9507,0.8908,0.9507,0.9545,0.9507,1.12,,照做型
000601363,207,197.0,136,136.0,0.665,0.9632,0.1066,0.0097,0.3198,0.657,,少跑但没跑偏
000604272,164,149.0,199,190.0,0.3893,0.3053,0.255,0.2317,0.3289,1.213,,漂移/混合
000608772,167,143.0,215,187.0,0.6923,0.5294,0.6352,0.6407,0.6853,1.287,,漂移/混合
000611030,67,67.0,271,231.0,0.8507,0.2468,0.8507,0.8507,0.8507,4.045,,漂移/混合
000621190,266,218.0,231,227.0,0.445,0.4273,0.1938,0.1466,0.2752,0.868,,漂移/混合
000643531,263,238.0,233,221.0,0.3908,0.4208,0.1176,0.0304,0.1723,0.886,,漂移/混合
000644322,238,217.0,281,259.0,0.8756,0.7336,0.8664,0.8571,0.871,1.181,,漂移/混合
000644405,228,204.0,178,175.0,0.8186,0.9543,0.7014,0.636,0.7157,0.781,,少跑但没跑偏
000645986,229,229.0,200,192.0,0.262,0.3125,0.1572,0.1485,0.2052,0.873,,漂移/混合
000648339,269,244.0,192,186.0,0.4139,0.543,0.2787,0.2454,0.3361,0.714,,漂移/混合
000649981,152,148.0,232,208.0,0.8851,0.6298,0.8792,0.8816,0.8851,1.526,,漂移/混合
000650808,52,52.0,253,220.0,0.9231,0.2182,0.9231,0.9231,0.9231,4.865,,照做型
000651389,222,196.0,184,180.0,0.6684,0.7278,0.6378,0.5586,0.5969,0.829,,漂移/混合
000652136,213,196.0,238,217.0,0.9235,0.8341,0.9235,0.9249,0.9235,1.117,,照做型
000653294,24,24.0,270,227.0,1.0,0.1057,1.0,1.0,1.0,11.25,,照做型
000656726,239,239.0,141,140.0,0.3222,0.55,0.1548,0.1381,0.2469,0.59,,漂移/混合
000657892,190,176.0,262,230.0,0.8125,0.6217,0.7727,0.7789,0.7955,1.379,,漂移/混合
000658193,110,104.0,282,244.0,0.9904,0.4221,0.9904,0.9909,0.9904,2.564,,照做型
000658550,16,16.0,197,180.0,1.0,0.0889,1.0,1.0,1.0,12.312,,照做型
000661437,178,171.0,402,312.0,0.9649,0.5288,0.9532,0.9494,0.9532,2.258,,照做型
000663253,87,85.0,248,242.0,0.8588,0.3017,0.8588,0.8621,0.8588,2.851,,漂移/混合
000664988,263,229.0,31,30.0,0.083,0.6333,0.0236,0.019,0.0218,0.118,,漂移/混合
000665947,37,37.0,8,8.0,0.2162,1.0,0.0811,0.0541,0.1351,0.216,,少跑但没跑偏
000666131,257,240.0,267,242.0,0.9708,0.9628,0.9708,0.9728,0.9708,1.039,,照做型
000667049,239,221.0,170,146.0,0.5204,0.7877,0.2172,0.1423,0.2851,0.711,,漂移/混合
000667325,256,239.0,151,138.0,0.3431,0.5942,0.1757,0.1055,0.2552,0.59,,漂移/混合
000669395,44,42.0,313,214.0,0.881,0.1729,0.881,0.8864,0.881,7.114,,漂移/混合
000669401,33,33.0,279,223.0,0.9091,0.1345,0.9091,0.9091,0.9091,8.455,,照做型
000672773,211,186.0,232,215.0,0.6667,0.5767,0.6058,0.5972,0.6452,1.1,,漂移/混合
000675049,197,188.0,234,208.0,0.6596,0.5962,0.6508,0.6447,0.6543,1.188,,漂移/混合
000676068,98,93.0,60,54.0,0.0538,0.0926,0.0105,0.0,0.0108,0.612,,漂移/混合
000676593,11,11.0,259,238.0,1.0,0.0462,0.7273,0.5455,0.7273,23.545,,地块同步·星期偏移
000676638,172,172.0,283,221.0,0.657,0.5113,0.5,0.4884,0.6279,1.645,,漂移/混合
000677137,188,179.0,145,139.0,0.5196,0.6691,0.4358,0.3936,0.4637,0.771,,漂移/混合
000677953,276,234.0,226,205.0,0.6197,0.7073,0.4658,0.3841,0.5171,0.819,,漂移/混合
000683993,258,232.0,218,201.0,0.5517,0.6368,0.2328,0.186,0.3707,0.845,,漂移/混合
000685128,167,151.0,230,195.0,0.8874,0.6872,0.8882,0.8982,0.8874,1.377,,漂移/混合
000685195,247,247.0,227,221.0,0.7571,0.8462,0.4858,0.4696,0.587,0.919,,漂移/混合
000685565,242,227.0,252,232.0,0.9427,0.9224,0.9386,0.9421,0.9427,1.041,,照做型
000685659,207,190.0,252,216.0,0.8421,0.7407,0.8377,0.8502,0.8368,1.217,,漂移/混合
000685664,234,224.0,214,200.0,0.8438,0.945,0.8438,0.8462,0.8438,0.915,,少跑但没跑偏
000685767,234,211.0,232,208.0,0.8815,0.8942,0.8578,0.8291,0.872,0.991,,漂移/混合
000695113,244,223.0,250,222.0,0.9327,0.9369,0.9193,0.877,0.8969,1.025,,照做型
000695117,9,7.0,245,232.0,0.7143,0.0216,0.7143,0.5556,0.7143,27.222,,漂移/混合
000698771,262,241.0,259,227.0,0.8672,0.9207,0.8672,0.8779,0.8672,0.989,,少跑但没跑偏
000699200,252,236.0,253,233.0,0.9492,0.9614,0.9492,0.9524,0.9492,1.004,,照做型
000699805,231,208.0,298,244.0,0.9952,0.8484,0.9952,0.987,0.9856,1.29,,照做型
000699979,252,235.0,256,238.0,1.0,0.9874,1.0,1.0,1.0,1.016,,照做型
000700020,253,228.0,263,238.0,0.9956,0.9538,0.9956,0.996,0.9956,1.04,,照做型
000701809,277,244.0,230,219.0,0.5246,0.5845,0.373,0.3105,0.4262,0.83,,漂移/混合
000702280,51,50.0,257,223.0,1.0,0.2242,1.0,1.0,1.0,5.039,,照做型
000702358,236,225.0,217,205.0,0.9022,0.9902,0.9022,0.9068,0.9022,0.919,,照做型
000703627,108,107.0,288,273.0,0.9065,0.3553,0.8981,0.8889,0.9065,2.667,,照做型
000705502,71,59.0,188,144.0,1.0,0.4097,1.0,1.0,1.0,2.648,,照做型
000706671,232,208.0,267,237.0,0.7596,0.6667,0.7115,0.6509,0.7452,1.151,,漂移/混合
000707336,101,101.0,279,248.0,0.8317,0.3387,0.4455,0.396,0.7129,2.762,,漂移/混合
000707342,172,172.0,84,77.0,0.3314,0.7403,0.2907,0.2733,0.3081,0.488,,漂移/混合
000709902,255,226.0,245,218.0,0.8009,0.8303,0.7832,0.7529,0.792,0.961,,漂移/混合
000710328,13,13.0,182,162.0,1.0,0.0802,1.0,1.0,1.0,14.0,,照做型
000711323,145,136.0,256,228.0,1.0,0.5965,1.0,1.0,1.0,1.766,,照做型
000711850,298,276.0,303,271.0,0.8261,0.8413,0.8261,0.8389,0.8261,1.017,,漂移/混合
000712217,159,153.0,184,176.0,0.9804,0.8523,0.9808,0.9623,0.9804,1.157,,照做型
000712433,112,110.0,153,144.0,0.4727,0.3611,0.4,0.3839,0.4182,1.366,,漂移/混合
000712516,181,161.0,280,260.0,0.3168,0.1962,0.0621,0.0221,0.1863,1.547,,漂移/混合
000712606,233,199.0,218,185.0,0.804,0.8649,0.7889,0.7425,0.7789,0.936,,漂移/混合
000712608,248,218.0,197,177.0,0.4679,0.5763,0.4444,0.4073,0.4495,0.794,,漂移/混合
000712667,227,209.0,261,238.0,1.0,0.8782,1.0,1.0,1.0,1.15,,照做型
000714057,168,167.0,179,168.0,0.7485,0.744,0.6527,0.6369,0.6527,1.065,,漂移/混合
000714395,206,200.0,286,267.0,0.955,0.7154,0.955,0.9563,0.955,1.388,,照做型
000714922,99,96.0,302,258.0,0.8958,0.3333,0.8958,0.899,0.8958,3.051,,漂移/混合
000716325,228,195.0,133,122.0,0.5949,0.9508,0.5525,0.5526,0.5692,0.583,,少跑但没跑偏
000716327,211,189.0,252,218.0,0.9312,0.8073,0.9312,0.9384,0.9312,1.194,,照做型
000718160,11,11.0,339,286.0,1.0,0.0385,0.6364,0.5455,0.5455,30.818,,地块同步·星期偏移
000721070,263,242.0,363,320.0,0.9215,0.6969,0.9132,0.8935,0.9091,1.38,,照做型
000724728,237,191.0,208,160.0,0.6021,0.7188,0.4764,0.4262,0.4974,0.878,,漂移/混合
000725968,274,257.0,242,225.0,0.8482,0.9689,0.8482,0.8577,0.8482,0.883,,少跑但没跑偏
000732776,256,203.0,179,168.0,0.5074,0.6131,0.3399,0.2812,0.4039,0.699,,漂移/混合
000733133,265,242.0,200,184.0,0.5579,0.7337,0.3719,0.3019,0.4504,0.755,,漂移/混合
000733235,252,248.0,241,222.0,0.8105,0.9054,0.754,0.754,0.7903,0.956,,少跑但没跑偏
000734397,17,17.0,279,242.0,1.0,0.0702,1.0,1.0,1.0,16.412,,照做型
000734621,191,177.0,276,238.0,0.9718,0.7227,0.9719,0.9738,0.9718,1.445,,照做型
000741130,285,265.0,272,244.0,0.8604,0.9344,0.8604,0.8702,0.8604,0.954,,少跑但没跑偏
000741226,266,234.0,252,236.0,0.4145,0.411,0.1667,0.1203,0.2436,0.947,,漂移/混合
000765513,124,122.0,240,217.0,0.8852,0.4977,0.8852,0.8871,0.8852,1.935,,漂移/混合
000767735,257,213.0,187,182.0,0.4366,0.511,0.338,0.2607,0.3568,0.728,,漂移/混合
000770730,224,209.0,265,224.0,0.9378,0.875,0.9378,0.9375,0.9378,1.183,,照做型
000771486,268,241.0,246,220.0,0.8797,0.9636,0.8797,0.8881,0.8797,0.918,,少跑但没跑偏
000771641,255,238.0,294,242.0,0.9538,0.938,0.9538,0.9569,0.9538,1.153,,照做型
000771816,144,135.0,242,215.0,0.9852,0.6186,0.9852,0.9861,0.9852,1.681,,照做型
000772089,253,234.0,249,230.0,0.9444,0.9609,0.9444,0.9447,0.9444,0.984,,照做型
000772527,264,234.0,246,214.0,0.8803,0.9626,0.8809,0.8636,0.8761,0.932,,少跑但没跑偏
000772623,158,144.0,225,212.0,0.7917,0.5377,0.6042,0.5506,0.6319,1.424,,漂移/混合
000772790,146,141.0,239,213.0,0.9858,0.6526,0.9858,0.9863,0.9858,1.637,,照做型
000772796,70,63.0,172,140.0,0.9048,0.4071,0.9048,0.9143,0.9048,2.457,,照做型
000773393,229,219.0,175,165.0,0.6941,0.9212,0.6575,0.6376,0.6621,0.764,,少跑但没跑偏
000774113,274,254.0,232,218.0,0.7992,0.9312,0.7953,0.7591,0.7874,0.847,,少跑但没跑偏
000782263,145,143.0,242,223.0,0.951,0.6099,0.951,0.9517,0.951,1.669,,照做型
000782275,50,50.0,250,228.0,0.96,0.2105,0.96,0.96,0.96,5.0,,照做型
000782642,264,246.0,277,243.0,0.8537,0.8642,0.8537,0.8636,0.8537,1.049,,漂移/混合
000787397,221,216.0,116,114.0,0.4352,0.8246,0.3519,0.3303,0.4028,0.525,,漂移/混合
000795399,272,254.0,236,223.0,0.2441,0.278,0.0669,0.0184,0.1063,0.868,,漂移/混合
000796635,253,219.0,244,210.0,0.6301,0.6571,0.5251,0.4822,0.5479,0.964,,漂移/混合
000798424,240,221.0,260,227.0,0.9005,0.8767,0.9005,0.9042,0.8959,1.083,,照做型
000799013,16,16.0,270,231.0,0.75,0.0519,0.125,0.125,0.5,16.875,,漂移/混合
000811058,233,212.0,230,200.0,0.8302,0.88,0.8113,0.824,0.816,0.987,,漂移/混合
000811371,126,121.0,280,254.0,0.9587,0.4567,0.9587,0.9603,0.9587,2.222,,照做型
000825758,155,149.0,151,147.0,0.5369,0.5442,0.2662,0.2645,0.4228,0.974,,漂移/混合
000825796,258,250.0,207,191.0,0.748,0.9791,0.748,0.7442,0.748,0.802,,少跑但没跑偏
000826064,152,139.0,223,181.0,0.6906,0.5304,0.3597,0.3092,0.5468,1.467,,漂移/混合
000826911,50,50.0,233,203.0,0.88,0.2167,0.86,0.86,0.88,4.66,,漂移/混合
000829112,52,49.0,277,212.0,0.8367,0.1934,0.8367,0.8462,0.8367,5.327,,漂移/混合
000837348,148,133.0,199,165.0,0.9774,0.7879,0.9795,0.9797,0.9774,1.345,,照做型
000838047,250,225.0,227,222.0,0.48,0.4865,0.3111,0.236,0.3556,0.908,,漂移/混合
000838882,46,46.0,309,291.0,0.9565,0.1512,0.9565,0.9565,0.9565,6.717,,照做型
000840245,287,265.0,253,209.0,0.6792,0.8612,0.6679,0.6376,0.6755,0.882,,漂移/混合
000843187,133,133.0,26,26.0,0.0,0.0,0.0,0.0,0.0,0.195,,漂移/混合
000844662,26,26.0,259,218.0,0.7308,0.0872,0.7308,0.7308,0.7308,9.962,,漂移/混合
000845240,176,158.0,283,267.0,0.6139,0.3633,0.0296,0.0057,0.3228,1.608,,漂移/混合
000845597,220,211.0,259,228.0,0.9763,0.9035,0.9763,0.9773,0.9763,1.177,,照做型
000846281,113,108.0,151,149.0,0.6389,0.4631,0.5556,0.5221,0.6019,1.336,,漂移/混合
000847598,225,197.0,211,181.0,0.5076,0.5525,0.4112,0.3511,0.4518,0.938,,漂移/混合
000847739,267,244.0,215,202.0,0.7459,0.901,0.6393,0.588,0.7377,0.805,,少跑但没跑偏
000851279,235,209.0,237,234.0,0.3923,0.3504,0.2297,0.2,0.3206,1.009,,漂移/混合
000851281,171,160.0,256,221.0,1.0,0.724,1.0,1.0,1.0,1.497,,照做型
000851283,19,19.0,242,196.0,1.0,0.0969,1.0,1.0,1.0,12.737,,照做型
000851322,66,65.0,249,228.0,1.0,0.2851,1.0,1.0,1.0,3.773,,照做型
000851717,167,141.0,248,181.0,0.922,0.7182,0.8896,0.8862,0.8936,1.485,,照做型
000851729,213,208.0,349,306.0,0.9135,0.6209,0.9135,0.9155,0.9135,1.638,,照做型
000851730,288,252.0,197,166.0,0.4722,0.7169,0.4021,0.3854,0.4206,0.684,,漂移/混合
000851773,256,235.0,277,243.0,0.9702,0.9383,0.9702,0.9727,0.9702,1.082,,照做型
000852009,97,95.0,348,278.0,0.9158,0.3129,0.9158,0.9175,0.9158,3.588,,照做型
000852603,148,139.0,337,291.0,0.9137,0.4364,0.9137,0.9189,0.9137,2.277,,照做型
000855033,220,210.0,173,151.0,0.6619,0.9205,0.6619,0.6636,0.6619,0.786,,少跑但没跑偏
000855364,240,220.0,148,142.0,0.5682,0.8803,0.5136,0.4708,0.5273,0.617,,漂移/混合
000855388,274,251.0,269,236.0,0.9124,0.9703,0.9124,0.9197,0.9124,0.982,,照做型
000855395,58,56.0,242,211.0,0.9286,0.2464,0.931,0.931,0.9286,4.172,,照做型
000855576,119,110.0,229,196.0,0.8818,0.4949,0.8522,0.8067,0.8455,1.924,,漂移/混合
000855577,276,247.0,199,186.0,0.5911,0.7849,0.332,0.2899,0.4534,0.721,,漂移/混合
000855578,244,244.0,145,129.0,0.4467,0.845,0.418,0.4098,0.4262,0.594,,漂移/混合
000855582,262,238.0,134,129.0,0.3361,0.6202,0.2597,0.2252,0.2731,0.511,,漂移/混合
000856001,263,197.0,199,178.0,0.5279,0.5843,0.3096,0.1521,0.3452,0.757,,漂移/混合
000856514,70,68.0,259,211.0,1.0,0.3223,1.0,1.0,1.0,3.7,,照做型
000857154,56,47.0,165,127.0,1.0,0.3701,1.0,1.0,1.0,2.946,,照做型
000859299,77,76.0,270,198.0,1.0,0.3838,1.0,1.0,1.0,3.506,,照做型
000859505,202,193.0,236,230.0,0.4352,0.3652,0.2073,0.1287,0.3057,1.168,,漂移/混合
000859827,148,126.0,249,188.0,0.8651,0.5798,0.3175,0.1554,0.4683,1.682,,漂移/混合
000859839,46,45.0,260,233.0,0.8444,0.1631,0.8222,0.8043,0.8444,5.652,,漂移/混合
000859841,217,197.0,231,201.0,0.9188,0.9005,0.92,0.9263,0.9188,1.065,,照做型
000860516,185,185.0,183,165.0,0.5243,0.5879,0.2108,0.1135,0.2865,0.989,,漂移/混合
000860562,52,52.0,273,235.0,0.5192,0.1149,0.1923,0.1154,0.2885,5.25,,漂移/混合
000860828,168,158.0,222,204.0,0.9557,0.7402,0.9563,0.9583,0.9557,1.321,,照做型
000862367,251,234.0,157,152.0,0.3974,0.6118,0.3504,0.3227,0.3632,0.625,,漂移/混合
000862716,275,233.0,308,265.0,0.5579,0.4906,0.4249,0.3673,0.485,1.12,,漂移/混合
000863973,67,67.0,216,165.0,0.9851,0.4,0.9851,0.9851,0.9851,3.224,,照做型
000864355,287,265.0,280,238.0,0.7887,0.8782,0.7698,0.7561,0.7623,0.976,,漂移/混合
000865348,272,252.0,221,200.0,0.5278,0.665,0.373,0.3162,0.4206,0.812,,漂移/混合
000865709,265,237.0,273,239.0,0.9409,0.9331,0.9409,0.9472,0.9409,1.03,,照做型
000865960,175,175.0,271,245.0,0.8914,0.6367,0.8914,0.8914,0.8914,1.549,,漂移/混合
000866035,11,11.0,267,221.0,1.0,0.0498,1.0,1.0,1.0,24.273,,照做型
000866096,60,60.0,176,169.0,0.6,0.213,0.6,0.6,0.6,2.933,,漂移/混合
000866110,269,253.0,148,133.0,0.3597,0.6842,0.3202,0.2974,0.3241,0.55,,漂移/混合
000866115,252,234.0,364,330.0,0.8889,0.6303,0.8846,0.8532,0.8803,1.444,,漂移/混合
000866118,249,225.0,199,175.0,0.3644,0.4686,0.1398,0.1124,0.2622,0.799,,漂移/混合
000866857,210,158.0,165,124.0,0.2532,0.3226,0.142,0.0952,0.1519,0.786,,漂移/混合
000866984,203,192.0,237,218.0,0.8073,0.711,0.8073,0.803,0.8073,1.167,,漂移/混合
000867936,232,219.0,252,223.0,0.8767,0.861,0.8676,0.8707,0.8721,1.086,,漂移/混合
000874142,65,63.0,247,189.0,0.7302,0.2434,0.7344,0.7385,0.7302,3.8,,漂移/混合
000874284,266,265.0,307,265.0,0.883,0.883,0.883,0.8835,0.883,1.154,,漂移/混合
000874293,125,105.0,229,127.0,0.9238,0.7638,0.9259,0.936,0.9238,1.832,,照做型
000874295,269,262.0,316,244.0,0.7137,0.7664,0.7023,0.6989,0.6985,1.175,,漂移/混合
000874299,265,241.0,187,182.0,0.5021,0.6648,0.4481,0.3887,0.4606,0.706,,漂移/混合
000874372,43,42.0,173,123.0,0.6429,0.2195,0.5,0.5116,0.5476,4.023,,漂移/混合
000874584,200,179.0,248,186.0,0.8324,0.8011,0.8324,0.85,0.8324,1.24,,漂移/混合
000874807,227,195.0,179,151.0,0.6821,0.8808,0.673,0.6872,0.6821,0.789,,漂移/混合
000874881,27,27.0,270,227.0,0.8889,0.1057,0.8889,0.8889,0.8889,10.0,,漂移/混合
000874956,186,185.0,231,191.0,0.3459,0.3351,0.173,0.1559,0.2757,1.242,,漂移/混合
000874960,78,77.0,227,113.0,0.7273,0.4956,0.5714,0.4487,0.6494,2.91,,漂移/混合
000875125,235,215.0,341,252.0,0.9302,0.7937,0.9302,0.9234,0.9256,1.451,,照做型
000875131,53,53.0,147,134.0,0.8113,0.3209,0.8113,0.8113,0.8113,2.774,,漂移/混合
000875858,100,100.0,219,168.0,0.49,0.2917,0.46,0.45,0.48,2.19,,漂移/混合
DS0001426,91,91.0,36,33.0,0.2747,0.7576,0.0549,0.011,0.1429,0.396,,漂移/混合
DS0001773,204,204.0,168,163.0,0.7647,0.9571,0.6275,0.5833,0.7647,0.824,,少跑但没跑偏
DS0001866,227,206.0,257,229.0,0.7767,0.6987,0.7273,0.7137,0.7282,1.132,,漂移/混合
NP0008185,16,16.0,241,185.0,1.0,0.0865,1.0,1.0,1.0,15.062,,照做型
NP0008447,209,194.0,264,235.0,0.9639,0.7957,0.9665,0.9665,0.9639,1.263,,照做型
NP0008452,86,80.0,249,233.0,0.9,0.309,0.9,0.907,0.9,2.895,,照做型
NP0008680,255,231.0,234,220.0,0.4026,0.4227,0.0346,0.0157,0.2338,0.918,,漂移/混合
NP0008682,150,134.0,170,166.0,0.3657,0.2952,0.2517,0.2267,0.3134,1.133,,漂移/混合
NP0008722,268,233.0,177,159.0,0.3691,0.5409,0.2489,0.194,0.3262,0.66,,漂移/混合
NP0008812,212,194.0,244,212.0,1.0,0.9151,1.0,1.0,1.0,1.151,,照做型
NP0008855,144,130.0,252,220.0,1.0,0.5909,1.0,1.0,1.0,1.75,,照做型
NP0008869,47,46.0,261,236.0,0.9348,0.1822,0.9362,0.9362,0.9348,5.553,,照做型
NP0008904,209,193.0,339,291.0,0.8912,0.5911,0.8808,0.8756,0.8808,1.622,,漂移/混合
NP0008997,211,198.0,254,230.0,0.9747,0.8391,0.9749,0.9763,0.9747,1.204,,照做型
NP0009078,11,11.0,241,204.0,0.8182,0.0441,0.7273,0.7273,0.7273,21.909,,漂移/混合
NP0009098,115,103.0,229,154.0,0.9806,0.6558,0.9806,0.9739,0.9806,1.991,,照做型
NP0009123,166,148.0,282,242.0,0.9054,0.5537,0.6081,0.5542,0.8243,1.699,,地块同步·星期偏移
NP0009132,263,223.0,300,212.0,0.5561,0.5849,0.287,0.2586,0.3901,1.141,,漂移/混合
NP0009135,234,213.0,242,200.0,0.8075,0.86,0.821,0.8205,0.8075,1.034,,漂移/混合
NP0009147,230,217.0,261,227.0,0.765,0.7313,0.765,0.7652,0.765,1.135,,漂移/混合
NP0009223,194,194.0,226,225.0,0.9536,0.8222,0.866,0.8247,0.8402,1.165,,照做型
NP0009295,234,208.0,191,172.0,0.8221,0.9942,0.8235,0.7906,0.8173,0.816,,少跑但没跑偏
NP0009377,71,67.0,91,82.0,0.4179,0.3415,0.2676,0.2254,0.3134,1.282,,漂移/混合
NP0009432,274,252.0,251,228.0,0.8968,0.9912,0.8968,0.9051,0.8968,0.916,,少跑但没跑偏
NP0009462,67,67.0,312,259.0,0.8955,0.2317,0.8955,0.8955,0.8955,4.657,,漂移/混合
NP0009527,189,163.0,215,184.0,0.9755,0.8641,0.9755,0.9788,0.9755,1.138,,照做型
NP0009568,274,253.0,223,206.0,0.5099,0.6262,0.1542,0.1022,0.3123,0.814,,漂移/混合
NP0009581,37,36.0,280,206.0,1.0,0.1748,1.0,1.0,1.0,7.568,,照做型
NP0009660,251,231.0,257,233.0,0.9827,0.9742,0.9827,0.9841,0.9827,1.024,,照做型
NP0009668,252,232.0,197,179.0,0.6767,0.8771,0.6595,0.6151,0.6638,0.782,,漂移/混合
NP0009672,129,127.0,201,184.0,0.7165,0.4946,0.6614,0.6434,0.7087,1.558,,漂移/混合
NP0009743,204,204.0,232,193.0,0.7059,0.7461,0.5294,0.5196,0.6225,1.137,,漂移/混合
NP0009778,242,224.0,280,242.0,0.9286,0.8595,0.9289,0.9339,0.9286,1.157,,照做型
NP0009832,246,226.0,249,229.0,0.9558,0.9432,0.9558,0.9472,0.9469,1.012,,照做型
NP0009925,213,193.0,267,223.0,0.9637,0.8341,0.9637,0.9671,0.9637,1.254,,照做型
NP0009959,175,175.0,196,187.0,0.4686,0.4385,0.4286,0.4,0.4171,1.12,,漂移/混合
NP0010006,47,47.0,137,118.0,0.5745,0.2288,0.2128,0.1489,0.4043,2.915,,漂移/混合
NP0010020,299,271.0,236,205.0,0.7269,0.961,0.7196,0.7057,0.7196,0.789,,少跑但没跑偏
NP0010026,285,265.0,255,231.0,0.8679,0.9957,0.8679,0.8772,0.8679,0.895,,少跑但没跑偏
NP0010054,113,109.0,242,182.0,0.8165,0.489,0.8165,0.823,0.8165,2.142,,漂移/混合
NP0010076,160,132.0,222,115.0,0.4621,0.5304,0.3333,0.325,0.3864,1.387,,漂移/混合
NP0010123,262,241.0,238,216.0,0.8714,0.9722,0.8714,0.8817,0.8714,0.908,,少跑但没跑偏
NP0010161,179,158.0,242,192.0,0.9241,0.7604,0.9318,0.933,0.9241,1.352,,照做型
NP0010177,203,189.0,233,186.0,0.8889,0.9032,0.8889,0.8867,0.8836,1.148,,少跑但没跑偏
NP0010210,223,223.0,163,155.0,0.4798,0.6903,0.3049,0.2735,0.3767,0.731,,漂移/混合
NP0010233,204,172.0,406,317.0,0.7267,0.3943,0.5722,0.5343,0.6337,1.99,,漂移/混合
NP0010236,126,108.0,161,141.0,0.463,0.3546,0.2735,0.2302,0.3981,1.278,,漂移/混合
NP0010249,152,142.0,266,212.0,0.8451,0.566,0.8451,0.8421,0.831,1.75,,漂移/混合
NP0010283,221,199.0,240,210.0,0.9899,0.9381,0.9858,0.9864,0.9899,1.086,,照做型
NP0010285,104,101.0,273,223.0,0.8515,0.3857,0.8515,0.8558,0.8515,2.625,,漂移/混合
NP0010307,131,104.0,144,113.0,0.4423,0.4071,0.2598,0.2214,0.3462,1.099,,漂移/混合
NP0010323,155,145.0,262,210.0,1.0,0.6905,1.0,1.0,1.0,1.69,,照做型
NP0010380,244,244.0,71,71.0,0.2828,0.9718,0.2664,0.2664,0.2705,0.291,,少跑但没跑偏
NP0010444,272,252.0,256,218.0,0.8333,0.9633,0.8333,0.8456,0.8333,0.941,,少跑但没跑偏
NP0010481,216,196.0,202,183.0,0.898,0.9617,0.898,0.8565,0.8622,0.935,,少跑但没跑偏
NP0010485,36,36.0,85,83.0,0.1389,0.0602,0.1111,0.1111,0.1389,2.361,,漂移/混合
NP0010486,36,36.0,107,106.0,0.3333,0.1132,0.1111,0.0,0.2222,2.972,,漂移/混合
NP0010498,239,221.0,284,256.0,0.9955,0.8594,0.9955,0.9958,0.9955,1.188,,照做型
NP0010660,212,197.0,254,217.0,0.8934,0.8111,0.8934,0.9009,0.8934,1.198,,漂移/混合
NP0010665,222,203.0,254,213.0,0.931,0.8873,0.931,0.9369,0.931,1.144,,照做型
NP0010670,251,227.0,277,234.0,0.8987,0.8718,0.8987,0.9044,0.8987,1.104,,漂移/混合
NP0010674,178,172.0,221,210.0,0.7151,0.5857,0.6453,0.5843,0.6105,1.242,,漂移/混合
NP0010683,107,107.0,268,231.0,0.8318,0.3853,0.8318,0.8318,0.8318,2.505,,漂移/混合
NP0010688,23,23.0,248,163.0,1.0,0.1411,1.0,1.0,1.0,10.783,,照做型
NP0010748,142,128.0,213,134.0,0.8984,0.8582,0.903,0.9014,0.8984,1.5,,漂移/混合
NP0010807,212,191.0,253,221.0,1.0,0.8643,1.0,1.0,1.0,1.193,,照做型
NP0010842,17,17.0,262,223.0,1.0,0.0762,1.0,1.0,1.0,15.412,,照做型
NP0010891,183,167.0,162,139.0,0.6886,0.8273,0.6707,0.6557,0.6527,0.885,,漂移/混合
NP0010900,281,266.0,279,208.0,0.5639,0.7212,0.5414,0.5409,0.5526,0.993,,漂移/混合
NP0010920,70,69.0,241,219.0,1.0,0.3151,1.0,1.0,1.0,3.443,,照做型
NP0010987,83,83.0,131,102.0,0.2771,0.2255,0.1325,0.1084,0.2289,1.578,,漂移/混合
NP0010989,93,93.0,106,74.0,0.3441,0.4324,0.2043,0.172,0.2473,1.14,,漂移/混合
NP0010995,46,45.0,162,123.0,0.4667,0.1707,0.4348,0.2826,0.4667,3.522,,漂移/混合
NP0011002,125,105.0,304,229.0,0.4571,0.2096,0.2857,0.168,0.2571,2.432,,漂移/混合
NP0011031,136,126.0,263,213.0,1.0,0.5915,1.0,0.9926,1.0,1.934,,照做型
NP0011048,245,245.0,239,230.0,0.7061,0.7522,0.6449,0.6449,0.6857,0.976,,漂移/混合
NP0011053,169,169.0,178,175.0,0.574,0.5543,0.3787,0.3491,0.497,1.053,,漂移/混合
NP0011086,268,268.0,146,123.0,0.291,0.6341,0.2388,0.2276,0.2649,0.545,,漂移/混合
NP0011095,147,136.0,246,211.0,0.7574,0.4882,0.75,0.7347,0.7353,1.673,,漂移/混合
NP0011110,214,196.0,336,285.0,0.9388,0.6456,0.9388,0.9393,0.9337,1.57,,照做型
NP0011136,216,212.0,248,226.0,0.9198,0.8628,0.8889,0.8889,0.9104,1.148,,照做型
NP0011145,235,235.0,89,86.0,0.1787,0.4884,0.0383,0.0298,0.0979,0.379,,漂移/混合
NP0011152,215,194.0,192,167.0,0.4794,0.5569,0.4381,0.3907,0.4278,0.893,,漂移/混合
NP0011171,201,181.0,242,184.0,0.663,0.6522,0.663,0.6965,0.663,1.204,,漂移/混合
NP0011193,243,235.0,137,137.0,0.5702,0.9781,0.5537,0.5514,0.5702,0.564,,少跑但没跑偏
NP0011290,36,36.0,47,46.0,0.5556,0.4348,0.0278,0.0,0.3333,1.306,,漂移/混合
NP0011299,66,65.0,3,3.0,0.0,0.0,0.0,0.0,0.0,0.045,,漂移/混合
NP0011348,248,231.0,273,229.0,0.8745,0.8821,0.8745,0.8831,0.8745,1.101,,漂移/混合
NP0011350,278,265.0,159,148.0,0.3396,0.6081,0.2528,0.2338,0.283,0.572,,漂移/混合
NP0011376,13,13.0,290,183.0,0.9231,0.0656,0.9231,0.9231,0.9231,22.308,,照做型
NP0011405,284,284.0,96,92.0,0.1514,0.4674,0.0493,0.007,0.0951,0.338,,漂移/混合
NP0011431,259,214.0,111,111.0,0.1682,0.3243,0.0864,0.0734,0.1402,0.429,,漂移/混合
NP0011436,266,252.0,229,210.0,0.8056,0.9667,0.8016,0.812,0.8056,0.861,,少跑但没跑偏
NP0011437,169,156.0,228,211.0,0.9872,0.7299,0.9872,0.9882,0.9872,1.349,,照做型
NP0011469,161,161.0,283,259.0,0.8261,0.5135,0.6087,0.4907,0.6646,1.758,,漂移/混合
NP0011478,154,154.0,87,81.0,0.3052,0.5802,0.2662,0.2597,0.2857,0.565,,漂移/混合
NP0011525,187,172.0,301,216.0,0.8256,0.6574,0.8256,0.8396,0.8256,1.61,,漂移/混合
NP0011547,126,107.0,227,116.0,0.8785,0.8103,0.8224,0.754,0.8411,1.802,,漂移/混合
NP0011578,21,21.0,255,182.0,1.0,0.1154,1.0,1.0,1.0,12.143,,照做型
NP0011681,156,155.0,106,98.0,0.1806,0.2857,0.0516,0.0385,0.1161,0.679,,漂移/混合
NP0011736,115,104.0,72,69.0,0.25,0.3768,0.1364,0.1304,0.1827,0.626,,漂移/混合
NP0011803,132,132.0,50,46.0,0.1515,0.4348,0.0682,0.0227,0.0833,0.379,,漂移/混合
NP0011810,119,119.0,41,40.0,0.1513,0.45,0.1176,0.1176,0.1261,0.345,,漂移/混合
NP0011816,131,108.0,177,117.0,0.8241,0.7607,0.8417,0.855,0.8241,1.351,,漂移/混合
NP0011874,61,61.0,63,60.0,0.623,0.6333,0.623,0.623,0.623,1.033,,漂移/混合
NP0011994,24,24.0,35,35.0,0.75,0.5143,0.75,0.75,0.75,1.458,,漂移/混合
NP0011998,72,72.0,105,101.0,0.9861,0.703,0.9861,0.9861,0.9861,1.458,,照做型
NP0012033,12,12.0,17,17.0,0.25,0.1765,0.25,0.25,0.25,1.417,,漂移/混合
NP8800017,228,214.0,240,216.0,0.9346,0.9259,0.9252,0.9298,0.9299,1.053,,照做型
NP8800018,250,230.0,249,224.0,0.913,0.9375,0.9043,0.9,0.9087,0.996,,照做型
NP8800045,121,119.0,279,237.0,0.9496,0.4768,0.9496,0.9504,0.9496,2.306,,照做型
NP8800052,153,141.0,248,217.0,0.9645,0.6267,0.9645,0.9673,0.9645,1.621,,照做型
NP8800054,231,206.0,262,226.0,1.0,0.9115,1.0,1.0,1.0,1.134,,照做型
NP8800075,183,162.0,229,165.0,0.7901,0.7758,0.7407,0.765,0.7778,1.251,,漂移/混合
NP8800079,214,196.0,267,227.0,0.9184,0.793,0.9184,0.9252,0.9184,1.248,,照做型
NP8800110,259,246.0,165,147.0,0.4472,0.7483,0.3496,0.3166,0.3862,0.637,,漂移/混合
NP8800114,223,208.0,177,170.0,0.7067,0.8647,0.649,0.6143,0.6971,0.794,,漂移/混合
NP8800119,231,216.0,265,242.0,0.8935,0.7975,0.8935,0.8961,0.8935,1.147,,漂移/混合
NP8800166,63,63.0,289,232.0,0.9365,0.2543,0.9365,0.9365,0.9365,4.587,,照做型
NP8800190,56,56.0,229,191.0,0.9643,0.2827,0.9286,0.9107,0.9643,4.089,,照做型
NP8800197,252,219.0,214,212.0,0.6667,0.6887,0.3755,0.2937,0.4521,0.849,,漂移/混合
NP8800212,202,185.0,354,244.0,0.7676,0.582,0.6324,0.599,0.6486,1.752,,漂移/混合
NP8800236,147,124.0,183,151.0,0.6774,0.5563,0.3287,0.2721,0.4355,1.245,,漂移/混合
NP8800246,239,212.0,281,240.0,0.9906,0.875,0.9871,0.9874,0.9906,1.176,,照做型
NP8800253,182,162.0,219,181.0,0.5,0.4475,0.0741,0.0275,0.2654,1.203,,漂移/混合
NP8800254,45,45.0,256,212.0,0.8,0.1698,0.6889,0.6,0.6,5.689,,漂移/混合
NP8800295,234,234.0,252,228.0,0.765,0.7851,0.765,0.7607,0.765,1.077,,漂移/混合
NP8800323,60,60.0,160,159.0,0.5333,0.2013,0.4667,0.4667,0.5333,2.667,,漂移/混合
NP8800351,246,213.0,213,175.0,0.7934,0.9657,0.7833,0.7886,0.7934,0.866,,少跑但没跑偏
NP8800357,169,149.0,207,185.0,0.8993,0.7243,0.8993,0.9053,0.8993,1.225,,漂移/混合
NP8800371,194,180.0,191,175.0,0.4056,0.4171,0.0333,0.0103,0.1944,0.985,,漂移/混合
NP8800391,81,78.0,72,69.0,0.8846,1.0,0.8846,0.8889,0.8846,0.889,,少跑但没跑偏
NP8800398,60,59.0,220,185.0,0.0678,0.0216,0.0339,0.0,0.0508,3.667,,漂移/混合
NP8800409,250,225.0,273,239.0,0.7778,0.7322,0.7111,0.68,0.7111,1.092,,漂移/混合
NP8800414,60,60.0,248,247.0,0.8833,0.2146,0.8667,0.8667,0.8833,4.133,,漂移/混合
NP8800415,24,24.0,155,139.0,0.2083,0.036,0.1667,0.1667,0.1667,6.458,,漂移/混合
NP8800420,76,67.0,250,246.0,0.4478,0.122,0.3768,0.3421,0.4179,3.289,,漂移/混合
NP8800426,248,241.0,117,116.0,0.4149,0.8621,0.3927,0.379,0.4066,0.472,,漂移/混合
NP8800445,233,233.0,254,238.0,0.5923,0.5798,0.3605,0.3348,0.4378,1.09,,漂移/混合
NP8800446,194,174.0,264,228.0,0.9828,0.75,0.9828,0.9845,0.9828,1.361,,照做型
NP8800449,229,217.0,194,180.0,0.7327,0.8833,0.7143,0.7162,0.7097,0.847,,漂移/混合
NP8800460,129,119.0,267,226.0,1.0,0.5265,1.0,1.0,1.0,2.07,,照做型
NP8800465,274,266.0,194,189.0,0.6353,0.8942,0.5639,0.5438,0.6203,0.708,,漂移/混合
NP8800476,233,207.0,239,210.0,1.0,0.9857,1.0,1.0,1.0,1.026,,照做型
NP8800477,7,7.0,268,241.0,1.0,0.029,1.0,1.0,1.0,38.286,,照做型
NP8800480,180,142.0,201,172.0,0.9014,0.7442,0.8457,0.7889,0.8944,1.117,,照做型
NP8800481,240,189.0,306,246.0,0.9206,0.7073,0.9206,0.8792,0.9101,1.275,,照做型
NP8800491,251,227.0,240,221.0,0.8767,0.9005,0.8767,0.8606,0.8722,0.956,,少跑但没跑偏
NP8800493,236,236.0,312,300.0,0.7203,0.5667,0.6271,0.6102,0.6992,1.322,,漂移/混合
NP8800497,158,153.0,256,227.0,0.9673,0.652,0.9682,0.9684,0.9673,1.62,,照做型
NP8800502,238,233.0,300,292.0,0.6009,0.4795,0.1519,0.0504,0.2918,1.261,,漂移/混合
NP8800525,249,234.0,268,229.0,0.8504,0.869,0.7942,0.7711,0.7906,1.076,,漂移/混合
NP8800534,63,63.0,168,161.0,0.9841,0.3851,0.9841,0.9841,0.9841,2.667,,照做型
NP8800550,18,17.0,267,218.0,0.8235,0.0642,0.8235,0.8333,0.8235,14.833,,漂移/混合
NP8800557,39,38.0,310,252.0,0.8421,0.127,0.8462,0.8462,0.8421,7.949,,漂移/混合
NP8800567,210,190.0,179,165.0,0.8421,0.9697,0.8421,0.8095,0.8316,0.852,,少跑但没跑偏
NP8800580,19,19.0,260,235.0,0.8421,0.0681,0.8421,0.8421,0.8421,13.684,,漂移/混合
NP8800589,137,137.0,100,98.0,0.4161,0.5816,0.2482,0.1533,0.2555,0.73,,漂移/混合
NP8800592,261,202.0,298,231.0,0.7178,0.6277,0.5,0.3985,0.5396,1.142,,漂移/混合
NP8800607,13,13.0,274,253.0,1.0,0.0514,1.0,1.0,1.0,21.077,,照做型
NP8800609,224,206.0,216,192.0,0.7427,0.7969,0.733,0.6964,0.7379,0.964,,漂移/混合
NP8800613,203,203.0,66,65.0,0.3005,0.9385,0.2217,0.2167,0.2709,0.325,,少跑但没跑偏
NP8800630,225,193.0,249,194.0,0.6528,0.6495,0.1036,0.0267,0.4093,1.107,,漂移/混合
NP8800632,24,24.0,172,152.0,1.0,0.1579,1.0,1.0,1.0,7.167,,照做型
NP8800638,252,252.0,35,31.0,0.1151,0.9355,0.0913,0.0873,0.1071,0.139,,少跑但没跑偏
NP8800645,40,39.0,172,150.0,1.0,0.26,1.0,1.0,1.0,4.3,,照做型
NP8800649,28,28.0,279,259.0,0.9643,0.1042,0.9643,0.9643,0.9643,9.964,,照做型
NP8800651,258,230.0,260,232.0,0.9609,0.9526,0.9609,0.9651,0.9609,1.008,,照做型
NP8800664,273,256.0,332,231.0,0.7148,0.7922,0.6914,0.6813,0.6992,1.216,,漂移/混合
NP8800679,269,261.0,263,253.0,0.8506,0.8775,0.847,0.8476,0.8506,0.978,,漂移/混合
NP8800682,219,199.0,227,199.0,0.8794,0.8794,0.8794,0.8721,0.8643,1.037,,漂移/混合
NP8800686,188,158.0,232,220.0,0.6266,0.45,0.1139,0.016,0.2532,1.234,,漂移/混合
NP8800691,271,243.0,267,235.0,0.9218,0.9532,0.9218,0.9299,0.9218,0.985,,照做型
NP8800694,166,145.0,236,205.0,0.8621,0.6098,0.8675,0.8795,0.8621,1.422,,漂移/混合
NP8800696,255,228.0,319,265.0,0.9342,0.8038,0.9254,0.9294,0.9298,1.251,,照做型
NP8800706,55,55.0,100,95.0,0.4909,0.2842,0.1636,0.0909,0.2,1.818,,漂移/混合
NP8800711,23,23.0,41,37.0,0.2609,0.1622,0.0,0.0,0.1739,1.783,,漂移/混合
NP8800715,223,223.0,229,213.0,0.9372,0.9812,0.9372,0.9372,0.9372,1.027,,照做型
NP8800722,80,72.0,213,180.0,0.6667,0.2667,0.5556,0.5,0.5694,2.663,,漂移/混合
NP8800736,16,16.0,289,287.0,0.75,0.0418,0.3125,0.3125,0.75,18.062,,漂移/混合
NP8800744,66,66.0,245,229.0,1.0,0.2882,1.0,1.0,1.0,3.712,,照做型
NP8800760,211,208.0,127,126.0,0.3558,0.5873,0.2038,0.1943,0.2548,0.602,,漂移/混合
NP8800763,34,34.0,291,240.0,1.0,0.1417,1.0,1.0,1.0,8.559,,照做型
NP8800765,36,36.0,177,151.0,0.9722,0.2318,0.9722,0.9722,0.9722,4.917,,照做型
NP8800768,241,240.0,55,45.0,0.1417,0.7556,0.1333,0.1286,0.1333,0.228,,漂移/混合
NP8800784,233,207.0,246,217.0,0.9758,0.9309,0.9758,0.9742,0.9758,1.056,,照做型
NP8800795,70,70.0,305,275.0,0.9143,0.2327,0.9143,0.9143,0.9143,4.357,,照做型
NP8800805,250,242.0,176,159.0,0.4752,0.7233,0.2851,0.248,0.3678,0.704,,漂移/混合
NP8800811,180,165.0,215,190.0,0.9515,0.8263,0.9455,0.9444,0.9394,1.194,,照做型
NP8800813,220,209.0,201,178.0,0.8086,0.9494,0.8086,0.8,0.8038,0.914,,少跑但没跑偏
NP8800848,245,203.0,260,185.0,0.5911,0.6486,0.5714,0.498,0.5567,1.061,,漂移/混合
NP8800856,79,70.0,239,191.0,1.0,0.3665,1.0,1.0,1.0,3.025,,照做型
NP8800857,235,219.0,224,206.0,0.9406,1.0,0.9412,0.9447,0.9406,0.953,,照做型
NP8800871,12,12.0,325,294.0,1.0,0.0408,1.0,1.0,1.0,27.083,,照做型
NP8800873,63,63.0,276,248.0,0.6667,0.1694,0.2222,0.2222,0.381,4.381,,漂移/混合
NP8800882,254,230.0,266,239.0,0.9783,0.9414,0.9783,0.9764,0.9783,1.047,,照做型
NP8800893,219,188.0,205,187.0,0.6915,0.6952,0.6809,0.6301,0.6755,0.936,,漂移/混合
NP8800900,83,78.0,285,224.0,0.8846,0.308,0.8861,0.8916,0.8846,3.434,,漂移/混合
NP8800902,247,234.0,244,223.0,0.9231,0.9686,0.9231,0.9271,0.9231,0.988,,照做型
NP8800903,225,225.0,217,196.0,0.7644,0.8776,0.7422,0.7333,0.7556,0.964,,漂移/混合
NP8800909,261,238.0,356,277.0,0.7269,0.6245,0.2437,0.1762,0.458,1.364,,漂移/混合
NP8800922,20,20.0,262,232.0,0.75,0.0647,0.75,0.75,0.75,13.1,,漂移/混合
NP8800931,21,19.0,295,219.0,1.0,0.0868,1.0,1.0,1.0,14.048,,照做型
NP8800935,219,202.0,257,231.0,0.9158,0.8009,0.9158,0.9224,0.9158,1.174,,照做型
NP8800937,246,227.0,136,134.0,0.4449,0.7537,0.3568,0.3008,0.4009,0.553,,漂移/混合
NP8800956,56,56.0,227,163.0,0.8036,0.2761,0.6429,0.625,0.6429,4.054,,漂移/混合
NP8800963,252,246.0,131,131.0,0.4675,0.8779,0.4675,0.4563,0.4593,0.52,,漂移/混合
NP8800966,263,235.0,228,204.0,0.8511,0.9804,0.8468,0.8365,0.8383,0.867,,少跑但没跑偏
NP8800969,203,193.0,227,195.0,0.8808,0.8718,0.8808,0.8867,0.8808,1.118,,漂移/混合
NP8800973,216,190.0,211,199.0,0.6737,0.6432,0.5842,0.5231,0.6368,0.977,,漂移/混合
NP8800975,191,179.0,150,140.0,0.5475,0.7,0.4974,0.4921,0.5251,0.785,,漂移/混合
NP8800980,255,234.0,261,238.0,0.9786,0.9622,0.9786,0.9804,0.9786,1.024,,照做型
NP8800981,203,203.0,143,137.0,0.4926,0.7299,0.2808,0.2414,0.3842,0.704,,漂移/混合
NP8800984,24,24.0,153,150.0,0.25,0.04,0.25,0.25,0.25,6.375,,漂移/混合
NP8800985,245,225.0,95,88.0,0.1556,0.3977,0.0178,0.0163,0.0889,0.388,,漂移/混合
NP8800993,244,210.0,246,217.0,0.9333,0.9032,0.887,0.8893,0.9095,1.008,,照做型
NP8800997,145,135.0,279,209.0,0.763,0.4928,0.6593,0.6276,0.6444,1.924,,漂移/混合
NP8801006,95,95.0,268,235.0,1.0,0.4043,1.0,1.0,1.0,2.821,,照做型
NP8801015,114,90.0,52,47.0,0.3778,0.7234,0.2818,0.2719,0.3222,0.456,,漂移/混合
NP8801016,48,48.0,180,149.0,0.9583,0.3087,0.6042,0.6042,0.8333,3.75,,地块同步·星期偏移
NP8801023,202,202.0,225,213.0,0.8218,0.7793,0.8119,0.8119,0.8218,1.114,,漂移/混合
NP8801025,231,207.0,90,77.0,0.1691,0.4545,0.0386,0.026,0.1208,0.39,,漂移/混合
NP8801028,225,225.0,177,170.0,0.3867,0.5118,0.1111,0.0978,0.2444,0.787,,漂移/混合
NP8801031,269,242.0,250,228.0,0.7521,0.7982,0.624,0.5799,0.6901,0.929,,漂移/混合
NP8801037,136,134.0,237,234.0,0.8881,0.5085,0.8382,0.8382,0.8731,1.743,,漂移/混合
NP8801040,182,182.0,175,164.0,0.7527,0.8354,0.6374,0.6264,0.7033,0.962,,漂移/混合
NP8801042,206,195.0,239,208.0,0.7333,0.6875,0.6821,0.6553,0.6974,1.16,,漂移/混合
NP8801045,245,236.0,61,60.0,0.1314,0.5167,0.0508,0.049,0.0847,0.249,,漂移/混合
NP8801046,232,210.0,293,241.0,0.9476,0.8257,0.9238,0.9181,0.9429,1.263,,照做型
NP8801048,207,188.0,235,218.0,0.734,0.633,0.5319,0.4444,0.5319,1.135,,漂移/混合
NP8801061,256,252.0,199,192.0,0.7222,0.9479,0.7143,0.707,0.7103,0.777,,少跑但没跑偏
NP8801062,184,177.0,237,199.0,0.9266,0.8241,0.9266,0.9293,0.9266,1.288,,照做型
NP8801063,47,47.0,301,232.0,1.0,0.2026,1.0,1.0,1.0,6.404,,照做型
NP8801065,254,231.0,256,229.0,0.9827,0.9913,0.9827,0.9843,0.9827,1.008,,照做型
NP8801066,279,259.0,181,168.0,0.6409,0.9881,0.6332,0.6165,0.6332,0.649,,少跑但没跑偏
NP8801067,154,153.0,234,210.0,1.0,0.7286,1.0,1.0,1.0,1.519,,照做型
NP8801078,70,70.0,281,224.0,0.5286,0.1652,0.2714,0.2143,0.3714,4.014,,漂移/混合
NP8801079,215,215.0,158,144.0,0.2419,0.3611,0.0977,0.0605,0.1256,0.735,,漂移/混合
NP8801080,261,253.0,174,169.0,0.6206,0.929,0.5968,0.5824,0.6008,0.667,,少跑但没跑偏
NP8801083,208,171.0,221,194.0,0.7778,0.6856,0.7076,0.5721,0.7251,1.062,,漂移/混合
NP8801085,150,149.0,294,271.0,0.8725,0.4797,0.8733,0.8733,0.8725,1.96,,漂移/混合
NP8801099,287,265.0,199,173.0,0.6302,0.9653,0.6151,0.6237,0.6189,0.693,,少跑但没跑偏
NP8801101,207,207.0,251,211.0,0.7536,0.7393,0.6087,0.599,0.6618,1.213,,漂移/混合
NP8801102,12,12.0,266,258.0,1.0,0.0465,1.0,1.0,1.0,22.167,,照做型
NP8801114,150,143.0,251,197.0,0.8182,0.5939,0.8112,0.8133,0.8112,1.673,,漂移/混合
NP8801117,165,155.0,213,203.0,0.7355,0.5616,0.7097,0.6727,0.729,1.291,,漂移/混合
NP8801128,35,34.0,190,189.0,0.8529,0.1534,0.8286,0.8286,0.8235,5.429,,漂移/混合
NP8801129,155,145.0,182,162.0,0.5862,0.5247,0.4145,0.3548,0.4345,1.174,,漂移/混合
NP8801130,229,203.0,234,208.0,0.5369,0.524,0.44,0.4323,0.4975,1.022,,漂移/混合
NP9900738,270,238.0,143,135.0,0.3151,0.5556,0.1176,0.0852,0.1891,0.53,,漂移/混合
NP9900847,264,221.0,179,175.0,0.4977,0.6286,0.3394,0.25,0.4163,0.678,,漂移/混合
NP9900886,152,131.0,233,175.0,1.0,0.7486,1.0,1.0,1.0,1.533,,照做型
NP9900957,240,200.0,244,199.0,0.875,0.8794,0.875,0.8625,0.875,1.017,,漂移/混合
NP9901052,78,78.0,152,147.0,0.6282,0.3333,0.4487,0.4231,0.4487,1.949,,漂移/混合
NP9901079,251,221.0,207,186.0,0.8009,0.9516,0.7625,0.757,0.8009,0.825,,少跑但没跑偏
NP9902255,254,232.0,279,252.0,0.9526,0.877,0.9526,0.9567,0.9526,1.098,,照做型
NP9902323,237,207.0,303,237.0,0.7778,0.6793,0.3623,0.1688,0.4493,1.278,,漂移/混合
NP9902466,250,242.0,239,231.0,0.9504,0.9957,0.9504,0.952,0.9504,0.956,,照做型
NP9902501,190,190.0,148,144.0,0.5579,0.7361,0.4526,0.4158,0.5053,0.779,,漂移/混合
NP9902504,241,200.0,182,172.0,0.785,0.9128,0.765,0.6515,0.715,0.755,,少跑但没跑偏
NP9902535,233,204.0,267,222.0,0.5294,0.4865,0.2108,0.1588,0.3627,1.146,,漂移/混合
NP9902541,201,201.0,130,124.0,0.5473,0.8871,0.5025,0.5025,0.5473,0.647,,漂移/混合
NP9902598,3,3.0,49,48.0,1.0,0.0625,1.0,1.0,1.0,16.333,,照做型
NP9902616,111,111.0,209,192.0,1.0,0.5781,1.0,1.0,1.0,1.883,,照做型
NP9902639,247,230.0,147,144.0,0.5043,0.8056,0.0783,0.0283,0.2913,0.595,,漂移/混合
NP9902676,236,217.0,220,195.0,0.8065,0.8974,0.7336,0.6398,0.7143,0.932,,漂移/混合
NP9902730,202,190.0,254,226.0,0.8895,0.7478,0.8796,0.8713,0.8842,1.257,,漂移/混合
NP9902802,207,168.0,218,205.0,0.6012,0.4927,0.4724,0.4638,0.5417,1.053,,漂移/混合
NP9902842,113,85.0,199,159.0,0.8471,0.4528,0.5701,0.531,0.7176,1.761,,漂移/混合
NP9902843,246,201.0,177,161.0,0.6866,0.8571,0.5473,0.4675,0.6318,0.72,,漂移/混合
NP9902851,261,242.0,265,238.0,0.9504,0.9664,0.9298,0.9349,0.9504,1.015,,照做型
NP9902885,221,186.0,255,206.0,0.7151,0.6456,0.6075,0.5113,0.5914,1.154,,漂移/混合
NP9902897,145,133.0,197,170.0,0.6165,0.4824,0.2632,0.0759,0.3684,1.359,,漂移/混合
NP9902925,254,248.0,243,230.0,0.8831,0.9522,0.879,0.8819,0.879,0.957,,少跑但没跑偏
NP9902930,229,211.0,209,195.0,0.7204,0.7795,0.6872,0.6507,0.7014,0.913,,漂移/混合
NP9902950,60,60.0,158,150.0,0.2,0.08,0.1167,0.1167,0.15,2.633,,漂移/混合
NP9902951,231,213.0,230,215.0,0.9343,0.9256,0.9014,0.8831,0.9249,0.996,,照做型
NP9902957,221,219.0,204,198.0,0.6256,0.6919,0.3575,0.3032,0.4703,0.923,,漂移/混合
NP9902999,252,227.0,234,209.0,0.8414,0.9139,0.837,0.8452,0.8326,0.929,,少跑但没跑偏
NP9903011,263,234.0,202,183.0,0.6966,0.8907,0.6923,0.654,0.6795,0.768,,漂移/混合
NP9903059,232,213.0,247,223.0,0.9577,0.9148,0.9577,0.9612,0.9577,1.065,,照做型
NP9903076,252,229.0,276,249.0,1.0,0.9197,1.0,1.0,1.0,1.095,,照做型
NP9903091,4,4.0,244,216.0,1.0,0.0185,1.0,1.0,1.0,61.0,,照做型
NP9903119,224,203.0,163,147.0,0.5813,0.8027,0.5074,0.5089,0.5369,0.728,,漂移/混合
NP9903125,188,180.0,233,209.0,1.0,0.8612,1.0,1.0,1.0,1.239,,照做型
NP9903128,217,203.0,267,250.0,0.9606,0.78,0.9606,0.9631,0.9606,1.23,,照做型
NP9903144,225,191.0,217,182.0,0.6492,0.6813,0.5429,0.5156,0.6387,0.964,,漂移/混合
NP9903168,219,195.0,204,176.0,0.8051,0.892,0.7795,0.7671,0.7795,0.932,,漂移/混合
NP9903170,255,210.0,341,295.0,0.6762,0.4814,0.4476,0.3529,0.5429,1.337,,漂移/混合
NP9903172,233,224.0,249,230.0,0.9688,0.9435,0.9604,0.9614,0.9643,1.069,,照做型
NP9903205,84,84.0,287,250.0,1.0,0.336,1.0,1.0,1.0,3.417,,照做型
NP9903257,38,38.0,287,267.0,0.9737,0.1386,0.9737,0.9737,0.9737,7.553,,照做型
NP9903262,252,232.0,145,131.0,0.5603,0.9924,0.5603,0.5516,0.5603,0.575,,少跑但没跑偏
NP9903265,163,150.0,194,174.0,0.9733,0.8391,0.9733,0.9755,0.9733,1.19,,照做型
NP9903298,48,48.0,66,61.0,0.0208,0.0164,0.0,0.0,0.0,1.375,,漂移/混合
NP9903310,126,117.0,248,212.0,0.9658,0.533,0.9487,0.9127,0.9658,1.968,,照做型
NP9903312,249,211.0,220,172.0,0.5592,0.686,0.4692,0.4217,0.4929,0.884,,漂移/混合
NP9903330,247,231.0,255,226.0,0.9091,0.9292,0.9091,0.915,0.9091,1.032,,照做型
NP9903363,232,209.0,247,220.0,0.9952,0.9455,0.9952,0.9957,0.9952,1.065,,照做型
NP9903397,97,84.0,233,221.0,0.4167,0.1584,0.0417,0.0103,0.1429,2.402,,漂移/混合
NP9903405,256,222.0,306,259.0,0.7387,0.6332,0.6441,0.5742,0.6577,1.195,,漂移/混合
NP9903408,39,39.0,274,228.0,1.0,0.1711,1.0,1.0,1.0,7.026,,照做型
NP9903439,176,176.0,82,69.0,0.25,0.6377,0.0852,0.0,0.1364,0.466,,漂移/混合
NP9903456,256,244.0,179,165.0,0.5205,0.7697,0.3484,0.3125,0.3852,0.699,,漂移/混合
NP9903457,258,237.0,229,214.0,0.8354,0.9252,0.8186,0.7674,0.789,0.888,,少跑但没跑偏
NP9903466,118,109.0,232,213.0,0.844,0.4319,0.8349,0.8475,0.844,1.966,,漂移/混合
NP9903471,235,192.0,247,181.0,0.7031,0.7459,0.6615,0.6553,0.651,1.051,,漂移/混合
NP9903482,266,246.0,254,231.0,0.9065,0.9654,0.9065,0.9023,0.9024,0.955,,照做型
NP9903501,245,217.0,256,235.0,0.6452,0.5957,0.2627,0.1388,0.4101,1.045,,漂移/混合
NP9903518,193,169.0,223,151.0,0.6331,0.7086,0.5976,0.5492,0.5976,1.155,,漂移/混合
NP9903523,44,44.0,140,130.0,0.4773,0.1615,0.3636,0.2955,0.3409,3.182,,漂移/混合
NP9903526,228,220.0,264,245.0,0.8773,0.7878,0.8773,0.8816,0.8773,1.158,,漂移/混合
NP9903528,124,115.0,223,190.0,1.0,0.6053,1.0,1.0,1.0,1.798,,照做型
NP9903531,279,255.0,233,214.0,0.8392,1.0,0.8392,0.8351,0.8392,0.835,,少跑但没跑偏
NP9903543,102,86.0,214,208.0,0.4767,0.1971,0.0714,0.0098,0.2558,2.098,,漂移/混合
NP9903544,191,187.0,276,249.0,0.9679,0.7269,0.9679,0.9686,0.9679,1.445,,照做型
NP9903548,212,202.0,338,296.0,0.995,0.6791,0.995,0.9953,0.995,1.594,,照做型
NP9903549,41,40.0,261,236.0,0.625,0.1059,0.55,0.561,0.55,6.366,,漂移/混合
NP9903555,259,252.0,178,177.0,0.3413,0.4859,0.2222,0.1969,0.2778,0.687,,漂移/混合
NP9903569,231,215.0,180,176.0,0.7907,0.9659,0.7907,0.7532,0.7674,0.779,,少跑但没跑偏
NP9903584,224,208.0,238,214.0,0.9231,0.8972,0.9183,0.9241,0.9231,1.062,,照做型
NP9903585,269,248.0,387,290.0,0.8508,0.7276,0.8306,0.8178,0.8387,1.439,,漂移/混合
NP9903602,233,211.0,259,228.0,0.9858,0.9123,0.9858,0.9871,0.9858,1.112,,照做型
NP9903604,35,35.0,304,229.0,0.9714,0.1485,0.9714,0.9714,0.9714,8.686,,照做型
NP9903607,246,220.0,238,209.0,0.8409,0.8852,0.8272,0.8293,0.8364,0.967,,漂移/混合
NP9903613,130,122.0,241,227.0,0.3361,0.1806,0.0462,0.0308,0.1885,1.854,,漂移/混合
NP9903614,77,76.0,277,239.0,0.9868,0.3138,0.987,0.987,0.9868,3.597,,照做型
NP9903617,211,190.0,267,217.0,0.9895,0.8664,0.9895,0.9905,0.9895,1.265,,照做型
NP9903619,252,233.0,219,188.0,0.6652,0.8245,0.6652,0.6786,0.6567,0.869,,漂移/混合
NP9903624,62,61.0,238,222.0,1.0,0.2748,1.0,1.0,1.0,3.839,,照做型
NP9903627,8,6.0,188,169.0,1.0,0.0355,1.0,1.0,1.0,23.5,,照做型
NP9903644,224,207.0,254,234.0,0.9952,0.8803,0.9952,0.9955,0.9952,1.134,,照做型
NP9903655,212,186.0,282,221.0,0.957,0.8054,0.9594,0.9623,0.957,1.33,,照做型
NP9903656,256,231.0,212,204.0,0.5238,0.5931,0.1905,0.082,0.2597,0.828,,漂移/混合
NP9903659,193,178.0,254,216.0,0.9663,0.7963,0.9663,0.9689,0.9663,1.316,,照做型
NP9903667,125,116.0,257,200.0,0.4224,0.245,0.0776,0.016,0.25,2.056,,漂移/混合
NP9903671,265,243.0,284,274.0,0.7037,0.6241,0.5885,0.5245,0.6379,1.072,,漂移/混合
NP9903676,227,208.0,243,206.0,0.9183,0.9272,0.854,0.8458,0.9087,1.07,,照做型
NP9903677,102,97.0,265,243.0,0.8969,0.358,0.8969,0.902,0.8969,2.598,,漂移/混合
NP9903678,198,197.0,241,216.0,1.0,0.912,1.0,1.0,1.0,1.217,,照做型
NP9903679,75,69.0,223,198.0,1.0,0.3485,1.0,1.0,1.0,2.973,,照做型
NP9903685,263,243.0,308,266.0,0.6255,0.5714,0.5802,0.5741,0.5885,1.171,,漂移/混合
NP9903688,208,192.0,249,225.0,0.9583,0.8178,0.9479,0.9519,0.9583,1.197,,照做型
NP9903693,63,59.0,284,241.0,0.661,0.1618,0.4921,0.4921,0.5593,4.508,,漂移/混合
NP9903694,252,222.0,117,99.0,0.2838,0.6364,0.1892,0.1627,0.2297,0.464,,漂移/混合
NP9903695,234,211.0,252,218.0,0.9668,0.9358,0.9668,0.9701,0.9668,1.077,,照做型
NP9903703,255,234.0,263,230.0,0.9444,0.9609,0.9444,0.949,0.9444,1.031,,照做型
NP9903706,247,229.0,271,239.0,0.917,0.8787,0.917,0.9231,0.917,1.097,,照做型
NP9903708,140,128.0,248,188.0,0.875,0.5957,0.875,0.8857,0.875,1.771,,漂移/混合
NP9903712,245,227.0,189,180.0,0.7533,0.95,0.7093,0.6776,0.7269,0.771,,少跑但没跑偏
NP9903713,277,257.0,257,233.0,0.8988,0.9914,0.8988,0.9025,0.8988,0.928,,少跑但没跑偏
NP9903715,259,237.0,276,239.0,0.9578,0.9498,0.9578,0.9614,0.9578,1.066,,照做型
NP9903716,27,27.0,255,228.0,0.8519,0.1009,0.8519,0.8519,0.8519,9.444,,漂移/混合
NP9903719,72,72.0,279,250.0,0.8472,0.244,0.8472,0.8472,0.8472,3.875,,漂移/混合
NP9903722,226,202.0,235,208.0,0.9703,0.9423,0.9703,0.9735,0.9703,1.04,,照做型
NP9903730,268,246.0,264,234.0,0.8659,0.9103,0.8659,0.8694,0.8659,0.985,,少跑但没跑偏
NP9903735,44,44.0,252,231.0,0.9773,0.1861,0.9773,0.9773,0.9773,5.727,,照做型
NP9903739,215,183.0,241,191.0,0.9016,0.8639,0.8398,0.8326,0.8798,1.121,,照做型
NP9903741,186,183.0,180,177.0,0.9672,1.0,0.9672,0.9677,0.9672,0.968,,照做型
NP9903744,276,270.0,256,250.0,0.863,0.932,0.8566,0.8587,0.863,0.928,,少跑但没跑偏
NP9903750,254,232.0,280,252.0,0.9871,0.9087,0.9871,0.9882,0.9871,1.102,,照做型
NP9903755,218,196.0,238,197.0,0.8061,0.802,0.7908,0.8073,0.7908,1.092,,漂移/混合
NP9903756,196,171.0,241,212.0,0.3509,0.283,0.1196,0.0612,0.2281,1.23,,漂移/混合
NP9903760,224,209.0,276,236.0,0.9474,0.839,0.9378,0.942,0.9474,1.232,,照做型
NP9903764,243,218.0,245,216.0,0.9587,0.9676,0.9587,0.963,0.9587,1.008,,照做型
NP9903770,184,166.0,413,340.0,0.9759,0.4765,0.9213,0.9185,0.9639,2.245,,照做型
NP9903771,125,122.0,211,187.0,0.959,0.6257,0.959,0.96,0.959,1.688,,照做型
NP9903772,76,70.0,494,362.0,0.9,0.174,0.5775,0.4868,0.7429,6.5,,地块同步·星期偏移
NP9903774,11,11.0,277,237.0,1.0,0.0464,1.0,1.0,1.0,25.182,,照做型
NP9903775,154,145.0,225,189.0,0.8414,0.6455,0.7241,0.7078,0.8069,1.461,,漂移/混合
NP9903776,216,181.0,243,191.0,1.0,0.9476,0.9458,0.9491,1.0,1.125,,照做型
NP9903777,239,215.0,306,239.0,1.0,0.8996,1.0,1.0,1.0,1.28,,照做型
NP9903780,5,5.0,22,22.0,0.6,0.1364,0.6,0.6,0.6,4.4,,漂移/混合
NP9903781,255,238.0,249,231.0,0.958,0.987,0.958,0.9608,0.958,0.976,,照做型
NP9903783,191,174.0,237,214.0,0.9943,0.8084,0.9943,0.9948,0.9943,1.241,,照做型
NP9903787,138,135.0,42,42.0,0.3111,1.0,0.3111,0.3043,0.3111,0.304,,少跑但没跑偏
np0008812,3,3.0,3,3.0,1.0,1.0,1.0,1.0,1.0,1.0,,照做型
np9903059,1,1.0,1,1.0,1.0,1.0,1.0,1.0,1.0,1.0,,照做型
